role,title,company,location,stipend,duration,skills_required,description,ppo,source
data-analyst,sales & operations,sofa clinic,Bangalore,"₹ 12,000 - 15,000 /month",2 Months,"client relationship management (crm), financial analysis, adaptability, self-learning, google sheets","as a sales & operations intern at sofa clinic, you will play a crucial role in driving revenue growth and operational efficiency. your knowledge of google sheets, financial analysis, and client relationship management will be put to the test in this fast-paced and dynamic environment. your ability to self-learn and adapt quickly will be key to your success in this role.



1. analyzing sales data and trends to identify growth opportunities
2. creating financial reports and forecasts to support decision-making
3. managing client relationships and ensuring high levels of customer satisfaction
4. assisting with day-to-day operational tasks to streamline processes
5. participating in sales meetings and strategy sessions to contribute ideas and insights
6. collaborating with cross-functional teams to drive projects to completion
7. taking on new challenges and responsibilities as they arise to support the team's goals and objectives",No PPO Mentioned,Internshala
data-analyst,immigration consultant,spearhead immigration solutions private limited,Delhi,"₹ 5,000 - 6,000 /month",3 Months,effective communication,"1. assist in reviewing client profiles, collecting documents, and maintaining accurate application records.
2. support the immigration team with eligibility assessments, visa documentation, and case follow-ups.
3. communicate with prospective clients through calls, emails, and linkedin to provide basic information and schedule consultations.",No PPO Mentioned,Internshala
data-analyst,client servicing,creuto cloud private limited,Bhubaneswar,"₹ 6,000 - 10,000 /month",3 Months,"ms-office, ms-excel, english proficiency (spoken), google workspace","• reach out to new and existing clients via calls, emails, and messages
• build strong rapport with clients and understand their needs and expectations
• assist in onboarding new clients and guide them through creuto's products or services
• follow up regularly to ensure client satisfaction and resolve any queries
• maintain accurate and up-to-date records of client interactions and follow-ups
• coordinate with internal teams to ensure timely resolution of client issues
• support the team in preparing client presentations, proposals, and reports
• track engagement metrics and share regular feedback and insights with the team
•  meet daily, weekly, and monthly outreach and conversion targets

2.
3.",No PPO Mentioned,Internshala
data-analyst,data analytics,talent trackers hr private limited,Pune,"₹ 5,000 /month",3 Months,"python, mongodb, ms-excel","1. learning development in python and running scripts in python, shell, php, etc. to structure & organize data
2. learning mongo db, mysql, etc. to perform different query operations
3. getting trained on web scraping/data mining code development
4.working on automation testing, executing queries to convert data into meaningful information
5. working on data files & analyzing results in ms-excel
6. running validation script in r, tableau, and python for manual or automation testing
7. capturing, analyzing & processing data related to the assignments
8. learning linux as a system admin to set up servers

requirements:

1. immediate joiners only
2. prefer if you have done a data science course

working hours- 10:00 am to 7:00 pm, monday to friday (2nd/4th saturdays off)

location- warje, pune",No PPO Mentioned,Internshala
data-analyst,gis mapping/gis executive,vertucore it solutions,Hyderabad,"₹ 6,000 - 10,000 /month","₹ 6,000 - 10,000 /month","typing, computer vision, map study, effective communication","1. create high-quality maps, reports, and visualizations
2. perform gis data digitization, editing, validation, and quality control activities
3. manage geospatial datasets, ensuring data accuracy and consistency",No PPO Mentioned,Internshala
data-analyst,data science,growthpal,Pune,"₹ 15,000 /month",3 Months,"python, data analytics, data engineering","work on data collection, scraping, cleaning, and analysis projects.
design classification and decision-making frameworks for real-world business problems.
explore patterns in structured and unstructured datasets.
build prototypes and experiments using python and modern data science tools.
communicate findings, assumptions, and limitations clearly.",No PPO Mentioned,Internshala
data-analyst,customer service/customer support,complete cooling solutions llp,Mohali,"₹ 5,000 /month",3 Months,"ms-office, ms-excel, english proficiency (spoken), english proficiency (written), hindi proficiency (spoken)","1. schedule daily service and complaint visit plans
2. manage service call mail drops
3. close service calls
4. close installation calls
5. close in-home service calls
6. raise commissioning ticket requests
7. order parts for samsung, mitsubishi, and hitachi
8. process return part requests
9. handle defective and wrong part request mails
10. call customers regarding service and complaints
11. prepare parts estimates for samsung, mitsubishi, and hitachi
12. generate amc proposals",No PPO Mentioned,Internshala
data-analyst,founders office,excess rewards,Gurgaon,"₹ 5,000 - 10,000 /month",2 Months,"instagram marketing, sales, marketing","excess ai is a fast-growing ai startup transforming how offline businesses understand and engage with their customers. we provide real-time customer intelligence that helps businesses deliver more personalized experiences, increase retention, and drive revenue.

we work across multiple industries, including:
retail
food & beverage
gyms & fitness centers
salons & spas

as we continue to grow, we're looking for ambitious interns who want hands-on experience in sales, business development, marketing, and the startup ecosystem.

why join us?
at excess ai, you'll be working directly with the founders and core team, not from the sidelines. we're a small, energetic team that values ownership, curiosity, and execution. every contribution has a visible impact on the business. if you're someone who wants to learn quickly, take responsibility, and experience the pace of a startup, you'll fit right in.

what you can expect:
1. direct exposure to startup growth and sales
2. opportunity to work across multiple business functions
3. mentorship from founders and experienced professionals
4. real responsibility from day 1
5. a collaborative, high-energy work environment
6. plenty of team outings, celebrations, and fun along the way

about the role
this is primarily a sales & business development internship with opportunities to gain exposure to marketing, content creation, and growth strategies.
you'll work closely with the team to identify potential customers, build relationships, and help drive business growth.


1. research and identify potential leads across our target industries
2. reach out to prospects through calls, emails, linkedin, and other channels
3. schedule meetings and product demonstrations for the sales team
4. maintain and update lead databases and crm records
5. support customer outreach and follow-up activities
6. collaborate with the marketing team to generate content ideas for instagram and linkedin
7. assist in executing marketing and growth initiatives
8. analyze market trends and competitor activity

who we're looking for:
1. strong communication and interpersonal skills
2. confident speaking with new people over phone calls and meetings
3. self-motivated and eager to learn
4. comfortable working in a fast-paced startup environment
5. interest in sales, business development, marketing, or entrepreneurship
6. prior internship experience is a plus, but not required

what you'll gain:
1. real-world sales and business development experience
2. understanding of how ai products are sold to businesses
3. exposure to startup operations and growth strategies
4. experience working with founders and decision-makers
5. skills in lead generation, prospecting, negotiation, and customer engagement
6. marketing and content creation experience (optional based on interest)
 
if you're ambitious, curious, and excited about building something meaningful, we'd love to hear from you. join excess ai and help shape the future of customer engagement for offline businesses.",Job offer upto ₹ 3.5LPA post internship,Internshala
data-analyst,project management,consultbae,Work from home,"₹ 5,000 - 8,000 /month",6 Months,"project management, english proficiency (spoken), data annotation","selected intern’s day-to-day responsibilities will include:

1. support ongoing project activities by coordinating task execution and ensuring all necessary resources and documents are properly organized.
2. manage communication with geographically dispersed contributors by sharing clear instructions, tracking task completion, and addressing day-to-day operational concerns.
3. review submitted work at a basic level to ensure it aligns with outlined requirements and report any inconsistencies to the concerned team.
4. track project schedules using internal tools, identify potential delays or workflow challenges, and notify relevant stakeholders when required.
5. collaborate with internal departments and external partners to maintain efficient coordination across various stages of project delivery.
6. update internal records and prepare brief progress summaries to capture key developments and performance indicators.
7. adhere to company guidelines on confidentiality, information security, and responsible management of project-related data.",No PPO Mentioned,Internshala
data-analyst,operations,alok mishra,Hyderabad,"₹ 16,500 - 25,000 /month","₹ 16,500 - 25,000 /month","english proficiency (spoken), hindi proficiency (spoken)","1. look out for social media operations
2. report to the founder regarding developments and operational inputs
3. need to visit home office at least 2 days a week",Job offer upto ₹ 3.5LPA post internship,Internshala
data-analyst,operations,proofile.in,Bangalore,"₹ 12,000 - 45,000 /month",3 Months,"leadership, team management, strategy, problem solving, english proficiency (spoken), english proficiency (written), effective communication","1. complete assigned tasks and projects within the given timelines.
2. attend daily/weekly team meetings and actively participate in discussions.
3. update work progress regularly and submit daily activity reports.
4. engage with the proofile platform by maintaining an updated profile and completing assigned activities.
5. take initiative in learning new skills, collaborating with team members, and contributing ideas to the team.
6. take ownership of assigned projects and ensure timely execution with minimal supervision.
7. work closely with the founders on strategic initiatives, research, operations, and growth activities.
8. participate in daily reviews, provide progress updates, and maintain accountability for deliverables.
9. demonstrate a proactive mindset by identifying opportunities, solving problems, and contributing new ideas.
10. represent the organization professionally while collaborating with partners, colleagues, communities, and stakeholders.",Job offer upto ₹ 5LPA post internship,Internshala
data-analyst,operations,bevysquare social private limited,Noida,"₹ 8,000 - 10,000 /month",3 Months,"creative thinking, operations, coordination, canva, marketing campaigns, product strategy, influencer marketing","about the role

we are looking for a growth & operations intern who can assist in day-to-day startup activities across product, marketing, creator campaigns, and business operations.

this role is perfect for someone who wants to learn how a fast-growing startup works and gain hands-on experience in multiple business areas.

what you’ll work on

assisting in product and app testing
helping with canva creatives and basic design tasks
supporting influencer marketing campaigns
researching trends, competitors, and ideas
assisting in outreach and operational activities
coordinating with team members on different tasks
helping in campaign and ad-related execution

requirements

good communication skills
basic canva/design understanding
interest in startups and digital marketing
willingness to learn and take ownership
creative and problem-solving mindset

what you’ll learn
influencer marketing and creator economy
product management and execution
performance marketing and ads
startup operations and growth strategies
ui/ux and product thinking
research and business coordination
real-world execution and multitasking

why join us
fast learning environment
real responsibilities and exposure
opportunity to work on live campaigns and products
learn multiple business functions together
work closely with an experienced startup team",No PPO Mentioned,Internshala
data-analyst,telecalling,konnect insights,Mumbai,"₹ 3,000 - 5,000 /month",2 Months,"ms-excel, english proficiency (spoken), google sheets","we are looking for enthusiastic and energetic telecaller interns to support our flagship events scheduled in mumbai and delhi. this is an excellent opportunity for students and fresh graduates to gain hands-on experience in customer engagement, event operations, and business communication.

event dates:

1. mumbai event – 3 september 2026.
2. delhi event – 10 september 2026.



1. reach out to prospective attendees through phone calls.
2. invite, engage, and follow up with event registrants.
3. confirm attendance and maintain participation records.
4. answer basic event-related queries.
5. update call outcomes and notes in spreadsheets or crm tools.
6. coordinate with internal teams to ensure smooth event execution.",No PPO Mentioned,Internshala
data-analyst,operations,dekhega india,Delhi,"₹ 5,000 - 10,000 /month",2 Months,"ms-office, operations, ms-excel, data entry, english proficiency (spoken), english proficiency (written)","are you passionate about business operations and process management? do you have strong organizational skills, a problem-solving mindset, and a willingness to learn? look no further! dekhega india is seeking an operations intern to join our dynamic team. as an intern, you will have the opportunity to work on exciting operational projects and gain valuable hands-on experience in streamlining processes and supporting business functions.



1. assist in managing day-to-day operational activities and ensuring smooth workflow across teams.
2. coordinate with internal departments to track tasks and support project execution.
3. monitor operational processes and identify opportunities for improvement and efficiency.
4. maintain accurate records, reports, and operational documentation.
5. support data collection, analysis, and preparation of performance reports.
6. collaborate with team members to resolve operational challenges and ensure timely completion of tasks.
7. stay updated on operational best practices and provide support for ad hoc projects and initiatives as needed.

if you are a motivated self-starter with a passion for operations and business management, we want to hear from you! join us at dekhega india and take the first step towards a rewarding career in operations. apply now!",Job offer upto ₹ 5LPA post internship,Internshala
data-analyst,founders office,brevity technologies private limited,"Faridabad, Delhi, Ghaziabad, Gurgaon, Greater Noida, Noida","₹ 3,500 - 10,000 /month","₹ 3,500 - 10,000 /month","presentation skills, problem solving, content marketing, canva, research and analytics, google suite (g suite), effective communication","1. working directly with the founder on strategy, business development, and ongoing company priorities
2. conducting market research, competitor analysis, and prospect list building for outreach campaigns
3. drafting and iterating on outreach messages, proposals, pitch decks, and client-facing documents
4. cold calling potential clients and partners, and following up on leads across the sales pipeline
5. coordinating across the team (bd, product, design) to ensure tasks move without bottlenecks
6. tracking action items, following up on open threads, and maintaining internal trackers/crm
7. supporting product thinking by writing user stories, prds, or feature briefs as needed
8. assisting with hiring tasks, including screening profiles, coordinating interviews, and onboarding interns
9. assisting in content creation, social media execution, or community building initiatives
10. jumping into whatever the business needs most that week; this is a generalist, execution-first role",Job offer upto ₹ 4.2LPA post internship,Internshala
data-analyst,market research,yuma energy,"Delhi, Hyderabad, Mumbai, Bangalore","₹ 5,000 - 10,000 /month",1 Month,"english proficiency (spoken), research and analytics","this is a field market research role.

calling students across delhi, mumbai, hyderabad & bangalore!
looking to gain hands-on experience in market research, consumer insights, and business strategy?

yuma energy is looking for 16 enthusiastic students (4 from each city) to join a short-term consumer research project for 2 weeks.



1. conduct on-ground consumer interviews.
2. get survey questionnaires completed by relevant respondents.
3. gather qualitative and quantitative market insights.
4. compile findings and present structured inputs to the marketing team.

if you're a student based in delhi, mumbai, hyderabad, or bangalore and enjoy interacting with people, solving problems, and learning from industry leaders, this is a great opportunity.",No PPO Mentioned,Internshala
data-analyst,marketing automation associate,neobhi,Bangalore,"₹ 5,000 - 10,000 /month",6 Months,"social media marketing, google adwords, email marketing, content marketing, business development, effective communication, data analysis","1. planning, executing, and optimizing ai-powered marketing campaigns across social media, email, content, and paid advertising channels.
2. creating and managing marketing automation workflows using ai, no-code, and low-code tools to improve efficiency and lead generation.
3. monitoring campaign performance, analyzing data, preparing reports, and identifying opportunities to improve marketing outcomes and customer engagement.",No PPO Mentioned,Internshala
data-analyst,customer support executive (women candidates),highway delite,Mysuru,"₹ 10,000 /month",6 Months,"client interaction, cold calling, ms-excel, computer skills, data entry, effective communication, customer support","1. handle inbound and outbound calls with customers and agents.
2. assist customers with fastag activation and recharge-related queries.
3. resolve failed payment and transaction-related issues.
4. maintain customer records using microsoft excel and internal company systems.
5. coordinate with internal teams to ensure timely issue resolution.
6. update customer information and prepare basic reports.
7. follow up with customers and agents to ensure timely resolution of queries.
8. maintain accurate documentation and support day-to-day operational activities.",No PPO Mentioned,Internshala
data-analyst,program coordinator lead,proximity foundation,Work from home,Unpaid,6 Months,"leadership, team management, project management, interpersonal skills, report generation, conflict management","role focus: owns end-to-end session delivery operations, mentor welfare, and student progress tracking across all cohorts at the cci. this is the operational heart of the program keeping mentors supported, students on track, and sessions running smoothly.



1. own end-to-end session delivery operations across all active cohorts
2. manage mentor welfare, scheduling, and session assignments
3. oversee student progress tracking across multiple cohorts
4. onboard and support session mentors and backup pool
5. liaise with the operations manager on program updates and issues
6. ensure smooth operations at the cci throughout each cohort

what does a typical week look like?

you'll spend your week checking in with mentors ahead of sessions, reviewing any attendance or student concern flags, coordinating the schedule, and doing a quick debrief after sessions wrap. most of the work happens asynchronously with a couple of focused touchpoints each week.

why does this role matter?
you'll directly shape whether young people aged 12-16 get a quality coding education. as the operational lead, you're the person who makes the program actually happen, and you'll see that impact every cohort.",No PPO Mentioned,Internshala
data-analyst,student volunteer,marpu foundation,Hyderabad,Unpaid,1 Month,"team management, computer skills, coordination, teamwork, effective communication, community management, organizational development","1. support community outreach efforts by managing inquiries and coordination
2. assist in operational tasks to drive sustainable projects forward
3. collaborate on initiatives focused on environmental and social change, gaining exposure to real-world ngo operations
4. facilitate volunteer-driven events and content creation",No PPO Mentioned,Internshala
data-analyst,operations,sembark tech private limited,Jaipur,"₹ 8,000 /month",6 Months,"ms-excel, effective communication, data preparation, google sheets","1. accurately enter, update, and maintain data in spreadsheets.
2. perform regular data validation to ensure accuracy and completeness.
3. identify and resolve data discrepancies.
4. organize and manage data records systematically.
5. collaborate with internal teams to gather required information.
6. assist in generating reports and data summaries.
7. adhere to sops and support routine data quality audits.

requirements:

1. basic proficiency in excel/google sheets.
2. good typing speed with high accuracy.
3. strong attention to detail.
4. fundamental understanding of data handling.
5. effective communication and coordination skills.
6. ability to perform repetitive tasks with consistency and reliability.",Job offer upto ₹ 3LPA post internship,Internshala
data-analyst,program management,"national e-governance division (negd), meity","Delhi, Noida","₹ 15,000 /month",3 Months,"project management, time management, critical thinking, analytical thinking, artificial intelligence, effective communication, data analysis","selected candidate's day to day responsibilities include:

1) engaging in policy drafting, project documentation, and operational monitoring.
2) planning content creation and communication strategies to promote digital india initiatives.
3) assisting with public sector training frameworks, skill alignment, and stakeholder coordination.
4) dealing with the management side of large governance infrastructures.
5) evaluating project proposals and policy analysis.",No PPO Mentioned,Internshala
data-analyst,data entry,arun pillai,"Kollam, Kottarakkara","₹ 6,500 - 1,20,000 /month",6 Months,"ms-office, ms-excel, english proficiency (spoken)","1.send messages to contacts
2.create little posters
3. data entry",No PPO Mentioned,Internshala
data-analyst,hospitality - hostel operations,the bunker hostels,"Manali, Bir, Kareri Khas","₹ 20,500 - 28,000 /month",4 Months,"time management, operations, computer skills, english proficiency (spoken), interpersonal skills, effective communication, self-learning","are you passionate about travel and looking to gain hands-on experience in hostel operations? look no further! join amadnomad adventures private limited (the bunker hostels) as a hostel operations intern and dive into the exciting world of hospitality management. as an intern, you will have the opportunity to work closely with the operations team, train on industry-standard software programs, analyze data, and streamline processes. your effective communication skills will be put to the test as you interact with all guests, ensuring a seamless experience for all. additionally, your creativity will shine through as you assist with content generation.



1. assist in managing daily hostel operations, including guest check-ins and check-outs, and cafe operations.
2. learning and using our property management (pms) and cafe management (pos) software to manage all operations.
3. communicating effectively with guests to address any issues or concerns.
4. driving hostel experiences, culture, and community.
5. creating content like short videos, pictures, etc, for stories and reels.
6. participating in staff training sessions to enhance your knowledge of hostel management.
7. taking on additional tasks and projects as needed to support the overall success of the hostel.

note - compensation includes a stay and food component of rs 15000/- as inclusive in the stipend.",Job offer upto ₹ 6LPA post internship,Internshala
data-analyst,founders office,triver integrated services private limited,Bangalore,"₹ 15,000 - 25,000 /month",6 Months,"ms-office, client relationship management (crm), english proficiency (spoken), english proficiency (written)","as a founder's office intern at triver integrated services private limited, you will have the opportunity to gain valuable experience in various aspects of business operations while working closely with our team of experienced professionals. your role will involve utilizing your skills in ms office, english proficiency (spoken & written), and client relationship management (crm) to assist in the day-to-day activities of the company.



1. support the directors in their day-to-day functions
2. assist in running the business review meetings
3. support in the recruitment of new staff
4. coordinate the digital marketing efforts of the company
5. set up and manage the crm system
6. help in setting up the processes for the organization
7. coordinate with different departments to ensure smooth communication and operations.
8. learn and adapt to different roles within the organization to gain a holistic understanding of business operations. 

if you are a proactive, detail-oriented individual looking to kickstart your career in management, this internship opportunity is perfect for you! join us at triver integrated services private limited and be a part of a dynamic and growing team.",No PPO Mentioned,Internshala
data-analyst,assistant,jp it staffing llc,Greater Noida,"₹ 4,000 - 7,000 /month","₹ 4,000 - 7,000 /month",english proficiency (spoken),"looking for a dynamic and motivated assistant onsite greater noida intern with english proficiency (spoken) to join our team at jp it staffing llc. as an intern, you will have the opportunity to work closely with our onsite team in greater noida and gain valuable hands-on experience in the it staffing industry. 



1. assist the on-site team with daily administrative tasks and support them in various projects
2. communicate with clients and candidates in english to coordinate interviews and placements
3. update and maintain database records accurately and efficiently
4. help in the screening and shortlisting of candidates for different job positions
5. participate in team meetings and contribute ideas for process improvement
6. assist in organizing and attending job fairs and recruitment events
7. learn about the recruitment process and develop essential skills for a successful career in hr and staffing.

if you are a proactive individual with excellent communication skills and a passion for the it industry, we want to hear from you! join us and kickstart your career in recruitment with jp it staffing llc. apply now!",No PPO Mentioned,Internshala
data-analyst,client relationship manager,fusion beauty,Delhi,"₹ 10,000 - 15,000 /month",2 Months,"client interaction, client relationship management (crm), client relationship, english proficiency (spoken), customer acquisition","1. make introduction calls to the existing customers of our next year's trade shows
2. mail the clients the proposals/quotations along with the tradeshow details
3. conduct follow-ups with the clients on the rebooking of the booth in our next year's exhibitions
4. assist the clients with the stall locations and floor plans
5. send customized emails to the clients as per the telephonic discussions
6. negotiate the prices on the standard prices & push the clients to finalize
7. offer the value-added proposal & discount to finalize the deal
8. conduct aggressive follow-ups with the clients for the finalization of the proposal
9. mail the entire finalized proposal to the client along with the proforma invoice
10. provide after-service to the clients by way of their brand promotion",Job offer upto ₹ 5LPA post internship,Internshala
data-analyst,training coordinator,mind appraisers,Hyderabad,"₹ 8,000 - 10,000 /month","₹ 8,000 - 10,000 /month","social media marketing, content writing, ms-powerpoint, operations, ms-excel, coordination, canva","as a training coordinator intern at mind appraisers, you will have the opportunity to gain hands-on experience in the field of operations and talent development. you will work closely with our team to coordinate training sessions, develop training materials using canva and ms-powerpoint, and assist in content writing for various programs. your excellent interpersonal skills will be crucial as you liaise with trainers and participants to ensure smooth logistics management and effective communication.



1. assist in the coordination of training sessions and workshops
2. develop visually appealing training materials using canva and ms-powerpoint
3. support in content writing and editing for training programs
4. manage logistics for training events, including scheduling and venue coordination
5. conduct interview coordination for potential trainers and participants
6. utilize social media marketing to promote training programs and engage with participants
7. collaborate with team members to ensure the overall success of training initiatives
8. troubleshoot any operational, technical, or coordination-related challenges during sessions
9. collect and document feedback from sessions and share key insights for improvement
10. maintain accurate records of attendance, participant queries, and resolutions

if you are a proactive and detail-oriented individual with a passion for learning and development, this internship opportunity is perfect for you. join us at mind appraisers and take your skills to the next level!",No PPO Mentioned,Internshala
data-analyst,business development & client relations,across the globe (atg),Work from home,"₹ 2,600 - 12,500 /month",6 Months,"negotiation, strategy, client relationship management (crm), business research, client relationship","we are looking for motivated and detail-oriented business development & client relations interns to join our growing team at across the globe (atg). selected interns will work directly with leadership and cross-functional teams across our business verticals- gaining hands-on exposure to sectors including saas, ai, hrtech, edtech, and technology consulting. this is a high-impact role where you will contribute to real client interactions, market research, and operational initiatives from day one. interns who demonstrate strong performance may be considered for strategic projects, enterprise-level discussions, and domestic or international expansion activities.



1. engage with clients to understand their needs and document actionable business insights
2. conduct market mapping and competitor research to support strategic decision-making
3. identify operational gaps and assist in developing practical, data-backed solutions
4. support lead generation, prospect outreach, and client relationship nurturing activities
5. prepare structured reports, performance summaries, and professional presentations
6. coordinate with internal teams to track project execution and ensure workflow alignment
7. participate in strategy meetings and communicate research findings to stakeholders
8. monitor industry trends, customer behavior patterns, and emerging market opportunities
9. contribute to process improvement initiatives to enhance operational efficiency
10. maintain organized documentation and records across all ongoing business activities",Job offer upto ₹ 7LPA post internship,Internshala
data-analyst,admissions operation,newton school,Hyderabad,"₹ 15,000 - 20,000 /month",3 Months,"time management, operations, coordination, effective communication","we are seeking an enthusiastic and people-oriented 'admissions operation intern' to assist the admissions team at newton school of technology. this is a great opportunity for those looking to gain hands-on experience in student operations, event coordination, and admissions processes.



1. organize and conduct campus tours for prospective students and parents.
2. make follow-up calls to students who miss sessions or important events.
3. track and monitor attendance for scheduled sessions, webinars, and workshops.
4. maintain accurate records of attendance, visitor logs, and communications.
5. collaborate with the central team to ensure smooth execution of tours and events.
6. support the admissions team with operational and administrative tasks as needed.",No PPO Mentioned,Internshala
data-analyst,data analytics,cancer herbalist,Bangalore,"₹ 5,000 /month","₹ 5,000 /month","python, sql, data analytics, ms-excel, data science, power bi, tableau","as a data analytics intern at our cancer herbalist company, you will have the opportunity to apply your skills in python, sql, ms-excel, tableau, data analytics, data science, and power bi to make a meaningful impact in the fight against cancer. you will work closely with our team of experts to analyze and visualize data, identify trends, and develop insights that will drive decision-making and optimize our operations.

1. collaborate with team members to gather and analyze data related to cancer research and herbal treatments.
2. develop and maintain databases to store and organize large datasets for easy access and analysis.
3. create dashboards and reports using tableau and power bi to present findings and insights to stakeholders.
4. assist in developing predictive models and algorithms to improve the effectiveness of our herbal treatments.
5. conduct quality assurance tests to ensure data accuracy and integrity.
6. stay up-to-date on the latest trends and technologies in data analytics and apply them to our projects.
7. present findings and recommendations to the team and contribute to strategic decision-making processes. 

join us in our mission to revolutionize cancer treatment through data-driven insights and innovative herbal solutions. apply now and be part of our dynamic and dedicated team!",No PPO Mentioned,Internshala
data-analyst,hr operations,bnm business solutions llp,"Thane, Navi Mumbai, Kalyan, Vashi, Mumbai, Panvel","₹ 7,500 /month",3 Months,"social media marketing, coordination, employment engagement, onboarding","1. manage end-to-end onboarding activities and coordinate with selected candidates for joining formalities and documentation.
2. maintain employee records, hr trackers, and assist with hrms-related activities.
3. coordinate interview schedules, campus drives, and recruitment operations.
4. handle induction, orientation, and employee engagement activities.
5. manage the company's social media pages and create content for hiring, events, and employer branding.
6. prepare hr communications, and other employee-related documents.
7. provide administrative and operational support while ensuring smooth day-to-day hr functioning",No PPO Mentioned,Internshala
data-analyst,data science,vidyavya solutions private limited,Pune,"₹ 10,000 - 20,000 /month",6 Months,"python, sql, data analytics, machine learning, data science","1. work on live industry projects under the guidance of experienced professionals.
2. contribute to real client & internal projects
3. gain practical experience through daily business operations",No PPO Mentioned,Internshala
data-analyst,operations,sargam ventures private limited,Guwahati,"₹ 6,000 - 7,000 /month",3 Months,"ms-office, ms-word, ms-powerpoint, ms-excel, english proficiency (spoken), english proficiency (written), assamese proficiency (spoken)","as an operations intern at sargam ventures private limited, you will have the opportunity to gain hands-on experience in a dynamic and fast-paced environment. you will be responsible for supporting the day-to-day operations of the company and assisting with various projects.



1. assist with general administrative tasks such as data entry, filing, and organizing documents.
2. utilize ms-office suite to create and edit documents, presentations, and spreadsheets.
3. communicate effectively with team members and external stakeholders.
4. assist in coordinating schedules and meetings.
5. conduct research and analysis to support decision-making processes.
6. collaborate with team members to streamline operational processes and improve efficiency.
7. demonstrate strong english proficiency in both spoken and written communication.

if you are a self-motivated individual with strong organizational skills and a willingness to learn, then this internship is the perfect opportunity for you to kickstart your career in operations management. apply now and be a part of our innovative team at sargam ventures private limited!",Job offer upto ₹ 3.2LPA post internship,Internshala
data-analyst,ground operations,cityflo,Hyderabad,"₹ 10,000 - 15,000 /month",6 Months,"operations, coordination","1. monitor and coordinate daily route operations
2. track trips and ensure smooth execution of services
3. coordinate with captains/drivers and relevant stakeholders
4. handle operational escalations and provide timely resolutions
5. support on-ground operations to maintain service quality",Job offer upto ₹ 3LPA post internship,Internshala
data-analyst,business analytics,wipro,Bangalore,Not provided,3 Months,"leadership, time management, critical thinking, problem solving, business analysis, teamwork, market research","1. collaborating with global teams and senior leaders on internal initiatives aligned to our strategic partners.

2. undertaking initiatives that offer practical experience and exposure to the wipro organization.

3. identifying business requirements, translating them into an actionable plan, and producing high-quality work.

4. participating actively in key meetings with partner leaders and cross-functional stakeholders.

5. engaging and networking with senior leaders who provide focused mentorship and leadership coaching.

6. demonstrating leadership qualities, self-confidence, and a proactive attitude while working collaboratively in a team environment.",No PPO Mentioned,Internshala
data-analyst,"video editing, content creation, social media",design culture,Raipur,"₹ 3,000 - 5,000 /month","₹ 3,000 - 5,000 /month","content writing, video editing, adobe premiere pro, videography, storytelling, capcut, visual storytelling","selected intern's day-to-day responsibilites include:

1. shoot short-form videos (reels) at showroom, sites, and product setups.
2. edit high-quality reels with proper cuts, transitions, music, and basic color correction.
3. understand content requirements and convert them into engaging visual stories.
4. stay updated with current instagram trends and apply them where relevant.
5. ensure all content maintains a clean, premium, and detail-oriented presentation.",No PPO Mentioned,Internshala
data-analyst,product marketing,emversity,Bangalore,"₹ 15,000 /month",3 Months,"digital marketing, market analysis, ms-excel, content marketing, english proficiency (spoken), google sheets","campaign execution
1- help execute marketing campaigns across channels
2- write campaign copies, whatsapp messages, and student-facing communication
3- support campaign launches and ensure campaigns go live smoothly across
platforms
marketing operations
1- assist in setting up journeys, or campaign workflows across marketing tools
2- support day-to-day campaign coordination and execution
3- help maintain campaign documentation and timelines
analytics & reporting
1- maintain campaign trackers and marketing dashboards
2- analyze campaign performance and funnel metrics
3- prepare reports and insights using excel or google sheets
strategy support
1- use campaign data to identify patterns and insights
2- support the team with research and inputs for improving campaigns
3- assist in evaluating what worked, what didn’t, and what ca",No PPO Mentioned,Internshala
data-analyst,hr consultant,neuralbits technologies private limited,Mumbai,"₹ 8,000 - 10,000 /month",3 Months,"operations, interpersonal skills, effective communication, negotiations","1. assist in posting job openings on job portals and social media platforms.
2. screen resumes, shortlist candidates, and coordinate interview schedules with hiring managers.
3. maintain candidate databases, recruitment trackers, and other hiring records.
4. support the onboarding process by preparing offer letters, joining kits, and collecting required documents from new hires.
5. maintain employee records, attendance, leave data, and other hr documentation.
6. assist with day-to-day hr administrative tasks and prepare hr reports, trackers, and mis sheets.
7. support employee engagement initiatives, internal communications, and feedback collection activities.
8. assist in communicating hr policies, maintaining compliance-related documentation, and ensuring the confidentiality of employee information.",No PPO Mentioned,Internshala
data-analyst,e-commerce operations,flashify,Work from home,"₹ 7,500 - 10,000 /month",3 Months,"e-commerce, computer skills, logistics management","about flashify

flashify is a fast-growing e-commerce platform specializing in 100% original unboxed and open-box electronics, offering customers premium products at exceptional value. as we scale, we are looking for an operations intern to support our logistics, fulfillment, and customer experience functions.|

role overview
the operations intern will play a key role in ensuring smooth day-to-day order fulfillment, shipment management, and last-mile delivery operations. the ideal candidate is detail-oriented, proactive, and comfortable coordinating with logistics partners, customers, and internal teams.

key responsibilities
shipment & fulfillment operations
manage daily order processing and shipment dispatches.
coordinate with warehouse and shipping teams to ensure timely order fulfillment.
monitor shipment status and proactively resolve delivery-related issues.
prioritize urgent and high-value shipments to ensure sla compliance.
maintain shipment records, tracking updates, and delivery confirmations.
hyperlocal delivery management
arrange same-day and express deliveries through platforms such as rapido, porter, and other logistics partners.
coordinate pickup and drop schedules for customer deliveries and supplier collections.
optimize delivery routes and partner selection to reduce costs and improve delivery speed.
handle escalations related to hyperlocal deliveries and ensure successful completion.

logistics coordination
liaise with courier partners for pickups, rtos (return to origin), lost shipments, and delivery exceptions.
track logistics performance and identify areas for operational improvement.
assist in vendor onboarding and management of logistics partners.
coordinate inter-city and intra-city shipments as required.

inventory & warehouse support
assist in inventory reconciliation and stock movement tracking.
ensure accurate product labeling, packaging, and shipment documentation.
support inbound stock receiving and quality verification processes.
monitor inventory discrepancies and coordinate resolutions.

customer experience support
communicate shipment updates to customers.
resolve customer queries related to order status, delivery timelines, and shipment issues.
assist in handling returns, replacements, and reverse logistics processes.
ensure a seamless post-purchase customer experience.
process improvement & reporting
prepare daily operational reports and shipment dashboards.
track fulfillment kpis such as dispatch timelines, delivery success rates, and shipping costs.
identify bottlenecks and recommend process improvements.
support automation and sop creation for recurring operational tasks.
assist leadership with ad-hoc operational projects and business initiatives.
desired skills & qualifications
strong organizational and coordination skills.
excellent communication and problem-solving abilities.
comfortable working with google sheets, excel, and logistics platforms.
ability to multitask in a fast-paced startup environment.
detail-oriented with a strong sense of ownership.
prior internship or experience in operations, logistics, e-commerce, or supply chain is a plus.

what you'll learn
end-to-end e-commerce operations management.
logistics and supply chain execution.
hyperlocal delivery and last-mile fulfillment.
inventory and warehouse operations.
startup execution, problem-solving, and process optimization.

ideal candidate
graduate or pursuing graduation.
passionate about operations, logistics, and e-commerce.
comfortable taking ownership and working independently.
willing to work in a high-growth startup environment where every task has a direct business impact.",No PPO Mentioned,Internshala
business-analyst,business development (sales),welcade,Work from home,"₹ 2,500 - 5,000 /month",3 Months,"english proficiency (spoken), hindi proficiency (spoken), sales","1. connecting 50 clients through crm software
2. reporting to team leader on daily basis at 4-5pm
3. recording calls and online meetings with clients and complete sales process",Job offer upto ₹ 2.5LPA post internship,Internshala
business-analyst,social media marketing,startup0km private limited,Work from home,"₹ 5,000 - 15,000 /month",3 Months,linkedin marketing,"are you a social media-savvy individual with a passion for marketing? if so, we have the perfect opportunity for you! join us at startup0km private limited as a social media marketing intern specializing in linkedin marketing.



1. create and curate engaging content for our linkedin page to increase brand visibility and drive traffic to our website.
2. develop and implement a social media strategy to grow our linkedin following and engage with our target audience.
3. monitor and analyze the performance of our linkedin campaigns to identify areas for improvement and optimize our marketing efforts.
4. collaborate with our marketing team to align social media activities with overall marketing objectives and brand messaging.
5. stay up-to-date with the latest trends and best practices in social media marketing, particularly on linkedin, to ensure our strategies are cutting-edge.
6. assist in managing our social media calendar and scheduling posts to maintain a consistent online presence.
7. provide support in various marketing initiatives and projects as needed to help achieve our company goals.

if you're ready to gain hands-on experience in social media marketing and make a real impact on a growing startup, apply now to join our dynamic team!",No PPO Mentioned,Internshala
business-analyst,sales and marketing,rashi gold llp,Kalbadevi,"₹ 10,000 - 15,000 /month",6 Months,computer skills,"visit bullion dealers, jewelers, and traders
demonstrate goldjar's white-label bullion app
generate leads and schedule meetings
collect client requirements
follow up with prospects
assist in marketing campaigns
maintain daily sales reports
help convert leads into paying customers",No PPO Mentioned,Internshala
business-analyst,content writing,e-studypal,Work from home,"₹ 18,000 lump sum",6 Weeks,"digital marketing, search engine optimization (seo), creative writing, proofreading, content marketing, english proficiency (spoken), english proficiency (written)","as a content intern at a saas platform, you will have the opportunity to utilize your knowledge of seo, content writing, editing, and proofreading to help drive our online presence and engagement. your key responsibilities will include:

1. conducting keyword research and implementing seo strategies to improve our website's visibility
2. editing and proofreading website content, blog posts, and social media posts to ensure accuracy and quality
3. developing and implementing a content brief to attract and retain our target audience
4. analyzing reddit and forums to track topics and make data-driven decisions

if you're passionate about seo and content marketing, this internship offers hands-on experience at a growing company. apply now to join our dynamic team!",No PPO Mentioned,Internshala
business-analyst,business development (sales),ashwneeta private limited,Work from home,"₹ 7,000 - 40,000 /month",6 Months,"lead generation, business development, sales, customer acquisition","selected intern's day-to-day responsibilities

lead generation & prospecting
identify, engage, and connect with prospective students who may benefit from nugget's services. generate qualified leads through linkedin, instagram, whatsapp, telegram, referrals, student communities, and other outreach channels. maintain lead databases and ensure consistent follow-ups with prospective clients.

sales & client acquisition
understand student requirements, present relevant services, and assist in converting leads into paying customers. conduct follow-ups, handle initial client interactions, and support the management team in achieving revenue and conversion targets.

community building & student outreach
build and nurture student communities across schools, colleges, universities, and online platforms. engage with student leaders, societies, clubs, and campus representatives to increase awareness about nugget and its offerings while developing long-term relationships within student ecosystems.

institutional outreach & partnerships
reach out to schools, colleges, universities, placement cells, career counsellors, and educational organizations to explore collaboration opportunities. support the development of institutional relationships that can contribute to long-term growth and partnership opportunities.

career bootcamp expansion
assist in identifying and approaching institutions that may be interested in hosting nugget's upcoming career bootcamps. help build a pipeline of schools, colleges, and universities for future workshops, seminars, career-readiness programs, and student engagement initiatives.

growth & channel development
identify new customer acquisition channels, referral opportunities, and partnership avenues that can help generate leads and revenue. contribute ideas and initiatives that improve outreach effectiveness and support the company's growth objectives.

market research & business intelligence
conduct research on competitors, industry trends, student needs, and emerging opportunities. provide insights and recommendations that can help improve sales strategies, service offerings, and overall business development efforts.

crm management & reporting
maintain accurate records of leads, conversations, partnerships, and follow-ups. update tracking sheets regularly, monitor progress, and provide reports to the management team to ensure smooth execution of business development activities.",No PPO Mentioned,Internshala
business-analyst,content and social media marketing,billie hawkins,Work from home,"₹ 6,000 - 20,000 /month",2 Months,"creative thinking, image editing, creative direction, generative ai tools","as a content and social media marketing intern at billie hawkins, you will have the exciting opportunity to showcase your skills in image editing, generative ai tools, creative thinking, and creative direction. your creativity will be key in helping us elevate our brand presence and engage with our audience in unique and innovative ways.



1. create visually appealing and engaging content for social media platforms
2. utilize generative ai tools to enhance and optimize content creation
3. assist in developing and implementing social media marketing strategies
4. collaborate with the marketing team to brainstorm and execute creative campaigns
5. monitor and analyze social media performance metrics to drive decision-making
6. stay up-to-date on industry trends and best practices in content and social media marketing
7. provide support in managing social media accounts and engaging with followers

if you are a passionate and driven individual with a strong eye for design and a knack for storytelling, we want to hear from you! join us at billie hawkins and be part of a dynamic team that values creativity and innovation.",No PPO Mentioned,Internshala
business-analyst,search engine optimization (seo),zain web tech,Work from home,"₹ 3,000 - 5,000 /month",6 Months,"social media marketing, google analytics, search engine marketing (sem), digital marketing, google adwords, search engine optimization (seo)","we are looking for a dynamic seo intern to join our team at zain web tech! if you are passionate about digital marketing and have a strong understanding of google analytics, sem, adwords, seo, and social media marketing, we want to hear from you. as an intern with us, you will have the opportunity to work on exciting projects and gain valuable hands-on experience in the fast-paced world of digital marketing. 

key responsibilities:
1. conduct keyword research and analysis to optimize website content
2. implement on-page and off-page seo strategies to improve search engine rankings
3. monitor and analyze website traffic and performance using google analytics
4. assist with the creation and optimization of google adwords campaigns
5. develop and implement social media marketing strategies to increase brand awareness
6. collaborate with the marketing team to support overall digital marketing initiatives
7. stay up-to-date on industry trends and best practices to continuously improve seo efforts. 

if you are a self-motivated individual with a passion for all things digital, apply now to kickstart your career in seo with zain web tech!",No PPO Mentioned,Internshala
business-analyst,content writing,digital notebook,Work from home,"₹ 8,000 - 10,000 /month",3 Months,"blogging, creative writing, english proficiency (written)","are you a creative wordsmith with a passion for storytelling? do you have a knack for capturing your audience's attention through engaging blog posts? if so, we have the perfect opportunity for you! join our team as a content writing intern at our digital notebook company and showcase your skills in creative writing and english proficiency. 

key responsibilities:
1. create compelling and original content for our blog, focusing on topics related to digital organization and productivity.
2. conduct research to gather information and insights for blog posts, ensuring accuracy and relevance.
3. collaborate with our marketing team to develop content strategies and optimize seo for increased visibility.
4. edit and proofread content to maintain high quality standards and adhere to brand voice and guidelines.
5. assist in managing and updating our content calendar to ensure timely publication of blog posts.
6. engage with our audience through comments and feedback on blog posts to foster a sense of community and interaction.
7. stay updated on industry trends and best practices in content writing to continuously improve your skills and contribute innovative ideas to our team. 

if you are a motivated and creative individual looking to gain hands-on experience in content writing and blogging, apply now to be part of our dynamic team!",No PPO Mentioned,Internshala
business-analyst,business development,altm new and renewable energy private limited,"Faridabad, Delhi, Gurgaon, Noida","₹ 10,000 - 15,000 /month",6 Months,"lead generation, stakeholder management","we are looking for enthusiastic, self-motivated, and analytical business development interns with a strong technical foundation in electrical engineering and management education. this internship offers hands-on exposure to business development, tendering, client engagement, market research, proposal preparation, and strategic growth initiatives within the infrastructure and renewable energy sector.



1. conduct market research to identify potential clients, projects, and business opportunities
2. track government and private sector tenders in renewable energy, electrical, and infrastructure sectors
3. assist in preparing eois, rfps, tender documents, and technical-commercial proposals
4. support client relationship management and business communications
5. prepare presentations, company profiles, capability statements, and marketing materials
6. coordinate with technical, finance, and management teams for proposal submissions
7. maintain databases of prospective clients, consultants, contractors, and opportunities
8. analyze competitors, market trends, and industry developments
9. assist in preparing reports, mis, and business development dashboards
10. participate in client meetings, exhibitions, conferences, and networking events
11. support management in strategic business initiatives and expansion activities",No PPO Mentioned,Internshala
business-analyst,fundraising analyst,mynachiketa,"Faridabad, Delhi, Ghaziabad, Gurgaon, Noida","₹ 15,000 - 20,000 /month",2 Months,"email marketing, ms-excel, research and analytics","we are looking for a curious, resourceful, and research-oriented individual who enjoys discovering opportunities, identifying the right people, and building meaningful connections. this role is ideal for someone who likes digging deep into information, mapping ecosystems, and finding potential supporters for a social cause. 



1. work with the founding team on fundraising strategy and plan.
2. research and make a list of potential donors, philanthropists, family offices, hnis, foundations, and csr opportunities.
3. assist in drafting fundraising emails, proposals, grant applications, and donor presentations.
4. support donor outreach through email and linkedin.
5. send letters & books to the prospective donors or csr foundations.
6. track fundraising activities and maintain accurate records.
7. be part of fundraising meetings and interface with hnis. 
8. prepare reports, impact summaries, and fundraising materials for prospective donors.",No PPO Mentioned,Internshala
business-analyst,digital marketing,onestop4wellness,Mumbai,"₹ 3,000 - 5,000 /month","₹ 3,000 - 5,000 /month","social media marketing, digital marketing, web development, google my business","1. create images and designs as per the content provided
2. post on social media pages, website and gmb profile
3. create hashtags
4. research on content
5. develop website
6. geo tagging on google my buisness profile",No PPO Mentioned,Internshala
business-analyst,field sales,star entertainment production,Delhi,"₹ 7,000 - 10,000 /month",6 Months,"team management, coordination, english proficiency (spoken), interpersonal skills, effective communication","1. calls and queries
2. reply to whatsapp messages
3. report of sales",No PPO Mentioned,Internshala
business-analyst,field sales,enrope solutions private limited,"Delhi, Ghaziabad, Greater Noida, Noida, Greater Noida West","₹ 6,000 /month","₹ 6,000 /month","hindi proficiency (spoken), sales, marketing, effective communication","about the internship


1. pitch the benefits of our application to commercial drivers
2. onboard the drivers on our application
3. guide drivers through the registration process, collect and verify necessary documentation (dl, aadhaar and pan), and ensure successful app activation.",No PPO Mentioned,Internshala
business-analyst,business development (sales),hirekarma private limited,Bhubaneswar,"₹ 5,000 - 7,000 /month",3 Months,"ms-excel, english proficiency (written)","are you a dynamic individual with a passion for sales and business development? hirekarma private limited is seeking a talented business development (sales) intern to join our team. as an intern, you will have the opportunity to work closely with our experienced sales team and gain hands-on experience in the world of business development. 

key responsibilities:
1. conduct market research to identify potential clients and new business opportunities.
2. assist in creating and implementing sales strategies to drive revenue growth.
3. build and maintain relationships with existing clients to ensure customer satisfaction.
4. prepare sales presentations and proposals using ms-excel.
5. collaborate with cross-functional teams to achieve sales targets and objectives.
6. monitor sales performance metrics and provide regular reports to management.
7. maintain a high level of english proficiency in all written communications with clients and colleagues.

if you are a motivated self-starter with excellent communication skills and a strong understanding of ms-excel, we want to hear from you! join us at hirekarma private limited and take the first step towards a successful career in sales and business development. apply now!",No PPO Mentioned,Internshala
business-analyst,digital marketing,sahoo ji fnb,"Bhadrak, Bhubaneswar, Cuttack, Puri, Rourkela, Sambalpur, Balasore, Jajpur","₹ 6,000 - 15,000 /month","₹ 6,000 - 15,000 /month","social media marketing, search engine marketing (sem), digital marketing, search engine optimization (seo), facebook marketing, creative writing, email marketing","1. manage and maintain all social media platforms (facebook, instagram, linkedin, youtube, etc.).
2. create, schedule, and publish engaging content including posts, graphics, reels, videos, and blogs.
3. plan, run, monitor, and optimize paid advertising campaigns on meta, google, youtube, and other platforms.
4. generate leads through digital marketing campaigns and support dealership/customer conversion efforts.
5. manage lead databases and coordinate with sales teams for follow-ups and conversions.
6. manage seo, website updates, and performance optimization.
7. execute email, whatsapp, and other digital marketing campaigns.
8. monitor campaign performance, prepare reports, and suggest improvements based on data.
9. conduct competitor research and identify new growth opportunities.
10. support branding, promotional campaigns, and overall digital marketing initiatives.",No PPO Mentioned,Internshala
business-analyst,business development (sales),italent india management consultants private limited,"Chennai, Delhi, Gurgaon, Indore, Pune, Surat, Hyderabad, Mumbai, Kochi, Jaipur, Nagpur, Bangalore, Bhubaneswar","₹ 10,000 - 25,000 lump sum",6 Weeks,"market analysis, network management, english proficiency (spoken), english proficiency (written), research and analytics, market research, effective communication","data collection
market analysis
export documentation
global compliance
market mapping
report preparation
report generation",Job offer upto ₹ 4LPA post internship,Internshala
business-analyst,digital marketing,astys audio video private limited,Pune,"₹ 5,000 - 8,000 /month",3 Months,"social media marketing, search engine marketing (sem), digital marketing, search engine optimization (seo), creative writing, english proficiency (spoken), instagram marketing","1. manage company social media accounts (instagram, linkedin, facebook & whatsapp).
2. create and post daily content, reels, stories, and updates.
3. design marketing creatives using canva.",No PPO Mentioned,Internshala
business-analyst,marketing,horvath consulting llp,Pune,"₹ 11,000 /month",6 Months,"ms-excel, effective communication","are you a dynamic and creative individual with a passion for marketing? horvath consulting llp is seeking a marketing intern to join our team! as a marketing intern, you will have the opportunity to work closely with our team of experts, gaining valuable hands-on experience in the world of marketing. 



1. assist in creating and implementing marketing strategies to promote our services
2. conduct market research and analyze trends to identify new opportunities
3. develop engaging content for social media platforms and website
4. support in organizing and executing marketing events and campaigns
5. collaborate with cross-functional teams to ensure alignment on marketing initiatives
6. utilize ms-excel to track and analyze marketing performance metrics
7. communicate effectively with team members and clients to ensure project success

if you are a proactive and motivated individual with excellent communication skills and proficiency in ms-excel, we want to hear from you! join us at horvath consulting llp and take the first step towards a successful career in marketing. apply now!",No PPO Mentioned,Internshala
business-analyst,influencer marketing,career-domain,Nagpur,"₹ 2,000 - 5,000 /month",6 Months,"video editing, final cut pro, video making","1. work closely with one of india's leading career-focused influencers on live influencer marketing campaigns.
2. reach out to influencers and content creators through whatsapp, social media platforms, and email.
3. assist with creator onboarding and maintain strong collaboration relationships.
4. coordinate campaign timelines, content calendars, approval workflows, and posting schedules.
5. track campaign deliverables, deadlines, and overall campaign performance.
6. support the execution and day-to-day management of influencer marketing initiatives.
7. collaborate with influencer, marketing, and growth teams to ensure smooth campaign delivery.
8. monitor industry trends and contribute to building successful brand–creator partnerships.",No PPO Mentioned,Internshala
business-analyst,sales,urban hungry media,Nagpur,"₹ 3,000 - 5,000 /month",6 Months,"negotiation, client relationship management (crm), lead generation, sales","are you a dynamic and ambitious individual looking to kickstart your career in sales? urban hungry media is seeking a sales intern who possesses strong interpersonal skills, effective communication, and a passion for client interaction. as a sales intern, you will have the opportunity to learn from experienced sales professionals and gain valuable hands-on experience in the fast-paced media industry.



1. assist in identifying and contacting potential clients through various channels
2. conduct research on industry trends and competitors to support sales efforts
3. participate in client meetings and presentations to showcase our services
4. collaborate with the sales team to develop and implement sales strategies
5. maintain accurate records of sales activities and client interactions
6. provide excellent customer service and support to ensure client satisfaction

if you are a motivated self-starter with a drive to succeed, this internship is the perfect opportunity for you to gain practical sales experience and make a real impact at urban hungry media. join our team and take the first step towards a successful sales career!",No PPO Mentioned,Internshala
business-analyst,subject matter expert (sme),kartavyam,Work from home,Unpaid,3 Months,"ms-office, ms-word, english proficiency (written), subject matter expert (sme)","the responsibilities of a subject matter expert (sme) intern may include, but are not limited to:

1.    contributing expertise to various social campaigns and research initiatives.
2.    supporting development and refinement of membership programs from a subject-focused perspective.
3.    designing and reviewing survey frameworks, reports, and implementation strategies.
4.    providing technical or thematic guidance for fundraising campaigns and their execution.
5.    analysing data and findings to inform program improvements.
6.    advising teams on best practices and evidence-based approaches.
7.    participating in planning meetings and campaign reviews.
8.    ensuring that programs follow ethical, legal, and social standards.
9.    preparing briefs, recommendations, or advisory notes.
10. supporting monitoring and evaluation processes for ongoing initiatives.

note: specific responsibilities may vary depending on the organisation’s focus areas and projects.",No PPO Mentioned,Internshala
business-analyst,business development (sales),the tech unique,"Delhi, Noida","₹ 9,000 - 15,000 /month",6 Months,"ms-excel, client relationship, english proficiency (spoken), sales, effective communication","1. connect with students through calls and whatsapp
2. explain courses and career programs
3. understand student requirements and guide them accordingly
4. handle follow-ups and maintain lead records
5. convert interested leads into enrolments",No PPO Mentioned,Internshala
business-analyst,digital marketing,systaweb solutions private limited,"Bhubaneswar, Delhi, Hyderabad, Mumbai, Bangalore","₹ 5,000 - 10,000 /month","₹ 5,000 - 10,000 /month","social media marketing, digital marketing, search engine optimization (seo), facebook marketing","1. manage all social media postings for clients
2. respond to clients regarding social media posting and account management",No PPO Mentioned,Internshala
business-analyst,business development (sales),astrotalk,Gurgaon,"₹ 16,000 - 20,000 /month",3 Months,interpersonal skills,"key responsibilities:

1. maintain relationships with potential clients through phone calls, emails, and networking events.
2. assist in developing and implementing sales strategies to drive revenue growth.
3. conduct market research to identify new business opportunities and industry trends.
4. collaborate with the team to create compelling sales materials and campaigns.",Job offer upto ₹ 5LPA post internship,Internshala
business-analyst,search engine optimization (seo),wave visas,Delhi,"₹ 4,000 - 8,000 /month",3 Months,"google analytics, digital marketing, search engine optimization (seo)","create digital marketing campaigns.
ensure consistency in the brand messaging.
work with the sales team to coordinate marketing campaigns.
prepare emails and newsletters to send to current customers.
launch promotional offers and events to attract new customers.
optimise the business website to increase online traffic.
follow best practices for social media marketing on different platforms.
conduct regular audits for social media and website marketing performance.
maintain and monitor online listings across various e-commerce platforms.
track marketing metrics and analyse digital data to measure marketing success.",No PPO Mentioned,Internshala
business-analyst,business development (sales),cellark powertech private limited,Bhubaneswar,"₹ 12,000 - 15,000 /month","₹ 12,000 - 15,000 /month","email marketing, ms-excel, english proficiency (spoken), english proficiency (written)","1. identify industry and application for graphite powder 
2. conduct market mapping and competitor analysis 
3. develop customer  database and reach-out plan
4. develop product data sheet and brochure",No PPO Mentioned,Internshala
business-analyst,business strategy,career-domain,Nagpur,"₹ 5,000 /month",6 Months,"ms-powerpoint, ms-excel, english proficiency (spoken), english proficiency (written)","selected intern's day-to-day responsibilites include:

1. research markets, trends, competitors, and customer behavior to spot new growth opportunities.
2. support the team in building business strategies and plans that actually get executed, not just theory.
3. create simple yet impactful excel trackers, dashboards, and powerpoint decks to share insights and ideas.
4. work closely with marketing, operations, and leadership teams to understand how real businesses run.
5. help track the performance of ongoing strategies and campaigns and suggest improvements.
6. support marketing and growth initiatives that improve customer engagement, leads, and brand visibility.
7. assist in client handling, including communication, follow-ups, understanding requirements, and coordination (with guidance).
8. share fresh ideas, insights, and creative suggestions that contribute to business growth.
9. use clear spoken and written english to communicate confidently with teams and clients.",No PPO Mentioned,Internshala
business-analyst,social media marketing,soniak organico greens llp,Work from home,"₹ 6,000 - 22,000 /month",6 Months,"social media marketing, facebook marketing, instagram marketing","1.publish and schedule content across instagram, facebook, youtube, tiktok, and other platforms. 

2.engage with followers through comments, messages, and live sessions. 

3.build and nurture an active online community around the brand. 
4.monitor content performance and recommend improvements.",No PPO Mentioned,Internshala
business-analyst,campus ambassador,talk drill,Work from home,Performance Based,2 Months,"social media marketing, leadership, team management, negotiation, public speaking","we are seeking ambitious, high-energy campus leaders to drive local institutional penetration. as a talkdrill alpha ambassador, you will act as our decentralised campus growth engine, functioning as the official face of the brand within your college network.

selected campus ambassadors' day-to-day responsibilities include:

1. institutional partnerships: pitching, coordinating, and executing formal or informal partnerships with your college's training & placement cell (tpo), literary/debating clubs, and student councils to endorse talkdrill as an official placement diagnostic tool.
2. user acquisition funnels: driving user sign-ups and app downloads by deploying unique, tracking-enabled institutional qr codes across high-footfall student hubs (hostels, libraries, canteens, and local study circles).
3. on-campus activations: organising, managing, and leading live interactive 'fluency boot camps' or '60-second ai speech challenges' at local college fests or pre-placement preparation drives using our product demonstration toolkits.
4. community seeding: managing and seeding highly engaging, value-first talking prompts into institutional whatsapp groups, telegram channels, and discord communities without relying on generic corporate spamming techniques.",No PPO Mentioned,Internshala
business-analyst,social media marketing,synergific software,Work from home,"₹ 4,200 - 7,000 /month",6 Months,"social media marketing, content writing, lead generation, sales management, sales support","1. campaign execution: assist in developing and executing global b2b and b2c marketing strategies for emerging tech sectors (ai, cyber, biometrics).
2. social media management: manage, curate, and optimize content across all major social media platforms to drive institutional engagement and lead generation.
3. content creation: utilize your excellent writing skills to draft compelling partnership proposals, emails, social posts, and marketing collateral.
4. sales & marketing alignment: work closely with senior team members to hit revenue-driven partnership goals and maximize your revenue-share potential.",No PPO Mentioned,Internshala
business-analyst,social media marketing,axe consultancy and security services llc,Work from home,"₹ 5,000 - 10,000 /month",3 Months,social media marketing,"1. manage and grow social media accounts (instagram, facebook, linkedin, pinterest, etc.)
2. create engaging posts, reels, and stories
3. schedule and publish content regularly
4. research social media trends and competitor activities
5. assist in planning and executing marketing campaigns
6. monitor social media performance and prepare reports
7. engage with followers and respond to comments/messages
8. coordinate with the design and marketing teams",No PPO Mentioned,Internshala
business-analyst,digital marketing,sankar group,Work from home,"₹ 3,000 - 3,001 /month",6 Months,"social media marketing, search engine marketing (sem), digital marketing, search engine optimization (seo), facebook marketing, creative writing, email marketing","as a digital marketing intern at sankar group, you will have the opportunity to work on exciting projects that will enhance your skills in social media marketing, facebook marketing, sem, seo, creative writing, email marketing, and instagram marketing. you will be an integral part of our team, collaborating on various digital marketing campaigns to drive brand awareness and engagement. 

1. assist in creating and executing social media strategies across various platforms.
2. manage and optimize facebook ads to increase reach and engagement.
3. conduct keyword research and implement seo strategies to improve website visibility.
4. write compelling and engaging content for blog posts, social media, and email campaigns.
5. develop and execute email marketing campaigns to drive customer retention and acquisition.
6. analyze data and metrics to track campaign performance and make data-driven decisions.
7. collaborate with the team to brainstorm new ideas and strategies to enhance our digital presence. 

if you are a creative and driven individual looking to gain hands-on experience in the digital marketing field, this internship is perfect for you. join us at sankar group and take your digital marketing skills to the next level!",No PPO Mentioned,Internshala
business-analyst,content creation,bullz ad,Work from home,"₹ 3,000 - 10,000 /month",3 Months,graphic design,"1. creating engaging social media content, including posts, reels, and short videos.
2. designing basic marketing creatives and assisting in content planning for digital advertising campaigns.
3. writing captions, promotional content, and coordinating with the team for content execution.",No PPO Mentioned,Internshala
business-analyst,digital marketing,time cyber media private limited,Delhi,"₹ 3,000 - 5,000 /month",3 Months,"social media marketing, search engine marketing (sem), digital marketing, search engine optimization (seo), email marketing, english proficiency (written)","are you passionate about all things digital marketing? do you have a knack for creating engaging content and driving online traffic? if so, we have the perfect opportunity for you! join us at time cyber media private limited as a digital marketing intern and gain hands-on experience in the fast-paced world of digital advertising.

1. assist in developing and implementing digital marketing strategies to increase brand awareness and drive traffic to our website.
2. create and curate engaging content for social media platforms, including facebook, instagram, and twitter.
3. conduct market research and analyze data to identify trends and opportunities for growth.
4. monitor and report on the performance of digital marketing campaigns, including seo and sem.
5. collaborate with the marketing team to brainstorm creative ideas for promotions and campaigns.
6. stay up-to-date on the latest digital marketing trends and best practices.
7. support the team in various ad-hoc tasks and projects as needed.

if you are a proactive and creative individual looking to kickstart your career in digital marketing, apply now and join us at time cyber media private limited!",Job offer upto ₹ 3.6LPA post internship,Internshala
business-analyst,social media marketing,thecoinrepublic,Work from home,"₹ 7,000 - 58,000 /month",6 Months,"social media marketing, search engine marketing (sem), digital marketing, search engine optimization (seo), facebook marketing, creative writing, email marketing","1. maintain research database and online relations with customers
2. handle all social media channels such as linkedin, facebook, twitter, instagram, and youtube
3. perform analysis and provide reports on performance using google analytics and facebook insights
4. encourage collaboration across teams and departments.",No PPO Mentioned,Internshala
business-analyst,college cat captain | campus ambassador (examduo ai),prepgenie,Work from home,"₹ 1,500 - 9,000 /month",2 Months,english proficiency (written),"1. invite cat aspirants from your college to join the examduo community.
2. grow your college's cat squad by promoting examduo within your campus network.
3. help students discover smarter and more effective ways to prepare for the cat examination.
4. engage with students, answer basic queries, and encourage participation in the examduo community.
5. represent examduo as a campus ambassador and support brand awareness initiatives within your college.",No PPO Mentioned,Internshala
data-science,business analytics,career-domain,Nagpur,"₹ 2,000 - 5,000 /month",6 Months,"ms-office, python, sql, data analytics, ms-excel, english proficiency (spoken), english proficiency (written)","1. collecting, cleaning, and analyzing business data to identify trends and insights
2. preparing daily and weekly performance reports and dashboards
3. monitoring key performance indicators (kpis) and tracking business metrics
4. conducting market research and competitor analysis
5. assisting in data-driven decision-making and strategic planning",No PPO Mentioned,Internshala
data-science,marketing - performance & growth,the house of vraj:bhoomi,Ahmedabad,"₹ 5,500 - 7,500 /month",6 Months,"ms-excel, english proficiency (spoken), english proficiency (written), interpersonal skills, effective communication, google sheets","role context:

1. you will be entering vb's marketing & growth function, where creativity meets data, customer behaviour meets decision-making, and every campaign is expected to create meaningful business impact
2. this is not a content-only internship
3. this is where performance, customer psychology, and intentional experimentation come together



a. growth & performance:
1. support campaign execution across meta and google
2. assist in audience research, campaign setup, and performance tracking
3. observe and support creative testing and optimization

b. search & discovery:
1. support keyword research and competitor benchmarking
2. assist in optimizing product pages, content, and blogs for search visibility

c. customer journeys:
1. support email campaign execution and audience segmentation
2. assist in whatsapp campaign planning, scheduling, and performance tracking

d. reporting & insights:
1. track campaign metrics such as ctr, cpc, roas, conversions, and engagement
2. support weekly reporting and insight documentation",Job offer upto ₹ 3LPA post internship,Internshala
data-science,data analytics,venkatesh,"Secunderabad, Hyderabad","₹ 30,000 - 60,000 /month","₹ 30,000 - 60,000 /month","python, sql, data analytics, ms-excel, data entry, data science, power bi","1. enter and update data accurately into software systems and spreadsheets
2. verify and review data for errors or inconsistencies
3. maintain confidentiality of sensitive information
4. prepare and sort documents for data entry
5. generate reports and maintain records as required
6. coordinate with internal teams for data verification
7. ensure timely completion of assigned tasks
8. maintain proper filing and documentation of records",Job offer upto ₹ 9LPA post internship,Internshala
data-science,ai tools & onboarding or ai automation  — onboarding & integrations,whatsmarketing,Ahmedabad,"₹ 15,000 - 30,000 /month",6 Months,"ms-office, creative writing, problem solving, english proficiency (written), artificial intelligence","1. onboard new customers and guide them through the setup of the ai voice-calling software.
2. build and manage automation workflows using ai tools such as activepieces and n8n.
3. use ai tools and prompt engineering techniques to solve real-world business problems.
4. coordinate with customers via calls, whatsapp, and email to ensure a seamless onboarding and support experience.
5. learn and gain hands-on experience with ai automation, workflow automation, and saas products.",Job offer upto ₹ 6LPA post internship,Internshala
data-science,market research- (tamil),peppergami food labs private limited,Chennai,"₹ 10,000 - 20,000 /month",2 Months,"attention to detail, analytical thinking, business research, interpersonal skills, research and analytics, market research, effective communication","1. conduct retail store surveys to gather insights.
2. execute end consumer surveys to understand customer preferences, buying behaviour, and brand perception.
3. collect basic market intelligence data from the assigned location to support marketing decision-making.
4. assist in organizing, compiling, and cleaning survey data for further analysis.
5. support in analyzing collected data to identify trends, patterns, and actionable insights.
6. help the marketing team in preparing reports and summaries based on findings.",No PPO Mentioned,Internshala
data-science,ai voice bot implementer,markytics,Work from home,"₹ 5,000 /month",6 Months,"attention to detail, ms-excel, report writing, english proficiency (spoken), telugu proficiency (spoken), tamil proficiency (spoken), kannada proficiency (spoken)","ever wondered what it's like to teach a machine to actually talk like a human, in your own mother tongue? at markytics.ai, we're building ai voice bots that speak, understand, and respond in real indian languages, and we want sharp, curious final-year engineers to help us get every word right.

if you love tech, love your language, and want real-world ai experience before you even graduate, this internship was built for you.



1. implement ai voice bots as per client requirements, set up conversation scripts and flows, so the bot responds exactly the way each client needs, in the assigned language
2. configure conversation flows on the client's platform and localize scripts so they sound natural, not just word-for-word translated
3. test voice bot conversations for accuracy, pronunciation, response flow, and functionality
4. validate bot performance in the assigned language(s)
5. simulate real customer scenarios and edge cases to stress-test the bot before it goes live
6. conduct regression testing after every script update or deployment
7. calibrate voice, tone, and pronunciation to match client brand guidelines
8. identify, document, and report bugs or inconsistencies
9. coordinate with the technical team to ensure timely project delivery
10. support user acceptance testing (uat) with clients and address feedback promptly
11. monitor live bot performance post-deployment and flag real-world issues
12. maintain testing reports and version control of scripts, and provide feedback for improvements

you should have strong speaking proficiency (native or near-native fluency) in at least one of the above, along with comfortable spoken and written english for reporting and coordination.",No PPO Mentioned,Internshala
data-science,voice data collection freelancing (25 - 45 years) - english,indika ai private limited,Work from home,"₹ 1,000 - 5,000 /month",4 Weeks,"reading, english proficiency (spoken), audio making, effective communication","we are looking for a dynamic voice data collection freelancer (25-45 years) with excellent english proficiency to join our team at indika ai private limited! as part of our innovative company, you will be responsible for collecting voice data, creating audio recordings, and communicating effectively with our team.



1. collecting high-quality voice data for our ai technologies
2. creating audio recordings for various projects
3. collaborating with team members to ensure data accuracy
4. providing feedback on data collection processes
5. following strict guidelines for data confidentiality and security
6. communicating effectively with team members and stakeholders
7. meeting deadlines and delivering results promptly

if you are a self-motivated individual with a passion for language and technology, we want to hear from you! join us at indika ai private limited and be a part of shaping the future of ai. apply now!",No PPO Mentioned,Internshala
data-science,trainee - consumer insights,bookmyshow,Mumbai,"₹ 11,249 - 11,250 /month",6 Months,"advanced excel, research and analytics","1. work on real research projects from start to finish.
2. collect, clean, and analyze data using excel to generate simple, meaningful insights.
3. assist with surveys, interviews, and consumer interactions to understand customer opinions and behavior.
4. attend events, engage with audiences, and gather first-hand consumer feedback.
5. participate in brainstorming sessions to understand how consumer insights influence marketing and event strategies.
6. assist in preparing insight reports and contribute to research studies and white papers.
7. learn from experienced researchers and marketers while developing practical skills in consumer insights.",No PPO Mentioned,Internshala
data-science,market research,vee tech bytes private limited,Bangalore,"₹ 3,000 - 5,000 /month",3 Months,"ms-excel, english proficiency (written), research and analytics","as a market research intern at vee tech bytes private limited, you will have the opportunity to gain hands-on experience in conducting market research and analysis for various projects. your proficiency in english, research and analytics skills, and knowledge of ms excel will be put to the test as you work alongside our team of experts. 



1. conduct thorough market research to identify trends, opportunities, and potential risks
2. analyze data and prepare reports to present findings to the management team
3. collaborate with cross-functional teams to gather insights and recommendations
4. assist in developing surveys, questionnaires, and other data collection methods
5. utilize ms excel to organize and manipulate large datasets for analysis
6. stay updated on industry trends and competitive landscape to provide strategic recommendations
7. participate in brainstorming sessions and contribute ideas to improve our market research strategies

if you are a proactive and detail-oriented individual looking to kickstart your career in market research, this internship is the perfect opportunity for you. join us at vee tech bytes private limited and make a real impact on our business growth!",No PPO Mentioned,Internshala
data-science,performance marketing,machau bamboo products private limited (bamboostan),Mumbai,"₹ 10,000 - 20,000 /month",2 Months,search engine optimization (seo),"1. assist in planning, setting up, and executing paid campaigns across google ads, meta ads, linkedin ads, and other relevant platforms.
2. monitor daily campaign performance and identify anomalies and optimization opportunities.
3. conduct a/b testing of ad creatives, copy, audiences, and landing pages.
4. track and report key performance metrics, including ctr, cpc, cpa, roas, and conversion rate.
5. support keyword research, audience targeting, and competitor analysis.
6. maintain and update marketing dashboards and performance reports.
7. collaborate with the design and content teams to develop ad creatives and copy.
8. research industry trends, emerging platforms, and performance marketing best practices.
9. assist with budget tracking and campaign pacing across active marketing campaigns.",No PPO Mentioned,Internshala
data-science,ai chatbot development and integration,tdk india private limited,Kolkata,"₹ 10,000 - 35,000 /month",6 Months,"javascript, generative ai tools, aws lambda","selected intern’s day-to-day responsibilities include:

1. designing and validating a conversational ai assistant 
2.  integration into a product dashboard 
3. performing testing to ensure functional correctness 
4. assisting in test automation for repeatable validations
5. identify gaps, inconsistencies, and improvement opportunities",No PPO Mentioned,Internshala
data-science,phd research sciences intern,microsoft,"Hyderabad, Noida, Bangalore",Competitive stipend,3 Months,"python, machine learning, data science, artificial intelligence, research and analytics, data analysis","1. analyzing and improving the performance of advanced algorithms on large-scale datasets and cutting-edge research in machine intelligence and machine learning applications.

2. thinking through product scenarios and goals, identify key challenges, map requirements into machine learning (ml) tasks, and design experimental processes for iteration and optimization.

3. building and implementing working prototypes of scalable systems in artificial intelligence (ai) applications.

4. gaining a broad understanding of research areas, utilising applicable research techniques, staying updated on industry trends, and sharing knowledge with immediate team members.

5. reviewing data quality and technical constraints, preparing datasets for analysis, and actively troubleshooting data quality issues by deciding which data to include or exclude.

6. assisting with the development of usable datasets for modelling purposes and supporting the scaling of feature ideation and data preparation workflows.

7. cleaning and adapting processed data for machine learning purposes under the direct supervision and guidance of senior team members.",No PPO Mentioned,Internshala
data-science,ai engineer (agents & orchestration),webbybutter technologies,Vadodara,"₹ 5,000 - 15,000 /month",6 Months,"python, machine learning, artificial intelligence, numpy, langchain, llmops, llm evaluation","you will design, build, and deploy ai agent systems that operate in real-world environments. this is a hands-on engineering role focused on agent orchestration, llm integration, and solving reliability challenges that differentiate working prototypes from production-ready products.

you will learn quickly, take ownership of features end-to-end, and see your work deployed rapidly.



1. build and maintain ai agent workflows using python, langchain, and langgraph.
2. implement agent orchestration logic, including state management, tool calling, memory, retries, and fallback mechanisms.
3. integrate llms with real-world infrastructure such as telephony, whatsapp, email, crms, and vector databases.
4. debug and improve existing systems, including code developed by other team members.
5. monitor ai agents in production and resolve issues as they arise.
6. contribute ideas related to system architecture, scalability, and reliability.

how to apply:

submit your resume along with a github profile link or a link to a working project you have built. a functional project is valued more than a polished cv.

note: this is an on-site role based in vadodara. remote or hybrid options are not available for this position.",No PPO Mentioned,Internshala
data-science,research analyst trainee,humanhire corp,Jaipur,"₹ 5,000 - 7,500 /month",6 Months,"market analysis, research and analytics, market research","as a 'research analyst' intern, you will have the opportunity to dive deep into the world of market analysis, market research, and research and analytics. 

 

1. conduct thorough research on potential clients, competitors, and industry trends.
2. identify decision-makers and hiring leads across linkedin and other professional databases.
3. analyze data to prepare insightful client and market reports.
4. maintain and update company information in crm tools and internal databases.
5. support the business development team with research inputs for new partnerships or hiring mandates.
6. track market movements, upcoming projects, and recruitment opportunities across target sectors.
7. compile reports and summaries for management review.

if you are a detail-oriented and analytical thinker with a passion for research and data analysis, this internship is the perfect opportunity to gain valuable hands-on experience in a dynamic and fast-paced environment. join us at humanhire corp and make a difference with your research and analytical skills!",Job offer upto ₹ 3LPA post internship,Internshala
data-science,ai research engineer,vega visionary training fze,Work from home,"₹ 13,000 - 17,000 /month",6 Months,"blogging, machine learning, statistics, prototyping, technical writing, transformers, research and analytics","1. read and actively track relevant research papers, technical blogs, and open-source releases, and develop your own judgment about what is genuinely useful versus what is merely hype, rather than simply following trends.
2. turn promising ideas from research papers, your own hypotheses, or adjacent fields into working implementations that can be tested, not just summarized.
3. design experiments with a clear hypothesis and well-defined success criteria, especially when no existing benchmark is available.
4. build the infrastructure experiments need, including data pipelines, evaluation harnesses, and ablation setups, so you can iterate quickly instead of rebuilding from scratch each time.
5. write clean, reliable implementation code, as engineering quality is just as important as the research idea for producing trustworthy results.
6. identify promising ideas and develop them further, while recognizing when to discontinue unproductive directions instead of investing unnecessary time.
7. take successful prototypes or notebook experiments toward production-ready solutions, or document them thoroughly so others can build upon them.
8. document what you tried, what worked, what didn't, and why. negative results are valuable outcomes and should be recorded rather than discarded.
9. develop a deep understanding of how transformer-based models work, including attention mechanisms, tokenization, and context handling, instead of treating them as black boxes.
10. explore the design of agentic systems, including how they plan, use tools, and chain reasoning steps, and apply those concepts to the solutions you build.",No PPO Mentioned,Internshala
data-science,devops engineer,vega visionary training fze,Work from home,"₹ 13,000 - 17,000 /month",6 Months,"linux, networking, machine learning, docker, github, production engineering, performance testing","1. operating our kubernetes clusters (gke) across dev, staging, and production — networking, autoscaling, and access control between environments. 
2. owning our terraform-based infrastructure-as-code setup — modules, pr-triggered plans, and safe patterns for changes that touch shared infrastructure. 
3. building and maintaining containerized services with docker, and owning our github actions pipelines end-to-end — from pr to production, without manual babysitting. 
4. owning the machine learning infrastructure behind our products — autoscaling inference workloads and rolling out model changes safely. 
5. operating our databases — backups, restore drills, connection pooling, and performance tuning under real load. 
6. building observability from the ground up — logging, metrics, and alerting — so we find out about problems from a dashboard, not from a school. 
7. being the first responder when production breaks, and writing blameless postmortems so the same failure doesn't happen twice. 
8. reducing operational load over time by finding repeat pain points and killing them with automation, not more process. 
9. keeping an eye on cloud spend and managing it as you go.",No PPO Mentioned,Internshala
data-science,kpo (knowledge process outsourcing),tsteps private limited,"Chennai, Chengalpattu","₹ 10,000 - 15,000 /month","₹ 10,000 - 15,000 /month","time management, critical thinking, problem solving, collaboration","1. conduct in-depth research across assigned domains such as finance, healthcare, legal, marketing, and business analytics.
2. collect, analyze, and interpret data to generate meaningful insights and reports.
3. assist in preparing detailed reports, presentations, and documentation for clients and internal teams.
4. support senior analysts in handling complex knowledge-based tasks and projects.",No PPO Mentioned,Internshala
data-science,intellectual property rights (ipr),gray mobility,Bangalore,"₹ 15,000 - 20,000 /month",6 Months,"report writing, research and analytics, document management","1. collaborate with engineering, r&d, and product development teams to gather technical information on new inventions and technologies.
2. conduct preliminary patentability assessments, prior art searches, and intellectual property research to support patent filings.
3. prepare and draft patent applications, ensuring accuracy, clarity, and compliance with patent office requirements.
4. coordinate with external patent attorneys during the preparation, filing, and prosecution of patent applications.
5. manage communication between internal teams and external legal counsel throughout the patent filing process.
6. ensure the timely filing of patent applications across multiple jurisdictions and monitor their progress.
7. track office actions, maintain filing deadlines, and support compliance with patent prosecution requirements.
8. assist in developing and implementing the company's intellectual property strategy and support patent portfolio management.
9. research trends and emerging technologies in the automobile and electric vehicle (ev) industry and share insights with product, marketing, and sales teams.
10. create industry-specific content, including newsletters and reports, based on intellectual property and technology research in collaboration with the research ip analyst.
11. maintain records and documentation related to patent filings, intellectual property activities, and associated financial information.",No PPO Mentioned,Internshala
data-science,data annotator - multilingual,tanumanasa research private limited,Bhubaneswar,"₹ 9,000 - 15,000 /month",3 Months,"attention to detail, data interpretation, data extraction, llm evaluation, data annotation","1. accurately label, tag, and categorize multilingual text or image data.
2. review annotated datasets for consistency, correctness, and adherence to annotation guidelines.
3. analyze source content across multiple languages to correctly interpret context, intent, tone, and nuance.
4. identify and extract relevant information (entities, phrases, structured fields, etc.) from raw multilingual datasets for downstream annotation and model training use.
5. assess and rate outputs generated by large language models across different languages for accuracy, fluency, cultural appropriateness, bias, and factual correctness.
6. collaborate with the annotation/data team to maintain and refine annotation guidelines.
7. maintain annotation speed and volume targets while upholding quality benchmarks.
8. participate in periodic calibration sessions to ensure inter-annotator agreement across the team.
9. maintain confidentiality and data integrity while handling sensitive or proprietary datasets.",No PPO Mentioned,Internshala
data-science,artificial intelligence (ai),toptrove foundation,Rohtak,Unpaid,3 Months,"artificial intelligence, chatgpt, claude, gemini","we are looking for an enthusiastic ai intern who is passionate about leveraging ai to solve real-world problems. the ideal candidate should have hands-on experience using modern ai tools and be eager to learn, experiment, and build ai-powered solutions.



1. use ai tools such as chatgpt, claude, gemini, cursor, and other ai platforms to improve productivity and solve business problems.
2. assist in ai research, content creation, automation, and workflow optimization.
3. build simple ai-powered applications, prompts, and automations.
4. stay updated with the latest ai tools, trends, and best practices.
5. collaborate with the team on ai-driven projects and initiatives.",Job offer post internship,Internshala
data-science,digital preservation of telugu literary heritage,iiit hyderabad,Hyderabad,"₹ 4,000 - 4,500 lump sum","₹ 4,000 - 4,500 lump sum","html, content writing, cms (content management system), telugu proficiency (written), artificial intelligence, artificial intelligence markup language (aiml)","this internship is part of a pilot digital preservation initiative at sri krishnadevaraya telugu bhasha nilayam, established in 1901 and home to one of the most extensive collections of historic telugu books, magazines, and newspapers. the project focuses on preserving these valuable archives using modern ai tools to ensure they remain accessible for future generations.



1. capture and upload key pages of archival books using a smartphone.
2. use ai-powered applications to convert scanned images into standardized digital text.
3. generate and verify metadata, including book titles, authors, publication years, index numbers, and summaries, using ai tools such as chatgpt and gemini.
4. maintain a dedicated project blog to document book covers, metadata, and personal reviews while ensuring compliance with copyright guidelines.
5. organize and maintain digital records to support the archival and preservation process.
6. follow project documentation standards and contribute to the successful digitization of historical collections.",No PPO Mentioned,Internshala
data-science,equity advisor/business development,angel broking limited,Delhi,"₹ 15,000 - 35,000 /month",6 Months,"algorithms, banking, equity research, stock trading, financial literacy, sales, portfolio management","selected intern’s day-to-day responsibilities include:

1. achieving revenue targets through cross-selling subscription-based financial products.
2. selling trading software, option trading advisory, and investment products in equity, derivatives, options, currency, and commodity markets.
3. acquiring and converting clients through tele-sales and field sales.
4. providing training to clients on trading strategies, robotic trading software, and api-based auto trade execution.
5. conducting webinars and seminars on financial and trading products.
6. staying updated with stock market outlook and product knowledge.
7. doing outbound cold calling to invite clients to seminars and webinars.
8. traveling to branches and franchisees for client seminars and employee training.
9. bringing innovative ideas to help achieve sales targets.
10. handling client meetings and presentations independently.",Job offer upto ₹ 2.2LPA post internship,Internshala
data-science,seo & performance marketing executive,yourlawplace,"Greater Noida, Noida","₹ 15,000 /month",6 Months,"google analytics, search engine optimization (seo), performance marketing, google keyword planner","a. seo
1. own the complete seo strategy for the website.
2. execute advanced on-page and off-page seo.
3. perform technical seo audits and fixes.
4. build high-quality backlinks.
5. improve keyword rankings and topical authority.
6. track rankings and competitor performance.
b. geo & aeo
1. optimize the website for ai search platforms such as chatgpt, gemini, claude, and perplexity.
2. implement answer engine optimization (aeo) strategies.
3. improve structured data and schema markup.
4. build ai-friendly content architecture.
c. google ads
1. plan, launch, and optimize google search campaigns.
2. improve quality score and conversion rates.
3. manage bidding strategies, budgets, and campaign performance.
4. generate qualified leads while maintaining target acquisition costs.
d. website optimization
1. make content, design, and structural improvements to the website.
2. improve user experience and customer journey.
3. optimize landing pages for conversions.
4. work with wordpress/hostinger and coordinate technical updates.
5. continuously improve website speed, mobile experience, and core web vitals.
e. ai & automation
1. use ai tools to improve productivity and content quality.
2. build ai-assisted workflows for seo and marketing.
3. stay updated with emerging ai marketing trends.
f. analytics
1. monitor google analytics, google search console, and google ads.
2. measure traffic, rankings, conversions, and roi.
3. present weekly growth reports with actionable recommendations.",Job offer upto ₹ 4LPA post internship,Internshala
data-science,elearning design & developement ai,keenmind designs,Dombivli,"₹ 4,000 - 5,000 /month",6 Months,"computer skills, generative ai tools, vibe coding, ai video generation, ai image generation","1. support the team in developing elearning courses and interactive learning content.
2. create and edit learning screens using powerpoint and other digital tools.
3. organize course content, visuals, and project files.
4. use ai tools for content ideas, research, design support, and improving productivity.
5. explore new tools and suggest creative ways to enhance the development process.
6. incorporate feedback, improve deliverables, and collaborate with the team.",No PPO Mentioned,Internshala
data-science,studio operations & photography,photongraphy labs,Koothattukulam,"₹ 10,000 - 20,000 /month",3 Months,"adobe photoshop, computer skills, image editing, invoice processing, prompt engineering, ai image generation","1. photography & studio operations: capture high-quality passport-size and professional photos, handle walk-in customers, and manage physical photo printing.
2. editing & album designing: edit and retouch photos using adobe photoshop 
3. design creative, visually appealing photo albums for clients.
4. generative ai & image creation: utilize generative ai tools (like midjourney, stable diffusion, or dall-e) to generate, modify, and enhance creative images based on specific project requirements.
5. prompt engineering: write, test, and refine high-quality ai prompts to achieve precise, high-end visual outputs.
6. billing & administration: greet clients, understand their requirements, and generate gst-compliant bills using our billing software.",No PPO Mentioned,Internshala
data-science,ai video creation,videoagency,Gurgaon,"₹ 5,500 - 7,500 /month",6 Months,"adobe premiere pro, adobe after effects, storytelling, visual design, adaptability, davinci resolve, generative ai tools","1. create ai-generated videos for social media, advertisements, corporate films, and promotional campaigns.
2. generate scripts, storyboards, images, animations, voiceovers, and videos using ai-powered tools.
3. produce high-quality visual content using ai platforms while ensuring brand consistency.
4. edit and enhance ai-generated videos using adobe premiere pro, adobe after effects, davinci resolve, or similar software.
5. add music, subtitles, motion graphics, transitions, sound effects, visual effects, and other enhancements to improve video quality.
6. collaborate with the creative, marketing, and production teams to develop engaging video concepts.
7. optimize videos for platforms such as youtube, instagram, facebook, linkedin, and other digital channels.
8. experiment with new ai tools, prompt engineering techniques, and creative workflows to improve productivity and content quality.
9. ensure all content complies with brand guidelines, quality standards, and project deadlines.
10. stay updated with the latest trends in ai-generated content, video production, and digital storytelling.",Job offer upto ₹ 2.5LPA post internship,Internshala
data-science,ai and entrepreneurship,startup village club,Bangalore,"₹ 4,000 - 11,000 /month","₹ 4,000 - 11,000 /month","event management, web development, sports, android, kannada proficiency (spoken), effective communication","1. build proof of concepts (pocs) for startups using ai tools. training and certification on the required ai tools will be provided before project execution.
2. support startup onboarding through networking activities and assist in organizing events.
3. develop and coordinate university collaboration programs and hackathons to promote the startup ecosystem.
4. take ownership of new tasks based on company and client requirements.
5. demonstrate an entrepreneurial mindset with the ability to think independently and identify new opportunities.",No PPO Mentioned,Internshala
data-science,ai content creator & strategist,lumibyte private limited,Ahmedabad,"₹ 5,000 - 10,000 /month","₹ 5,000 - 10,000 /month","content writing, video making, ai video generation","1. convert ai-generated trend outputs into high-quality, publish-ready articles on a daily basis
2. use ai tools to create infographics that simplify complex trends
3. work with ai video tools to develop scripts, prompts, and engaging video content
4. adapt content format and tone for platforms like linkedin, instagram, and google discover
5. track content performance metrics such as follower growth, traffic, and watch time
6. optimize content strategy based on data and performance insights
7. apply seo fundamentals to improve content discoverability
8. own and manage the daily content publishing pipeline",No PPO Mentioned,Internshala
data-science,operations & strategy intern,joveo,Bangalore,Not provided,6 Months,,"title: operations & strategy internlocation: bengaluru, india (work from office, 5 days a week)timings: 2-11 pmabout joveoas the global leader in ai-powered recruitment marketing, we are transforming talent attraction and recruitment media buying for the worlds largest and smartest employers, staffing businesses, rpos, and recruitment advertising agencies.the joveo platform enables businesses to attract, source, engage, and hire the most relevant candidates on time, within their budget. powering millions of jobs every day, our data-driven recruitment marketing platform uses advanced data science and machine learning to dynamically manage and optimize talent sourcing and applications across all online channels while providing real-time insights at every step of the job seeker journey, from click to hire.job description:are you a highly motivated, analytically-minded individual looking to launch your career in the fast-paced world of digital advertising and operations? join our dynamic operations team and gain hands-on experience by directly impacting our client success. you will be instrumental in developing sophisticated media execution plans and posting strategies for our key tier 1 & 2 clients in the recruitment space. this is a full-time opportunity where you'll learn to translate data into actionable strategies and optimize digital campaigns for maximum impact.what you'll do (responsibilities):develop digital strategies: collaborate with the operations team to craft and refine effective media plans and digital content posting strategies for a portfolio of top-tier clients.campaign execution: utilize our internal execution platform to implement posting plans, ensuring precision and timely delivery of high-volume client campaigns.data-driven optimization: dive deep into campaign data, performing robust analysis to evaluate performance metrics and proactively identify opportunities for optimization and efficiency.performance monitoring: assist in tracking key campaign metrics, such as engagement rates, conversions, and roi, to guarantee the delivery of measurable results and strategic value for our clients.strategic contribution: actively participate in team and cross-functional meetings, contributing innovative ideas and data-backed insights to elevate campaign success.cross-functional collaboration: partner with account management and creative teams to ensure seamless strategy alignment and achievement of broader client objectives.industry insight: stay current with the latest trends and best practices in digital advertising and content distribution, integrating new knowledge into our strategies and recommendations.what you'll bring (qualifications):currently pursuing or recently completed a bachelor's or master's degree in a quantitative or relevant field (e.g., marketing, business analytics, economics, or similar).strong analytical foundation: a data-oriented mindset with proven ability to analyze complex data sets. proficiency in tools like google sheets/excel for data manipulation is essential.clear communication: excellent verbal and written communication skills, capable of translating complex data into clear, compelling strategic narratives.high attention to detail: exceptional organizational skills and a detail-oriented approach necessary for managing multiple time-sensitive projects simultaneously.tech proficiency: comfortable with the google workspace suite (sheets, docs, slides).proactive & collaborative: self-motivated, able to take initiative, work independently, and thrive as an enthusiastic contributor in a collaborative team setting.passion for digital: a demonstrated interest or experience in digital advertising, performance marketing, or digital operations.the opportunity:this is a full-time, in office, 3-6 month internship position, with the possibility of extension or conversion to a full-time role based on outstanding performance and evolving business needs. join us and build a foundation for a rewarding career in digital operations!apply now!",No PPO Mentioned,Internshala
data-science,data analytics,grow2viral,Work from home,"₹ 18,000 - 20,000 /month",6 Months,"python, sql, data analytics, ms-excel, tableau","are you a data-savvy individual with a passion for analytics and a knack for python, sql, data analytics, and ms excel? look no further - grow2viral is looking for a data analytics intern to join our dynamic team! as a key member of our organization, you will have the opportunity to dive into our data to uncover valuable insights that will drive strategic decision-making.



1. analyze data to identify trends and patterns.
2. develop and maintain data visualizations and reports.
3. assist in the creation of predictive models and machine learning algorithms.
4. collaborate with cross-functional teams to gather requirements and deliver solutions.
5. optimize data collection processes and ensure data integrity.
6. communicate findings and recommendations to stakeholders.
7. stay up-to-date on industry trends and best practices in data analytics.

if you are a self-motivated individual with a keen eye for detail and a strong analytical mindset, we want to hear from you! join us at grow2viral and take your data analytics skills to the next level. apply now!",No PPO Mentioned,Internshala
data-science,business analytics,zixflow,Work from home,"₹ 7,000 /month",6 Months,"analytical thinking, business analysis, teamwork, business research, collaboration","1. gather, document, and analyze business requirements from internal stakeholders.
2. conduct market, competitor, and industry research to support business decisions.
3. research, install, test, and evaluate mobile applications to understand features, user experience, workflows, and competitive positioning.
4. analyze business and product data to identify trends, opportunities, and areas for improvement.
5. prepare reports, dashboards, and presentations to support decision-making.
6. collaborate with product, sales, customer success, and operations teams on various business initiatives.
7. create process documentation, sops, and business requirement documents (brds).
8. support testing of new features and validate business requirements before release.
9. track project progress and follow up with stakeholders to ensure timely completion of deliverables.",No PPO Mentioned,Internshala
data-science,artificial intelligence (ai),nayepankh foundation,Work from home,Unpaid,1 Month,"artificial intelligence, chatgpt, claude, gemini","are you passionate about artificial intelligence and looking to gain hands-on experience in the field? we have an exciting opportunity for an ai intern at nayepankh foundation! as an ai intern, you will work closely with our team to develop and implement cutting-edge ai solutions using platforms like chatgpt, claude, and gemini. 



1. assisting in the development of ai algorithms and models
2. conducting research on ai technologies and trends
3. collaborating with team members to integrate ai into various projects
4. testing and optimizing ai applications for performance
5. providing support for ai-related initiatives and programs
6. analyzing data and generating insights to improve ai capabilities
7. staying updated on the latest advancements in the field of ai

if you are a proactive and innovative individual with a strong background in artificial intelligence, we want to hear from you! join us at nayepankh foundation and be part of a dynamic team that is shaping the future with ai technology. apply now to kickstart your career in ai!",Job offer post internship,Internshala
data-science,data analytics,nayepankh foundation,Work from home,Unpaid,1 Month,"html, python, sql, data analytics, ms-excel, data science, power bi","as a data analytics intern at nayepankh foundation, you will have the opportunity to apply your knowledge and skills to make a real impact in the non-profit sector. you will work closely with our team to analyze data, identify trends, and provide insights that will help us better serve our community. 

key responsibilities:
1. collaborate with team members to gather and analyze data from various sources
2. use statistical methods to interpret data and identify patterns and trends
3. develop and maintain data visualizations and dashboards for easy understanding
4. assist in creating reports and presentations to communicate findings to stakeholders
5. help improve data quality and accuracy through data cleaning and validation
6. stay current on industry trends and best practices in data analytics
7. contribute ideas and solutions to help drive organizational growth and impact

if you are a motivated and analytical individual looking to gain hands-on experience in the field of data analytics while making a difference in the community, we invite you to join our team at nayepankh foundation. apply now and be part of our mission to empower and uplift those in need.",Job offer post internship,Internshala
data-science,machine learning,queens of change foundation,Work from home,Unpaid,1 Month,machine learning,"are you a passionate machine learning enthusiast looking to make a difference in the world? join queens of change foundation as a machine learning intern and be a part of our mission to empower women and girls globally through technology!

1. work closely with our team of data scientists to develop and implement machine learning algorithms
2. conduct data analysis and interpretation to drive actionable insights for our programs
3. collaborate with cross-functional teams to optimize and improve existing machine learning models
4. assist in the creation of predictive models to enhance our decision-making processes
5. stay up-to-date with the latest advancements in machine learning and apply them to our projects
6. participate in brainstorming sessions to ideate innovative solutions leveraging ml technologies
7. present findings and recommendations to stakeholders in a clear and concise manner

if you are a self-motivated individual with a strong foundation in machine learning and a desire to create positive change, apply now and be a part of our dynamic team at queens of change foundation!",Job offer post internship,Internshala
data-science,artificial intelligence (ai),basti ki pathshala foundation,Work from home,Unpaid,1 Month,"python, data structures, machine learning, data science, neural networks, english proficiency (spoken), natural language processing (nlp)","as an ai intern at basti ki pathshala foundation, you will have the opportunity to work with cutting-edge technologies such as artificial intelligence, chatgpt, gemini, grok, claude, and machine learning. your role will be crucial in helping us develop innovative solutions to enhance our educational programs and services. 

key responsibilities:
1. assist in designing and implementing ai algorithms to improve learning outcomes for students in underserved communities.
2. collaborate with the team to create chatbots using chatgpt to provide personalized support and assistance to students and teachers.
3. utilize gemini to analyze data and generate insights to drive decision-making and improve program effectiveness.
4. work on developing and optimizing models using grok for natural language processing and understanding.
5. explore the capabilities of claude for image recognition and develop applications for educational purposes.
6. contribute to the development of machine learning models to automate and streamline processes within the organization.
7. stay up-to-date with the latest advancements in ai technologies and bring new ideas to the table to drive innovation and impact. 

join us on this exciting journey to revolutionize education through ai and make a real difference in the lives of students in need. apply now and be part of our mission to empower the next generation!",Job offer post internship,Internshala
data-science,database building/management,baby dino,Work from home,"₹ 1,000 - 2,000 /month",3 Months,"data interpretation, data cleaning, data manipulation","1. generate and extract data from sources.
2. clean them and extrapolate them to make them ready for model training.
3. learn the art of making a perfect dataset.",No PPO Mentioned,Internshala
data-science,artificial intelligence (ai),upperthrust technologies private limited,Pune,"₹ 8,000 - 10,000 /month",2 Months,"javascript, python, machine learning, data science, artificial intelligence","•    support the design, development, and testing of ai/genai use cases and workflow automations. 
•    assist in building and optimizing prompt-based applications, ai assistants, and no-code/low-code automations. 
•    evaluate and integrate ai tools for content generation, research, data processing, knowledge management, and productivity enhancement. 
•    support data collection, cleaning, structuring, and analysis for ai-driven projects. 
•    document workflows, implementation approaches, results, and best practices. 
•    conduct research on emerging ai technologies, tools, and industry trends. 
•    collaborate with different business teams to identify opportunities for automation and ai adoption. 
•    participate in pilot projects and prototype development to validate ai use cases.",No PPO Mentioned,Internshala
data-science,software development,jash data sciences private limited,Pune,"₹ 8,000 - 12,000 /month",6 Months,"python, algorithms, data structures","key responsibilities
1. assist in collecting, cleaning, and analyzing structured and unstructured datasets.
2. support the development, testing, and optimization of machine learning and deep learning models.
3. work on ai projects involving computer vision, natural language processing (nlp), and generative ai under the guidance of mentors.
4. contribute to building ai applications using large language models (llms), prompt engineering techniques, and frameworks such as langchain or llamaindex.
5. create data visualizations and dashboards to present insights effectively.
6. develop and execute sql queries to extract, transform, and analyze data.
7. assist in building and maintaining etl pipelines and data processing workflows.
8. work with databases, cloud platforms, and big data technologies to support data engineering tasks.
9. participate in designing and developing web applications using modern web technologies and frameworks.
10. develop and integrate rest apis for application functionality.
11. write clean, well-documented, and maintainable code while following coding best practices.
12. use git for version control and collaborate effectively with team members.
13. perform testing, debugging, and troubleshooting of applications and data pipelines.
14. participate in code reviews, team discussions, knowledge-sharing sessions, and technical learning activities.
15. stay updated with emerging technologies and contribute innovative ideas to ongoing projects.",Job offer upto ₹ 5LPA post internship,Internshala
data-science,artificial intelligence (ai),rpk agrotech exports private limited,Work from home,"₹ 1,500 - 10,000 /month",6 Months,"python, data structures, react, natural language processing (nlp), typescript, fastapi, llmops","● make the ai smarter. help us improve how our agent understands users — prompts, evaluations, slot extraction, and the data flowing through our llm pipeline. 
● build the dashboards that show what the ai is doing. operator and admin dashboards in react + vite + typescript, backed by python + supabase. 
● investigate when the agent gets a conversation wrong. read the trace, find the root cause across llm, policy, or data layers — propose a fix. 
● sit in on architecture decisions. your opinion will count. we are small enough that what you build today is in production tomorrow.",No PPO Mentioned,Internshala
data-science,machine learning,careernest,Work from home,"₹ 10,000 - 25,000 /month",2 Months,"python, machine learning, data science","we are looking for passionate and curious minds to join our machine learning internship program. you will work closely with our data science team to develop, test, and deploy ml models to solve real-world problems.

 

1. build and optimize machine learning models for classification, regression, clustering, etc.
2. preprocess and clean large datasets for use in model training and evaluation.
3. work with tools such as python, scikit-learn, tensorflow/pytorch, pandas, numpy, etc.
4. assist in developing apis or dashboards to showcase model results.
5. collaborate with cross-functional teams to deploy ml solutions.
6. document and present findings regularly.",No PPO Mentioned,Internshala
data-science,machine learning,qubixo,Work from home,"₹ 10,000 - 20,000 /month",3 Months,"python, data analytics, machine learning, r programming, data science, natural language processing (nlp), deep learning","as a machine learning intern at qubixo, you will have the opportunity to work with cutting-edge technologies and contribute to impactful projects. we are looking for someone who is proficient in python, data analytics, machine learning, r programming, data science, natural language processing (nlp), deep learning, and artificial intelligence. 

selected intern's day-to-day responsibilites include: 

1. collaborating with our team to develop and implement machine learning models
2. conducting research on new algorithms and techniques to improve our existing models
3. analyzing and interpreting complex data sets to extract valuable insights
4. building and testing prototypes to showcase the potential of machine learning applications
5. assisting in the deployment and maintenance of machine learning solutions
6. contributing to the development of new features and enhancements for our products
7. staying up-to-date with the latest trends and advancements in machine learning and artificial intelligence. 

if you are passionate about machine learning and eager to gain hands-on experience in a dynamic environment, this internship is perfect for you. join us at qubixo and take your skills to the next level!",No PPO Mentioned,Internshala
data-science,machine learning,amrata,Work from home,"₹ 10,000 - 20,000 /month",3 Months,"python, data analytics, machine learning, r programming, data science, natural language processing (nlp), deep learning","are you a passionate and driven individual looking to kickstart your career in 'machine learning?' look no further! amrata company is seeking a talented 'machine learning' intern to join our dynamic team. as an intern, you will have the opportunity to work alongside industry experts, gaining hands-on experience in cutting-edge technologies and contributing to innovative projects. 

selected intern's day-to-day responsibilites include: 

1. assist in developing and implementing machine learning models
2. conduct data analysis and provide insights to improve model performance
3. collaborate with cross-functional teams to integrate ml solutions into existing systems
4. research and stay up-to-date on the latest trends and advancements in ml
5. participate in brainstorming sessions to generate new ideas and solutions
6. assist in testing and troubleshooting ml algorithms
7. present findings and recommendations to stakeholders in a clear and concise manner

don't miss out on this exciting opportunity to learn and grow in a supportive and collaborative environment. apply now and take the first step towards a successful career in machine learning with amrata company!",No PPO Mentioned,Internshala
data-science,data analytics,amrata,Work from home,"₹ 10,000 - 20,000 /month",3 Months,"python, sql, data analytics, ms-excel, data science, power bi, tableau","are you a data wizard who thrives on untangling complex datasets and extracting valuable insights? look no further! amrata company is seeking a dynamic data analytics intern to join our team. as a python, sql, excel, data science, power bi, and tableau expert, you will have the opportunity to work on exciting projects and make a real impact on our business.



1. utilize python and sql to clean, manipulate, and analyze large datasets
2. develop data visualizations and dashboards in tableau and power bi to present findings to stakeholders
3. assist in the implementation of predictive models and machine learning algorithms
4. conduct in-depth data analysis to identify trends, patterns, and anomalies
5. collaborate with cross-functional teams to drive data-driven decision-making
6. support data quality assurance processes to ensure accuracy and reliability of data
7. stay up-to-date on the latest trends and technologies in the field of data analytics

if you are a self-motivated individual with a passion for data analytics and a desire to learn and grow in a fast-paced environment, we want to hear from you! join us at amrata company and take your data analytics skills to the next level.",No PPO Mentioned,Internshala
data-science,machine learning,vaibhav wakade,Work from home,"₹ 5,000 - 7,000 /month",6 Months,"python, data analytics, mongodb, machine learning, react native, natural language processing (nlp), deep learning","we are looking for a talented machine learning intern to join our team at vaibhav wakade company! if you have experience with python libraries, llmops, data analytics, nlp, machine learning, mern, mongodb, react native, and deep learning, we want to hear from you. as an intern, you will have the opportunity to work on exciting projects and gain valuable hands-on experience in the field of machine learning. your key responsibilities will include:

1. collaborating with our team to develop and implement machine learning models
2. conducting data analysis and research to support project objectives
3. utilizing nlp techniques to extract insights from text data
4. working with mern stack technologies to build and deploy web applications
5. managing and querying data using mongodb
6. developing mobile applications with react native
7. exploring deep learning algorithms to enhance model performance

if you are passionate about machine learning and eager to learn, apply now to join our dynamic team!",No PPO Mentioned,Internshala
data-science,ai engineer,vega visionary training fze,Work from home,"₹ 13,000 - 17,000 /month",6 Months,"python, github, natural language processing (nlp), database management system (dbms), typescript, artificial intelligence, vector dynamics","1. design and build agent orchestration using langchain — the control loop that lets an llm plan, call tools, observe results, and decide what to do next 
2. choose the right orchestration pattern for the job — single-agent loop, supervisor/subagent, or graph-based multi-step flows 
3. build and maintain rag pipelines backed by vector databases 
4. design, version, and maintain reusable “skills” — scoped, testable capabilities an agent can invoke 
5. build evaluation and observability pipelines using langfuse — tracing runs, scoring outputs, catching regressions 
6. build agent memory systems using mem0 and zep — what gets remembered across sessions and how it's used 
7. build and maintain apis in python to serve agent capabilities to the rest of the product 
8. decide when a task needs human-in-the-loop review versus an automated llm-as-judge score, and build both 
9. put guardrails at the point where the agent actually acts — authorizing tool calls and validating outcomes 
10. debug multi-step and multi-agent failures by tracing runs end-to-end 
11. manage cost/latency/capability tradeoffs across models, routing tasks to the right model for the job 
12. deploy and scale agent systems on gpu infrastructure — capacity, cost, and reliability 
13. maintain a clean, versioned codebase on github with clear commit history and review practices. keep the system maintainable as models, tools, and provider apis change",No PPO Mentioned,Internshala
data-science,data analytics,emoolar technology private limited,Work from home,"₹ 3,000 - 4,000 /month",3 Months,data analytics,"are you passionate about data analytics and looking for a hands-on internship opportunity to apply your skills? emoolar technology private limited is seeking a data analytics intern to join our dynamic team! as a data analytics intern, you will have the opportunity to work on exciting projects that will have a direct impact on the company's success. 

key responsibilities:
1. assist in collecting, cleaning, and analyzing data to gain valuable insights.
2. work closely with the data analytics team to develop and implement data-driven solutions.
3. create visualizations and reports to communicate findings to stakeholders.
4. collaborate with cross-functional teams to identify key business metrics and trends.
5. conduct research on industry best practices and emerging technologies in data analytics.
6. support in the development of algorithms and models to optimize data processes.
7. present findings and recommendations to senior management for strategic decision-making. 

if you are a motivated individual with a strong background in data analytics and a desire to make a meaningful impact, apply now to join emoolar technology private limited as a data analytics intern!",No PPO Mentioned,Internshala
data-science,data analytics,3infotechsolution,Work from home,"₹ 25,000 - 35,000 /month",6 Months,python,"we are seeking a dynamic data analytics intern with proficiency in python to join our team at 3infotechsolution. this is an exciting opportunity to gain hands-on experience in a fast-paced tech company and contribute to real-world projects.

key responsibilities:
1. assist in collecting, cleaning, and analyzing data sets to identify trends and patterns.
2. develop data models and algorithms to optimize processes and improve decision-making.
3. collaborate with cross-functional teams to extract valuable insights from complex data.
4. create visualizations and reports to present findings to stakeholders.
5. support in implementing data-driven solutions to enhance business operations.
6. stay updated on industry trends and best practices in data analytics.
7. contribute to the overall success of the team by taking on ad-hoc tasks and projects as needed.

if you are passionate about data analytics, have a strong understanding of python, and are eager to learn and grow in a collaborative environment, we want to hear from you. apply now to kickstart your career in data analytics with us!",No PPO Mentioned,Internshala
data-science,artificial intelligence (ai),3infotechsolution,Work from home,"₹ 15,000 - 32,000 /month",6 Months,"python, data structures","as an artificial intelligence (ai) intern at 3infotechsolution, you will have the opportunity to work on cutting-edge projects using your expertise in python and data structures. you will be a valuable member of our team, contributing to the development of innovative ai solutions. 

key responsibilities include:
1. collaborating with senior ai developers to design and implement ai algorithms.
2. assisting in the collection and analysis of data to improve ai models.
3. testing and debugging ai systems to ensure accuracy and efficiency.
4. participating in team meetings to discuss project progress and brainstorm new ideas.
5. keeping up-to-date with the latest advancements in ai technology and techniques.
6. documenting and presenting your work to the team for feedback and review.
7. contributing to the overall success of the ai department through your hard work and dedication.

if you are passionate about ai and eager to gain hands-on experience in a dynamic work environment, then this internship is perfect for you. join us at 3infotechsolution and be a part of the future of artificial intelligence. apply now and take the first step towards a rewarding career in ai.",No PPO Mentioned,Internshala
data-science,data annotation,redgenie technologies private limited,Bangalore,"₹ 12,000 /month",3 Months,kannada proficiency (written),"1. precision data annotation: execute high-accuracy annotation tasks to train and refine ai models. you will be responsible for interpreting, labeling, and categorizing data sets to ensure the highest quality of machine learning output.
2. kannada linguistic processing: leverage your native-level proficiency in kannada (reading, writing, and speaking) to ensure cultural and linguistic nuance. you will be the primary expert responsible for validating and creating content that is linguistically authentic and error-free.
3. technical data management: utilize your foundational computer skills to manage, process, and store annotated datasets. you will apply basic english literacy to navigate software interfaces, follow technical guidelines, and maintain consistent documentation across all projects.
4.",No PPO Mentioned,Internshala
data-science,artificial intelligence (ai),queens of change foundation,Work from home,Unpaid,1 Month,"artificial intelligence, chatgpt, grok, deepseek, claude, gemini","as an ai intern at queens of change foundation, you will have the opportunity to work with cutting-edge technologies such as chatgpt, gemini, grok, claude, and deepseek. this is an exciting opportunity to apply your knowledge and skills in artificial intelligence to make a positive impact on our mission.



1. develop and implement ai algorithms to optimize processes and enhance user experience.
2. collaborate with team members to analyze data and provide insights for decision-making.
3. research and stay up-to-date on the latest advancements in ai technology.
4. assist in the development of ai-powered solutions for social impact projects.
5. test and evaluate ai models to ensure accuracy and efficiency.
6. participate in brainstorming sessions to generate innovative ideas for ai applications.
7. present findings and recommendations to stakeholders in a clear and concise manner. 

if you are passionate about using ai for social good and are eager to learn and grow in a dynamic environment, we encourage you to apply for this internship opportunity. join us in making a difference through the power of artificial intelligence!",Job offer post internship,Internshala
data-science,social media analyst,career-domain,Nagpur,"₹ 2,000 - 5,000 /month",6 Months,"ms-excel, effective communication, data analysis","as a social media analyst intern at career-domain company, you will have the opportunity to work closely with our marketing team to analyze and optimize our social media campaigns. your role will involve using your knowledge of effective communication, ms excel, and data analysis to drive our social media strategy forward. 



1. monitor and analyze social media performance metrics to identify trends and insights
2. create reports and presentations to communicate findings to the team
3. collaborate with the marketing team to develop strategies for improving engagement and reach
4. conduct competitive analysis to identify opportunities for growth
5. assist in the creation and scheduling of social media content
6. stay up-to-date with the latest social media trends and best practices
7. help optimize social media advertising campaigns for maximum impact. 

if you are a driven and analytical individual looking to gain hands-on experience in the world of social media marketing, then this internship is perfect for you. join us and take the first step towards a successful career in digital marketing!",No PPO Mentioned,Internshala
data-science,machine learning,interview ghost,Work from home,"₹ 10,000 - 15,000 /month",6 Months,"python, machine learning, docker, natural language processing (nlp), deep learning, artificial intelligence, fastapi","1. build and improve ml/ai features for interview evaluation, resume screening, candidate ranking, and feedback generation.
2. work with llms for prompt engineering, structured outputs, interview report generation, and jd-resume matching.
3. develop nlp pipelines to process resumes, job descriptions, interview transcripts, and candidate responses.
4. support computer vision/video analysis for interview signals such as posture, eye contact, facial expressions, and attention.
5. build and integrate apis using fastapi for ml model and llm workflows.
6. use docker to package, deploy, and run ml services.
7. optimize ai workflows for accuracy, latency, reliability, and cost.
8. collaborate with frontend and backend teams to expose ai insights inside the product.",Job offer upto ₹ 5LPA post internship,Internshala
data-science,survey coordinator,certiwisehub,Work from home,"₹ 3,000 - 5,000 /month",1 Month,"ms-excel, market research, data analysis","1. coordinate survey assignments with participants.
2. track survey completion and maintain response records.
3. verify submitted surveys for completeness and quality.
4. follow project guidelines while managing survey workflows.
5. resolve basic participant queries related to survey completion.
6. prepare daily reports on survey progress and completion rates.",No PPO Mentioned,Internshala
data-science,data analytics,basti ki pathshala foundation,Work from home,Unpaid,1 Month,"html, python, sql, data analytics, ms-excel, data science, power bi","are you a data-savvy individual looking to make a real impact? join us at basti ki pathshala foundation as a data analytics intern! we are a non-profit organization dedicated to providing quality education to underprivileged children in rural india. as a data analytics intern, you will have the opportunity to apply your skills to drive meaningful change and improve the lives of countless children. 

key responsibilities:
1. analyze educational data to identify trends and patterns that can inform decision-making
2. create visualizations and reports to communicate data insights effectively to stakeholders
3. assist in developing predictive models to improve student outcomes
4. collaborate with the team to design and implement data-driven strategies
5. clean and organize data for analysis purposes
6. support in conducting a/b testing and experiments to optimize programs
7. continuously learn and stay updated on the latest trends in data analytics

join us in our mission to transform education and empower the next generation. apply now and be a part of something truly impactful!",Job offer post internship,Internshala
data-science,data analytics,qubixo,Work from home,"₹ 10,000 - 20,000 /month",3 Months,"python, sql, data analytics, ms-excel, data science, power bi, tableau","we are thrilled to announce an exciting opportunity for a data analytics intern at qubixo! if you are proficient in python, sql, data analytics, ms-excel, data science, power bi, and tableau, this position is perfect for you. as a 'data analytics intern' at qubixo, you will have the chance to work on cutting-edge projects and gain invaluable hands-on experience in the field. 

selected intern's day-to-day responsibilites include: 

1. assisting with data collection, cleaning, and analysis using python and sql
2. creating interactive dashboards and reports in power bi and tableau
3. conducting statistical analysis and data visualization to support business decisions
4. collaborating with team members to identify trends and insights within the data
5. assisting with the development and implementation of data-driven strategies
6. presenting findings and recommendations to stakeholders
7. contributing to the overall success of the data analytics team at qubixo

if you are a proactive and detail-oriented individual with a passion for data analytics, we want to hear from you! join us at qubixo and take your skills to the next level. apply now for this amazing opportunity.",No PPO Mentioned,Internshala
data-science,data annotation,daten & wissen private limited,Mira Bhayandar,"₹ 4,500 - 5,000 /month",6 Months,"ms-excel, data entry, data interpretation, data extraction, data cleaning, data manipulation, data annotation","we are looking for a data annotation intern to support our ai/ml projects by labeling and annotating images accurately. this role is ideal for candidates who are detail-oriented and interested in working with data and artificial intelligence.



1. perform image labeling and annotation as per project guidelines
2. ensure accuracy and consistency in annotated data
3. review and correct annotations when required
4. meet daily/weekly annotation targets
5. follow data confidentiality and quality standards",No PPO Mentioned,Internshala
data-science,quant trading,m.g. shares & stocks private limited,Gurgaon,"₹ 17,000 - 28,000 /month",2 Months,"python, algorithms, ms-excel, c programming","1. backtest and develop trading strategies.
2. automate and deploy trading strategies on broker terminals.
3. monitor and evaluate the performance of live trading strategies.
4. maintain and manage structured records of trading strategies.",No PPO Mentioned,Internshala
data-science,e-commerce marketing,advertising saga,Work from home,"₹ 10,000 - 20,000 /month",6 Months,"display ads, effective communication","1. assist in setting up and managing amazon sponsored ads (sponsored products, sponsored brands, and sponsored display)
2. monitor and analyse daily campaign performance (acos, roas, ctr, cpc, etc.)
3. conduct keyword research and competitor analysis
4. help with campaign optimisation strategies, including bid adjustments and budget allocation
5. maintain and update campaign data in dashboards and reports
6. coordinate with internal teams on creative assets and product listings to support ad campaigns.",Job offer upto ₹ 4LPA post internship,Internshala
data-science,founders office (executive assistant & ai),freedom life ventures,Work from home,"₹ 3,000 - 5,000 /month",6 Months,"ms-office, project management, time management, ms-excel, google docs, english proficiency (spoken), english proficiency (written)","1. work directly with the founder to manage daily priorities, schedules, meetings, follow-ups, and execution across multiple business projects.
2. coordinate with video editors, community operations, and other interns to ensure tasks, deadlines, and standard operating procedures (sops) are completed on time.
3. prepare meeting notes, maintain documentation, organize google drive, update google sheets, and create and maintain sops.
4. use ai tools such as chatgpt and claude to conduct research, draft documents, create checklists, and improve operational workflows.
5. track key business metrics, prepare weekly reports, and identify opportunities to improve systems, processes, and operational efficiency.
6. assist in organizing workshops, webinars, online community activities, and other business operations.
7. conduct internet research, coordinate cross-functional projects, and proactively identify opportunities to improve organizational productivity.
8. support the founder in building scalable systems, optimizing business processes, and ensuring smooth execution across multiple business verticals.",No PPO Mentioned,Internshala
data-science,research and development,star sea management pvt ltd,Vashi Navi Mumbai,"₹ 5,000 - 7,000 /month",3 Months,"leadership, lead generation, process management, market research, data analysis","1. conduct research on shipping and maritime industry trends.
2. collect, analyze, and present data for business insights.
3. support process improvement and new project development.
4. prepare research reports and presentations.
5. assist with documentation and cross-functional coordination.",No PPO Mentioned,Internshala
data-science,prompt engineering,baby dino,Work from home,"₹ 1,000 - 2,000 /month",3 Months,english proficiency (written),"1. generate ai-based content and datasets for various business and technology use cases. comprehensive training will be provided.
2. dedicate sufficient time to complete assigned tasks and meet project deadlines.
3. collaborate with the team to learn ai tools, follow project guidelines, and support ongoing content and data generation activities.",No PPO Mentioned,Internshala
data-science,artificial intelligence (ai),baby dino,Work from home,"₹ 1,000 - 5,000 /month",4 Months,"machine learning, natural language processing (nlp), deep learning, artificial intelligence","1. understand, develop, and optimize ai models for various applications.
2. train, evaluate, and improve machine learning models using appropriate datasets and techniques.
3. assist in data preprocessing, model testing, and performance optimization.
4. collaborate with the team to implement ai and machine learning solutions for business requirements.",No PPO Mentioned,Internshala
data-science,ai agent development,"leader bolt (houston, united states)",Work from home,$ 99 - 100 /month,3 Months,"python, json, claude, llmops","1. design, build, deploy, and debug complex, asynchronous, multi-step automation workflows, webhooks, and data pipelines using n8n.
2. engineer ai prompts using claude and claude code to generate advanced json transformations, api expressions, and custom javascript node snippets.
3. integrate and map live data streams between frontend applications and backend platforms such as airtable.
4. build and maintain ai-powered automation solutions using tools such as crewai, langgraph, n8n, softr, and airtable.
5. develop, test, and optimize api integrations to ensure reliable data synchronization across multiple systems.
6. create and maintain custom javascript code, json transformations, and api workflows to support automation processes.
7. troubleshoot, debug, and optimize automation pipelines to improve performance and reliability.
8. collaborate with the team to design scalable enterprise automation workflows and backend architectures.",No PPO Mentioned,Internshala
data-science,frontend developer & artificial intelligence,celer commerce private limited,Work from home,"₹ 6,000 - 12,000 /month",2 Months,"java, html, css, time management, mongodb, angularjs, wireframing","1. develop responsive, visually appealing, and user-friendly web applications using modern frontend technologies.
2. build interactive and dynamic user interfaces using html, css, javascript, react.js, angular, and responsive design frameworks.
3. integrate ai-powered features and apis (such as openai, gemini, or other ai services) into frontend applications to enhance user experience and functionality.
4. collaborate with backend developers, ai engineers, and designers to implement scalable, high-performance solutions.
5. optimize applications for speed, performance, cross-browser compatibility, accessibility, and mobile responsiveness.
6. work with rest apis and modern frontend development tools, version control (git), and package managers.
7. stay updated with the latest frontend frameworks, ai technologies, ui/ux trends, and industry best practices.
8. participate in testing, debugging, code reviews, and continuous improvement of applications.",No PPO Mentioned,Internshala
data-science,data analytics,stay vista private limited,Mumbai,"₹ 5,000 /month",2 Months,ms-excel,"1. assist in data management and maintain accurate business records.
2. prepare and update mis reports using microsoft excel.
3. coordinate with internal teams to support day-to-day business operations.
4. assist in account management and ensure timely follow-ups with stakeholders.
5. analyze operational data and generate reports to support business decisions.
6. maintain documentation and ensure the accuracy of operational information.
7. support process improvements and contribute to operational efficiency.",No PPO Mentioned,Internshala
data-science,video annotator - freelance,indika ai private limited,Work from home,"₹ 1,000 - 5,000 /month",4 Weeks,"attention to detail, data annotation","we are looking for detail-oriented video annotators to contribute to the development of next-generation artificial intelligence and robotics systems. in this role, you will analyze first-person (ego-view) videos and accurately segment and label human hand actions to create high-quality datasets used for training ai models.
if you have excellent observation skills, patience, and the ability to follow detailed annotation guidelines, this is an excellent opportunity to work on cutting-edge ai projects while enjoying a flexible remote work environment.



1. review first-person (ego-view) videos carefully.
2. segment videos into accurate, continuous action intervals with no gaps or overlaps.
3. label each video segment by describing the precise physical action performed by the left hand, right hand, or both hands.
4. ensure timestamp accuracy while identifying action boundaries.
5. differentiate between active work segments and idle periods according to project guidelines.
6. maintain consistency and accuracy throughout the annotation process.
7. follow standard operating procedures (sops) and project-specific annotation guidelines.
8. perform quality checks before submitting completed annotations.
9. report unclear cases or guideline-related questions to the project team.",No PPO Mentioned,Internshala
data-science,machine learning,maxgen technologies private limited,Ahmedabad,"₹ 5,000 - 12,000 /month",3 Months,"machine learning, data science, deep learning, artificial intelligence","we are seeking a highly motivated machine learning intern to join our team at maxgen technologies private limited. if you possess a strong background in machine learning, data science, deep learning, and artificial intelligence, this opportunity is perfect for you.

key responsibilities:
1. assist in the development and implementation of machine learning algorithms.
2. collaborate with the team to analyze data and generate insights.
3. conduct research on the latest advancements in the field of ai.
4. support in the creation of predictive models and data visualizations.
5. work on projects involving natural language processing and computer vision.
6. help in the optimization of existing machine learning models.
7. contribute to the overall growth and success of the company through innovative solutions.

if you are passionate about cutting-edge technologies and eager to gain hands-on experience in the field of machine learning, we encourage you to apply for this exciting opportunity. join us in revolutionizing the future of technology at maxgen technologies private limited.",No PPO Mentioned,Internshala
data-science,ai image creator & graphic design,the funkydelic store,Work from home,"₹ 5,000 - 10,000 /month",6 Months,"adobe photoshop, adobe illustrator, video editing, final cut pro, adobe after effects, canva, adobe photoshop lightroom cc","1. design website banners and homepage creatives regularly for promotions, ad campaigns, or product highlights.
2. create high-quality product images on ai/chatgpt/gemini and visual assets for the website, ensuring brand consistency and alignment with ongoing collections.
3. build promotional visuals for sales, collaborations, and limited-edition drops.
4. turn raw product shoots into scroll-stopping content, add motion graphics, subtitles, transitions & sound design
5.help create product storytelling videos
6. experiment with trends while maintaining brand aesthetic
7. occasionally assist in basic color grading & pacing optimization
8. stay updated on design trends in streetwear, psychedelic art, and youth culture to keep brand visuals fresh and relevant.",No PPO Mentioned,Internshala
data-science,data analytics,she can foundation,Work from home,Unpaid,1 Month,"html, python, sql, data analytics, ms-excel, data science, power bi","are you a data analytics enthusiast looking to make a difference in the world? join she can foundation as a data analytics intern and help us empower women through data-driven insights! as a part of our dynamic team, you will have the opportunity to hone your skills while contributing to meaningful projects that directly impact the lives of women globally. 

key responsibilities:
1. conduct data analysis to generate actionable insights for program improvement
2. develop and maintain data visualizations to effectively communicate findings
3. collaborate with team members to identify key data metrics and kpis
4. assist in data cleaning, validation, and organization for various databases
5. support in creating predictive models and forecasting algorithms
6. present findings and recommendations to stakeholders in a clear and concise manner
7. stay updated on industry trends and best practices in data analytics to enhance our strategies

if you are a proactive and detail-oriented individual with a passion for using data to drive social impact, we want to hear from you! apply now and be a part of our mission to empower women through data analytics.",Job offer post internship,Internshala
data-science,machine learning,basti ki pathshala foundation,Work from home,Unpaid,1 Month,"html, python, data analytics, machine learning, r programming, data science, natural language processing (nlp)","as a machine learning intern at basti ki pathshala foundation, you will have the opportunity to apply your skills in python, data analytics, machine learning, r programming, data science, natural language processing (nlp), deep learning, artificial intelligence, and html to help us revolutionize education in underprivileged communities. your responsibilities will include:

1. collaborating with the team to develop machine learning models for personalized learning experiences.
2. analyzing data to identify patterns and insights that drive decision-making.
3. implementing nlp techniques to enhance communication and understanding within our platform.
4. utilizing deep learning algorithms to improve predictive analytics and recommendation systems.
5. contributing to the development of ai-powered tools for interactive learning experiences.
6. creating and maintaining data visualization dashboards to track key performance metrics.
7. assisting in the design and optimization of web interfaces using html for a seamless user experience.

join us in making a difference through technology and education at basti ki pathshala foundation!",Job offer post internship,Internshala
data-science,ai web development,inamigos foundation,Work from home,Unpaid,2 Weeks,"web development, english proficiency (spoken), english proficiency (written)","1. build and maintain your personal portfolio/profile showcasing projects and skills.
2. work on improving the foundation’s website (ui, features, performance, updates).
3. conduct research on web/ai tools and suggest practical implementations.
4. support basic development tasks and assist in technical problem-solving.",No PPO Mentioned,Internshala
data-science,ai data analytics,inamigos foundation,Work from home,Unpaid,2 Weeks,"content writing, english proficiency (spoken), english proficiency (written)","1. assist in collecting, organizing, and maintaining data for reports and analysis.
2. support in basic data analytics tasks, creating insights, and preparing simple dashboards or summaries.
3. research ai tools and suggest ways to improve workflow efficiency within the organization.
4. help analyze trends, volunteer/intern data, and generate reports for decision-making.
5. collaborate with team members on ai-based projects and documentation when required.",No PPO Mentioned,Internshala
data-science,data analytics,queens of change foundation,Work from home,Unpaid,1 Month,"html, python, sql, data analytics, ms-excel, data science, power bi","are you a data enthusiast with a passion for creating positive change in the world? queens of change foundation is seeking a data analytics intern to join our dynamic team. 

key responsibilities:
1. use python and sql to clean, manipulate, and analyze large datasets
2. utilize data analytics techniques to extract insights and trends from data
3. develop interactive dashboards and reports using tools such as ms-excel, power bi, and tableau
4. collaborate with team members to identify opportunities for data-driven decision making
5. assist in implementing data science algorithms for predictive modeling
6. enhance data visualization capabilities by incorporating html for web-based applications
7. present findings and recommendations to stakeholders to drive organizational impact

if you are a proactive problem-solver with strong technical skills in python, sql, data analytics, ms-excel, data science, power bi, tableau, and html, we want to hear from you! join us in empowering women and creating lasting change through data-driven insights. apply now to make a difference with queens of change foundation.",Job offer post internship,Internshala
data-science,social media marketing,career-domain,Nagpur,"₹ 2,000 - 5,000 /month",6 Months,"analytical thinking, effective communication, data analysis","1. monitor and analyze the performance of social media campaigns across platforms.
2. track key metrics such as reach, engagement, impressions, clicks, and follower growth.
3. prepare daily, weekly, and monthly social media performance reports.
4. identify trends, audience behavior, and content performance insights.
5. conduct competitor analysis and benchmark social media performance.
6. research trending topics, hashtags, and industry updates to improve content strategy.
7. assist in creating data-driven recommendations to optimize social media campaigns.
8. monitor audience engagement and identify opportunities to improve community interaction.
9. work closely with the content and design teams to suggest improvements based on analytics.
10. use social media analytics tools such as meta business suite, instagram insights, linkedin analytics, google analytics, and other reporting platforms.
11. track roi of paid and organic social media campaigns.
12. maintain dashboards and organize campaign performance data in excel or google sheets.
13. support a/b testing of creatives, captions, posting times, and campaign strategies.
14. generate actionable insights to improve brand visibility and engagement.
15. stay updated with the latest social media algorithms, platform updates, and digital marketing trends",No PPO Mentioned,Internshala
data-science,research analyst,aihustle,Bangalore,"₹ 12,500 - 13,000 /month",3 Months,"networking, critical thinking, problem solving, research and analytics, effective communication","1. comprehensive market research & trend analysis: conduct deep-dive research into industry trends, competitor movements, and emerging market opportunities, transforming fragmented data into structured insights that inform our strategic roadmap.
2. problem discovery & solution architecture: act as an internal consultant by identifying critical operational or market pain points. you will analyze these challenges to develop, test, and propose scalable solutions that drive business efficiency and growth.
3. stakeholder needs mapping (vendor & consumer): serve as the bridge between our supply and demand sides by conducting rigorous requirements mapping. you will synthesize the distinct needs of our vendors and consumers to ensure our product features and service offerings are perfectly aligned with market demands.",Job offer upto ₹ 3.2LPA post internship,Internshala
data-science,data science,depple soft private limited,Himmatnagar,"₹ 2,000 - 2,100 /month","₹ 2,000 - 2,100 /month","python, data analytics, machine learning, data science, artificial intelligence","1. work on python-based data cleaning and preprocessing tasks using pandas and numpy
2. perform exploratory data analysis on real-world datasets and identify meaningful patterns and insights
3. create data visualizations using matplotlib and other relevant visualization tools
4. assist in building and evaluating basic machine learning models using scikit-learn
5. complete assigned practical tasks, maintain daily work documentation, and submit progress updates to the assigned mentor
6. work on a guided data science mini-project and prepare the final project report and presentation
7. participate in mentor review sessions, implement feedback, and present the final project outcome",No PPO Mentioned,Internshala
data-science,data systems & operations,classy cut,Mumbai,"₹ 8,000 - 12,000 /month",3 Months,"python, sql, advanced excel, notion","1. audit and map all existing business data across various platforms and storage locations.
2. design and implement a centralized data management system.
3. structure databases for customers, leads, products, vendors, content assets, and internal operations.
4. create standardized folder structures and file management protocols.
5. organize and maintain image, video, document, and creative asset libraries.
6. clean, deduplicate, and standardize existing data.
7. extract and consolidate relevant contact information from various sources.
8. build systems to ensure future data is stored consistently and correctly.
9. create documentation and sops for ongoing data management.
10. assist in building dashboards and reports where required.
11. identify opportunities for automation using ai and workflow tools.

requirements:

1. advanced microsoft excel / google sheets.
2. strong understanding of data organization and management.
3. sql fundamentals.
4. basic python for data cleaning and automation.
5. experience with notion, airtable, or similar tools.
6. strong analytical and problem-solving skills.
7. excellent attention to detail.
8. comfortable working with large datasets.
9. familiarity with ai tools such as chatgpt, claude, gemini, etc.",No PPO Mentioned,Internshala
data-science,digital analyst,rankhighly,Noida,"₹ 7,000 - 12,000 /month",1 Month,"google analytics, looker studio, google tag manager","1.  assist in monitoring website performance using google analytics 4 (ga4).
2.  support tracking implementation and validation through google tag manager (gtm).
3.  create and maintain dashboards in looker studio.
4.  track user behavior, website traffic, and campaign performance.
5.  assist in conversion tracking and event tracking setup.
6.  analyze marketing data and identify trends and insights.
7.  validate data accuracy and investigate reporting discrepancies.
8.  prepare reports and presentations for internal stakeholders.
9.  support documentation of tracking plans and analytics processes.",No PPO Mentioned,Internshala
data-science,founders office,yourkrishi,"Faridabad, Delhi, Gurgaon, Noida","₹ 15,000 - 20,000 /month","₹ 15,000 - 20,000 /month","html, social media marketing, javascript, project management, market research, effective communication, product strategy","at yourkrishi, we're building a farmer-first consumer brand that brings premium, naturally grown food products directly from farms to households across india. as a founder's office intern, you'll work closely with the founders to solve real business problems across growth, marketing, operations, product, and ai-driven execution.

this is not a conventional internship. you'll be involved in building and scaling a fast-growing d2c brand while learning how decisions are made at the founder level. if you're curious, resourceful, comfortable using ai tools, and excited to take ownership, we'd love to hear from you.



1. work directly with the founders on high-impact business initiatives across marketing, growth, operations, and strategy.
2. leverage ai tools such as chatgpt, claude, gemini, perplexity, canva ai, and other productivity platforms to improve research, content creation, workflow automation, and decision-making.
3. assist in planning and executing d2c marketing campaigns across social media, whatsapp, marketplaces, and performance marketing channels.
4. conduct market, competitor, and consumer research to identify growth opportunities and generate actionable insights.
5. create compelling marketing content, campaign ideas, product positioning, and customer communication using ai-assisted workflows.
6. track business metrics, prepare reports and dashboards, and present insights to improve customer acquisition, retention, and revenue.
7. coordinate with the design, operations, supply chain, and sales teams to ensure the timely execution of business initiatives.
8. support new product launches, customer feedback analysis, and experiments aimed at improving the customer experience.
9. identify repetitive processes and build ai-powered workflows or automations to increase team productivity.
10. take ownership of special projects and contribute to building scalable systems for the d2c business.",Job offer upto ₹ 5LPA post internship,Internshala
data-science,financial market research,certiwisehub,Work from home,"₹ 1,500 - 2,000 /month",1 Month,"finance, digital marketing, market analysis, human resources, financial literacy, sales","1. analyze financial data, market trends, and economic indicators
2. prepare research reports and investment insights for clients or stakeholders
3. track stock performance, commodities, currencies, and other financial instruments
4. support portfolio strategy by identifying risks and opportunities
5. use tools like excel, bloomberg, or reuters for data interpretation and forecasting",No PPO Mentioned,Internshala
data-science,python development,cloud back,Work from home,"₹ 10,000 - 20,000 /month",3 Months,"html, css, python, django, machine learning, rest api, flask","we are looking for a dynamic and enthusiastic 'python development' intern to join our team at cloud back company. if you have a strong foundation in html, css, python, django, machine learning, rest api, and flask, this opportunity is perfect for you!

selected intern's day-to-day responsibilites include: 

1. collaborate with the development team to design, develop, and deploy scalable cloud-based applications.
2. utilize your knowledge of python and django to create efficient and user-friendly web applications.
3. implement machine learning algorithms to enhance data processing and analysis capabilities.
4. develop rest api endpoints for seamless integration with various systems and services.
5. utilize flask to build microservices and ensure smooth communication between different components.
6. assist in testing and debugging to ensure high-quality code and optimal performance.
7. stay updated on the latest technologies and trends in python development to continuously improve our products and services. 

if you are passionate about software development and eager to gain hands-on experience in a fast-paced environment, apply now and embark on an exciting journey with us!",No PPO Mentioned,Internshala
data-science,data science,deepthought culturetech ventures private limited,Work from home,"₹ 4,000 /month",6 Months,"english proficiency (spoken), english proficiency (written)","1. develop deterministic algorithms for agentic workflows within dt's pdgms ai platform
2. conduct simulations and record findings from behavioral simulations
3. read psychology papers to gather sources for the deterministic decision trees for pdgms ai platform",No PPO Mentioned,Internshala
data-science,artificial intelligence (ai),deepthought culturetech ventures private limited,Work from home,"₹ 4,000 /month",6 Months,artificial intelligence,"1. develop an ai agent to solve business problems.
2. document the problem-solving and solution using the dt framework.
3. simulate the solution with business owners to gather training data.",No PPO Mentioned,Internshala
data-science,data analytics,deepthought culturetech ventures private limited,Work from home,"₹ 4,000 /month",6 Months,"data analytics, english proficiency (spoken)","1. analyze business data and develop comprehensive reports.
2. develop automated dashboards for continuous improvement of the processes.
3. develop agentic workflows for analytics.",No PPO Mentioned,Internshala
data-science,ai powered social media content creation,safalta setu,Work from home,Unpaid,4 Months,"social media marketing, english proficiency (written), canva, artificial intelligence, research and analytics, effective communication, generative ai tools","1. convert approved scripts into publish-ready content.
2. generate ai assets (images, videos, voice-overs, etc.).
3. edit videos and design carousels.
4. ensure brand consistency and content quality.
5. export and upload finalized content to the designated drive folders.",No PPO Mentioned,Internshala
data-science,marketing automation,giant leap,Work from home,"₹ 3,000 - 5,000 /month",6 Months,"email marketing, automation","1. assist in scaling the botsgonewild email newsletter through structured systems
2. manage subscriber lists, segmentation, and email scheduling
3. set up and optimize automation workflows and email sequences
4. maintain crm databases using tools like convertkit and gohighlevel
5. track and qualify leads while ensuring timely follow-ups
6. monitor campaign performance and suggest workflow improvements
7. support tool integrations and backend process improvements
8. use ai and no-code tools to automate repetitive marketing tasks
9. troubleshoot basic email or automation-related issues",No PPO Mentioned,Internshala
data-science,business analytics,dekhega india,Work from home,"₹ 5,000 - 10,000 /month",1 Month,"ms-office, search engine optimization (seo), analytical thinking, ms-excel, english proficiency (spoken), english proficiency (written), power bi","1. gather, analyze, and document business requirements from stakeholders.
2. evaluate business processes and identify areas for improvement.
3. translate business needs into functional and technical requirements.
4. conduct data analysis to support strategic and operational decision-making.
5. create reports, dashboards, and presentations for stakeholders.
6. collaborate with cross-functional teams including it, product, operations, and management.
7. perform gap analysis, impact analysis, and root cause analysis.
8. support project planning, testing, implementation, and user acceptance testing (uat).
9. monitor key performance indicators (kpis) and recommend process improvements.
10. prepare business requirement documents (brds), functional requirement documents (frds), and user stories.

if you are a motivated self-starter with a passion for business analytics and brand strategy, we want to hear from you! join us at dekhega india and take the first step towards a rewarding career in marketing. apply now!",Job offer upto ₹ 7LPA post internship,Internshala
data-science,research & market intelligence analyst,vriddhikar society,"Delhi, Indore, Pune, Bhopal, Mumbai, Noida, Nashik",Unpaid,Unpaid,"ms-word, presentation skills, attention to detail, ms-excel, problem solving, report writing, research and analytics","1. conduct market research on schools, coaching institutes, and the education industry.
2. connect with school principals, coaching directors, teachers, and academic coordinators to understand their challenges and requirements.
3. collect and document customer feedback, pain points, buying behaviour, and market trends.
4. research competitors, industry developments, government education policies, and emerging edtech trends.
5. prepare weekly market intelligence reports and business insights for the leadership team.
6. identify common customer objections and recommend improvements in sales pitches and service offerings.
7. maintain structured research databases, interview records, and market reports.
8. assist in preparing research-backed presentations, reports, and strategic recommendations.

please note: upon successful completion of the internship, interns will be eligible for travel allowance (ta) and daily allowance (da) reimbursement, subject to company policy and performance evaluation.",No PPO Mentioned,Internshala
data-science,stock market trading (backtesting and research),primetrade.ai,Work from home,"₹ 10,000 - 20,000 /month",6 Months,"python, statistical modeling, git, automation, github, risk management, backend development","1. implement indicator-based strategy logic (tradingview-like) on historical data.
2. build backtesting scripts and compute metrics (return, drawdown, win rate).
3. document assumptions, risk controls, and failure cases.
4. produce structured json reports and simple charts (optional).
5. collaborate via github and maintain a reproducible readme.",No PPO Mentioned,Internshala
data-science,machine learning (modeling and evaluation),primetrade.ai,Work from home,"₹ 10,000 - 15,000 /month",3 Months,"python, linux, software testing, logical reasoning, machine learning, docker, github","1. package ai/ml prototypes into reproducible runs using configurations and environments
2. build batch and inference scripts with structured metrics json outputs
3. implement ci basics, including linting and testing, and containerize using docker where required
4. track experiments and outputs in a consistent and organized manner
5. improve system reliability by implementing timeouts, retries, and graceful failure mechanisms",No PPO Mentioned,Internshala
data-science,analytics (automation + reporting),primetrade.ai,Work from home,"₹ 10,000 - 15,000 /month",3 Months,"python, sql, statistics, automation, github, rest api, data analysis","1. build python scripts to collect data from apis/csv and produce clean datasets (json/csv).
2. generate kpi reports (pnl, win rate, drawdown, funnel metrics) in a structured format.
3. validate data quality (missing values, duplicates, outliers) and log anomalies.
4. create weekly summaries and concise insights (1–2 page max).
5. maintain reproducible workflows (cli + requirements + readme).",No PPO Mentioned,Internshala
data-science,ai agent development,primetrade.ai,Work from home,"₹ 10,000 /month",6 Months,"python, software testing","1. build tool-using agent workflows (plan → tool calls → structured output).
2. implement tool wrappers (apis/parsers) with retries, timeouts, validation, and logging.
3. enforce json schema outputs and add guardrails against unsafe/invalid results.
4. create a mini test harness (10 test prompts) and track pass/fail.
5. collaborate via github prs and document agent behavior clearly.",Job offer starting ₹ 3LPA post internship,Internshala
data-science,artificial intelligence (ai),primetrade.ai,Work from home,"₹ 10,000 /month",6 Months,"python, machine learning, natural language processing (nlp), artificial intelligence, hugging face","1. prototype ai features (summarization/extraction/classification) with strict json outputs.
2. build small evaluation sets and track quality + latency results.
3. create simple cli tools for running ai prototypes with logging and error handling.
4. implement basic rag workflows (optional) and document improvements.
5. collaborate on github via prs and maintain clean readme/run steps.",Job offer starting ₹ 3LPA post internship,Internshala
data-science,google adwords,global trend,Work from home,"₹ 7,000 /month",3 Months,"google analytics, google adwords, instagram marketing, pinterest marketing, facebook ads, performance marketing","1. plan, create, and manage paid ad campaigns on platforms like google ads, facebook, instagram, and more.
2. optimize campaigns for maximum roi by adjusting bids, targeting, and creatives.
3. conduct keyword research, audience analysis, and competitor research to improve ad performance.
4. run a/b tests for different ad creatives and copywriting strategies.
5. set up tracking tools (google analytics, facebook pixel, conversion api) to measure campaign success.
6. scale ad campaigns to generate consistent revenue growth.
7. stay up to date with the latest trends in digital advertising and implement new strategies.",No PPO Mentioned,Internshala
data-science,data analytics,maxgen technologies private limited,Ahmedabad,"₹ 5,000 - 12,000 /month",3 Months,"python, data analytics, power bi, tableau","as a data analytics intern at maxgen technologies private limited, you will have the opportunity to apply your knowledge of data analytics, python, power bi, and tableau to real-world projects. you will work alongside experienced professionals in a fast-paced and collaborative environment, gaining valuable hands-on experience and developing your skills in data analysis and visualization.

1. assist in collecting, cleaning, and analyzing data sets to identify trends and insights.
2. develop python scripts to automate data processing tasks and streamline workflows.
3. create interactive dashboards and reports using power bi and tableau for data visualization.
4. collaborate with team members to present findings and recommendations to stakeholders.
5. conduct research and stay updated on the latest trends and technologies in data analytics.
6. participate in team meetings and brainstorming sessions to contribute ideas and insights.
7. take on ad-hoc projects and tasks as needed to support the data analytics team.

if you are passionate about data analytics and eager to learn and grow in a dynamic and innovative company, this internship is the perfect opportunity for you. apply now and take the first step towards a rewarding career in data analytics with maxgen technologies private limited.",No PPO Mentioned,Internshala
data-science,data science,maxgen technologies private limited,Ahmedabad,"₹ 5,000 - 12,000 /month",3 Months,"python, machine learning, data science, deep learning","as a data science intern at maxgen technologies private limited, you will have the opportunity to apply your knowledge of machine learning, data science, deep learning, and python in a dynamic and innovative environment. you will work closely with our team of experienced data scientists to develop and implement cutting-edge solutions to complex business problems. 

1. conduct data analysis and interpretation to identify trends and patterns
2. develop and optimize machine learning models for predictive analytics
3. collaborate with cross-functional teams to integrate data-driven insights into business processes
4. assist in the design and implementation of data pipelines for efficient data collection and storage
5. perform exploratory data analysis to uncover hidden insights and opportunities
6. stay up-to-date on the latest trends and advancements in data science and machine learning
7. present findings and recommendations to key stakeholders in a clear and concise manner. 

if you are passionate about data science and eager to gain hands-on experience in a fast-paced environment, we encourage you to apply for this exciting opportunity at maxgen technologies private limited.",No PPO Mentioned,Internshala
data-science,machine learning,she can foundation,Work from home,Unpaid,1 Month,"html, python, data analytics, machine learning, r programming, data science, natural language processing (nlp)","we are looking for a motivated and talented machine learning intern to join our team at she can foundation. if you have a strong background in machine learning, python, data analytics, r programming, data science, natural language processing (nlp), deep learning, and artificial intelligence, then we want to hear from you! as an intern, you will have the opportunity to work on cutting-edge projects that make a real impact. 

key responsibilities:
1. collaborate with our team to develop and implement machine learning algorithms
2. analyze and interpret complex data sets to identify trends and patterns
3. build and train machine learning models for predictive analytics
4. conduct research to improve existing machine learning algorithms
5. assist in the development of new ai technologies for our programs
6. work on projects involving nlp and deep learning techniques
7. present findings and results to team members and stakeholders in a clear and concise manner. 

if you are passionate about using technology to make a difference and eager to learn and grow in a fast-paced environment, then apply now to join our team at she can foundation.",Job offer post internship,Internshala
data-science,artificial intelligence (ai),emoolar technology private limited,Work from home,"₹ 7,000 - 8,000 /month",3 Months,"data science, artificial intelligence","as an ai intern at emoolar technology private limited, you will be at the forefront of innovation in the field of artificial intelligence and data science. your role will be dynamic, challenging, and incredibly rewarding as you work alongside experts in the industry to develop cutting-edge ai solutions.

key responsibilities:
1. assist in developing and implementing ai algorithms and models to solve complex business problems.
2. conduct research and analysis to improve existing ai technologies and frameworks.
3. collaborate with cross-functional teams to integrate ai solutions into various products and services.
4. collect and analyze data to identify patterns and trends that can enhance ai capabilities.
5. help in the creation of prototypes and proof of concepts for new ai initiatives.
6. stay updated on the latest advancements in ai and data science to contribute innovative ideas to the team.
7. support in the testing and validation of ai models to ensure accuracy and efficiency in performance.

if you are passionate about ai and data science, possess strong analytical skills, and are eager to learn and grow in a fast-paced tech environment, then this internship opportunity is perfect for you. join us in shaping the future of ai technology at emoolar technology private limited. apply now!",No PPO Mentioned,Internshala
data-science,data science,emoolar technology private limited,Work from home,"₹ 3,000 - 4,000 /month",3 Months,"machine learning, data science","as a data science intern at emoolar technology private limited, you will have the opportunity to apply your knowledge and skills in data science and machine learning to real-world projects. you will work alongside experienced professionals in a dynamic and fast-paced environment, contributing to the development of innovative solutions that drive business growth and success. 

1. conduct data analysis and modeling to extract insights and make data-driven decisions.
2. develop and implement machine learning algorithms to solve complex problems.
3. collaborate with cross-functional teams to design and deploy data science solutions.
4. utilize advanced statistical techniques to analyze and interpret large datasets.
5. assist in the development and maintenance of data pipelines and infrastructure.
6. stay up-to-date on the latest trends and technologies in data science and machine learning.
7. present findings and recommendations to stakeholders in a clear and concise manner. 

if you are passionate about leveraging data to drive business impact and eager to gain hands-on experience in a cutting-edge tech company, this internship is perfect for you. join us at emoolar technology and take the first step towards a rewarding career in data science.",No PPO Mentioned,Internshala
data-science,ai video editor,astrotalk,Noida,"₹ 15,000 - 20,000 /month",3 Months,"generative ai tools, ai video generation, ai image generation","1. use ai and editing tools to produce both short and long-form video content
2. craft clear, effective, and creative prompts for video generation
3. develop video ideas from the ground up and turn concepts into finished content
4. polish and enhance videos to suit different digital platforms
5. work closely with the creative and marketing teams to meet content goals",No PPO Mentioned,Internshala
data-science,ai content creation,giant leap,Work from home,"₹ 2,000 - 5,000 /month",6 Months,"creativity, video editing, chatgpt, gemini","1. create video content using ai-based tools
2. edit high-quality short-form videos and ad creatives
3. use ai tools for voiceovers and content generation
4. develop engaging content optimized for performance",No PPO Mentioned,Internshala
data-science,coding instructor | mentor | data structures & algorithms,cipherschools,"Chandigarh, Delhi, Gurgaon, Mohali, Noida, Punjab","₹ 60,000 - 80,000 /month",4 Months,"java, algorithms, data structures, c programming, c++ programming","about the internship


1. conduct interactive in-person sessions to teach competitive programming concepts and problem-solving strategies.
2. design and deliver lectures on algorithms, data structures, and coding techniques relevant to competitive programming.
3. create and manage coding challenges and mock contests to prepare students for real-world competitions.
4. provide personalized feedback and guidance to students to enhance their coding skills and efficiency.
5. mentor students on how to approach coding problems, optimize solutions, and improve their time management during contests.
6. stay updated with the latest trends in competitive programming and incorporate best practices into the curriculum.
7. evaluate student progress through regular assessments and provide constructive feedback.
8. collaborate with other mentors to develop a structured, up-to-date curriculum.",No PPO Mentioned,Internshala
data-science,artificial intelligence (ai),dekhega india,Work from home,"₹ 5,000 - 10,000 /month",1 Month,"ms-office, wordpress, bootstrap, search engine optimization (seo), node.js, analytical thinking, ms-excel","1. design, develop, and deploy ai and machine learning models for real-world applications.
2. build and integrate generative ai solutions using large language models (llms).
3. develop ai-powered chatbots, virtual assistants, and automation tools.
4. fine-tune and optimize pre-trained ai models for specific business use cases.
5. implement retrieval-augmented generation (rag) pipelines using vector databases.
6. develop rest apis and integrate ai services into web and mobile applications.
7. collect, clean, and preprocess structured and unstructured datasets.
8. evaluate model performance and improve accuracy, scalability, and efficiency.
9. collaborate with software developers, data scientists, and product teams to deliver ai solutions.
10. monitor deployed ai models and implement mlops best practices.
11. stay up to date with emerging ai technologies, research, and industry trends.

if you are a motivated self-starter with a passion for web development and brand strategy, we want to hear from you! join us at dekhega india and take the first step towards a rewarding career in marketing. apply now!",Job offer upto ₹ 7LPA post internship,Internshala
data-science,data analytics,dekhega india,Work from home,"₹ 5,000 - 10,000 /month",1 Month,"ms-office, data analytics, search engine optimization (seo), analytical thinking, ms-excel, english proficiency (spoken), english proficiency (written)","1. collect, clean, and validate data from multiple sources.
2. analyze large datasets to identify trends, patterns, and business insights.
3. develop and maintain dashboards using bi tools such as power bi or tableau.
4. create reports and present findings to stakeholders.
5. write complex sql queries for data extraction and analysis.
6. perform statistical analysis and data visualization.
7. collaborate with business teams to understand reporting requirements.
8. monitor key performance indicators (kpis) and recommend improvements.
9. ensure data accuracy, integrity, and consistency.
10. automate recurring reports and analytical processes where possible.

if you are a motivated self-starter with a passion for data analytics and brand strategy, we want to hear from you! join us at dekhega india and take the first step towards a rewarding career in marketing. apply now!",Job offer upto ₹ 7LPA post internship,Internshala
data-science,data analytics,fitbae healthcare private limited,Work from home,"₹ 5,500 - 6,500 /month",3 Months,"data analytics, ms-excel, effective communication","1. work with spreadsheets to organize, update, and manage data accurately
2. review, verify, and maintain data quality and consistency
3. assist in preparing simple reports and summaries for internal use",No PPO Mentioned,Internshala
data-science,graphic designer (static + motion + ai),marketing espy,Work from home,"₹ 9,000 - 10,000 /month",6 Months,"adobe photoshop, adobe illustrator, video editing, adobe premiere pro, video making, animation, adobe after effects","selected intern’s day-to-day responsibilities include:

1. studying design briefs and determining requirements.
2. creating digital media assets such as posters, videos, and reels.
3. developing illustrations, logos, and other digital/print media designs.
4. ensuring final graphics and layouts are visually appealing and aligned with brand guidelines.
5. using ai tools to enhance creativity and efficiency in design workflows.
6. researching and identifying the latest trends on social media.
7. meeting deadlines consistently and completing assigned work/projects on time.",No PPO Mentioned,Internshala
data-science,excel expert,jp it staffing llc,Work from home,"₹ 2,000 - 6,000 /month",3 Months,"ms-excel, english proficiency (spoken)","are you a whiz with ms-excel and looking to kickstart your career in it? join us at jp it staffing llc as an excel expert intern! we are seeking a talented individual with strong english proficiency to join our dynamic team. here, you will have the opportunity to learn and grow in a fast-paced environment while gaining valuable hands-on experience in the world of it staffing. 



1. utilize advanced excel functions to analyze and manipulate data effectively.
2. assist in creating and maintaining spreadsheets and databases for various projects.
3. collaborate with team members to streamline processes and increase efficiency.
4. provide support in generating reports and presenting findings to stakeholders.
5. help troubleshoot and resolve any excel-related issues that may arise.
6. stay updated on the latest excel features and techniques to improve productivity.
7. contribute innovative ideas to enhance our excel capabilities and drive business success. 

if you are a detail-oriented individual with a passion for excel and a desire to grow professionally, we want to hear from you! apply now and take the first step towards an exciting career with jp it staffing llc.",No PPO Mentioned,Internshala
data-science,knowledge management and research associate,spearhead intersearch,Delhi,"₹ 20,000 - 25,000 /month",6 Months,"recruitment, research and analytics, resume screening","1. conduct in-depth market intelligence, industry research, and talent mapping to support executive search assignments across diverse industries.
2. perform primary and secondary research using public sources, authorized databases, cold calling, and identification techniques to identify senior and leadership talent.
3. develop recruitment strategies by identifying target companies, industries, and sectors for candidate sourcing.
4. source, collate, and validate market intelligence from electronic media, print publications, the internet, seminars, conferences, and other relevant sources.
5. capture, analyze, update, and maintain research data within the company's data management ecosystem.
6. ensure data integrity through continuous verification, validation, and regular updates of research databases.
7. prepare executive summaries for existing and prospective clients, including business overviews, key facts, competitor analysis, organizational structures, and reference assignments.
8. collaborate with cross-functional teams to identify, capture, and document critical organizational knowledge and information assets.
9. monitor market developments, competitor activities, and industry trends, including market mapping and sector analysis.
10. deliver accurate, high-quality research and analytical insights while maintaining speed, reliability, and attention to detail.",No PPO Mentioned,Internshala
data-science,performance marketing,one root,Bangalore,"₹ 10,000 - 15,000 /month",6 Months,"search engine marketing (sem), google adwords, search engine optimization (seo), facebook ads, linkedin ads","1. manage and optimize seo initiatives to improve search engine rankings and drive organic traffic.
2. plan, execute, and monitor digital advertising campaigns across google ads, meta (facebook & instagram), youtube, linkedin, and other relevant platforms.
3. drive website traffic and improve conversion rates through data-driven marketing strategies.
4. conduct keyword research, competitor analysis, and audience targeting to optimize campaign performance.
5. monitor campaign performance and prepare analytical reports with actionable insights.
6. support lead generation and customer acquisition efforts for oneroot's products and services.
7. collaborate with the content, design, and digital marketing teams to develop high-performing campaigns.
8. optimize landing pages, ad creatives, and campaign strategies to maximize roi.
9. promote farmer awareness programs and agricultural initiatives through targeted digital marketing campaigns.
10. track key marketing kpis, including cpc, ctr, roas, conversion rates, and lead quality.",No PPO Mentioned,Internshala
data-science,lead management,edu shikshavertex private limited,"Chennai, Erode, Kanyakumari","₹ 4,500 - 30,000 /month","₹ 4,500 - 30,000 /month",effective communication,"are you passionate about education and eager to make a difference in the lives of students? join our team as a 'lead management intern!' as a crucial member of our team, you will have the opportunity to work closely with our marketing and sales departments to generate and nurture leads, ultimately contributing to the growth and success of our company. 

selected intern's day-to-day responsibilites include: 

1. utilize crm software to track and manage leads throughout the sales cycle
2. qualify leads through phone calls, emails, and online communication
3. develop and implement lead generation strategies to increase customer acquisition
4. collaborate with sales team to ensure leads are properly handed off and followed up on
5. analyze lead data and provide insights to improve lead management processes
6. assist in the development of marketing campaigns to attract new leads
7. stay up-to-date on industry trends and best practices to optimize lead management strategies

if you are a proactive, detail-oriented individual with excellent communication skills and a strong desire to learn, we want to hear from you! apply now to kickstart your career in lead management with us.",No PPO Mentioned,Internshala
data-science,artificial intelligence (ai),she can foundation,Work from home,Unpaid,1 Month,"python, data structures, machine learning, data science, neural networks, natural language processing (nlp), deep learning","as an ai intern at she can foundation, you will have the exciting opportunity to apply your knowledge of artificial intelligence, machine learning, chatgpt, gemini, grok, and claude to help empower women and girls around the world. you will work closely with our team to develop innovative solutions and strategies that leverage ai technology to make a meaningful impact.



1. conduct research and analysis to identify opportunities for integrating ai into our programs and initiatives.
2. collaborate with cross-functional teams to design and develop ai-powered tools and applications.
3. test and optimize ai algorithms and models to improve accuracy and performance.
4. assist in training and educating staff on ai technologies and best practices.
5. support the implementation and deployment of ai solutions in various projects.
6. monitor and evaluate the effectiveness of ai interventions and make recommendations for improvements.
7. stay up-to-date on the latest trends and advancements in ai to continuously enhance our capabilities and drive innovation. 

if you are passionate about using ai to drive social change and make a positive impact, we want to hear from you! join us in making a difference and shaping a brighter future for women and girls everywhere. apply now and be part of something truly special.",Job offer post internship,Internshala
data-science,machine learning,nayepankh foundation,Work from home,Unpaid,1 Month,"python, data analytics, machine learning, r programming, data science, natural language processing (nlp), deep learning","as a machine learning intern at nayepankh foundation, you will have the opportunity to apply your expertise in machine learning, python, data analytics, r programming, data science, natural language processing (nlp), deep learning, and artificial intelligence to drive innovative solutions in the field of education. your responsibilities will include:

1. developing and implementing machine learning models to enhance educational tools and resources.
2. conducting data analysis to gain insights into student learning patterns and behavior.
3. collaborating with cross-functional teams to integrate machine learning capabilities into existing systems.
4. utilizing nlp techniques to improve communication and interaction with students and teachers.
5. exploring deep learning algorithms to optimize educational content delivery and personalization.
6. contributing to the research and development of ai-driven solutions for educational challenges.
7. assisting in the design and execution of experiments to evaluate the effectiveness of machine learning solutions in educational settings.

join us at nayepankh foundation and make a meaningful impact on the future of education through advanced machine learning technologies.",Job offer post internship,Internshala
data-science,machine learning,cloud back,Work from home,"₹ 15,000 - 20,000 /month",3 Months,"python, data analytics, machine learning, r programming, data science, natural language processing (nlp), deep learning","as a machine learning intern at our cloud back company, you will have the opportunity to work on cutting-edge projects and gain hands-on experience in the field of artificial intelligence and data science. your expertise in python, r programming, data analytics, and natural language processing will be put to the test as you collaborate with our team of experts.

 

1. develop and implement machine learning algorithms to improve cloud services' performance.
2. analyze and interpret data to extract valuable insights and make data-driven decisions.
3. build and train deep learning models for predictive analytics and pattern recognition.
4. assist in the development of ai-powered solutions for optimizing cloud infrastructure.
5. collaborate with cross-functional teams to integrate machine learning capabilities into our products.
6. stay updated on the latest advancements in machine learning and contribute to research efforts.
7. present findings and recommendations to stakeholders in a clear and concise manner. 

if you are passionate about leveraging technology to revolutionize the cloud industry, apply now and join us in shaping the future of cloud computing.",No PPO Mentioned,Internshala
data-science,product engineering (ai-assisted development),experiences.digital,Gurgaon,"₹ 3,000 - 5,000 /month","₹ 3,000 - 5,000 /month","javascript, mongodb, node.js","as a product engineering intern at experiences. digital, you will have the opportunity to work on cutting-edge ai-assisted development projects that will shape the future of digital experiences. we are looking for someone who is proficient in javascript, node.js, and mongodb to join our dynamic team. 



1. collaborate with our product engineering team to develop innovative ai solutions that enhance user experiences.
2. assist in the design and implementation of scalable and robust software applications using node.js.
3. utilize mongodb to optimize data storage and retrieval processes for our digital products.
4. participate in code reviews and provide feedback to improve code quality and performance.
5. work closely with cross-functional teams to integrate ai technologies into our existing digital platforms.
6. research and experiment with new ai tools and technologies to stay ahead of industry trends.
7. contribute to the overall success of our ai-assisted development projects through your creativity and technical expertise.",No PPO Mentioned,Internshala
data-science,takeoff prompt student ambassador,takeoff entertainment llp,Work from home,"₹ 6,000 /month",1 Month,networking,"takeoff prompt is on a mission to make every student ai-ready through practical ai literacy and prompt engineering skills.

as a student brand ambassador, you will represent takeoff prompt within your college, inspire fellow students to become ai-ready, and help spread awareness about the importance of ai prompting and productivity.

this is an opportunity to build leadership experience, strengthen your resume, earn incentives, and become one of the faces of ai literacy on your campus.



1. promote the takeoff prompt ai literacy program within your college.
2. introduce fellow students to the india ai prompt challenge and other ai literacy initiatives.
3. share course updates, posters, and promotional materials through whatsapp, instagram, linkedin, and college communities.
4. organise awareness sessions, classroom outreach activities, and small ai meetups with support from takeoff prompt.
5. encourage students to enrol using your unique referral code.
6. act as the primary point of contact between takeoff prompt and your college.",No PPO Mentioned,Internshala
data-science,data analytics,unessa foundation,Work from home,Unpaid,1 Month,data analytics,"are you a passionate individual with a keen interest in data analytics? unessa foundation is seeking a talented intern to join our team in vadodara! as a data analytics intern, you will have the opportunity to work on impactful projects and gain valuable hands-on experience in the field.



1. conduct data analysis to identify trends and patterns.
2. create visualizations and reports to communicate findings.
3. assist in developing data models and algorithms.
4. collaborate with team members to optimize data collection processes.
5. support in implementing data-driven strategies.
6. stay updated on industry trends and best practices.
7. present findings and recommendations to stakeholders.

if you are a proactive, detail-oriented individual with a strong analytical mindset, we want to hear from you! join us at unessa foundation and make a difference through the power of data. apply now and kickstart your career in data analytics!",No PPO Mentioned,Internshala
data-science,data science,unessa foundation,Work from home,Unpaid,1 Month,data science,"are you passionate about using data to drive social impact? unessa foundation is seeking a talented data science intern to join our team in vadodara. as a data science intern, you will have the opportunity to work on cutting-edge projects that leverage data to make a difference in the world. you will collaborate with our team of data scientists to analyze, visualize, and interpret data in order to inform decision-making and drive strategy.



1. clean and preprocess data to ensure accuracy and reliability.
2. develop predictive models and algorithms to extract insights from data.
3. conduct exploratory data analysis to uncover trends and patterns.
4. create data visualizations to communicate findings effectively.
5. collaborate with cross-functional teams to integrate data-driven solutions.
6. stay current on industry trends and best practices in data science.
7. present findings and recommendations to stakeholders in a clear and concise manner.

if you are a motivated self-starter with a passion for using data for social good, we want to hear from you! apply today to join our dynamic team and make a real impact with your skills in data science.",No PPO Mentioned,Internshala
data-science,ai data annotation executive – odia language,achieve point private limited,Work from home,"₹ 7,000 - 20,000 /month",3 Months,data annotation,"we are hiring odia language candidates for an ai data annotation project. the selected candidates will work on odia language-based data tasks such as text annotation, content categorization, intent tagging, audio/text labeling, data validation, and quality checking while following the project guidelines.



1. review odia text and audio data and annotate it accurately as per the project guidelines.
2. perform labeling, tagging, classification, and categorization of odia language data.
3. identify the correct intent, meaning, sentiment, entities, or required labels based on project instructions.
4. review data quality and correct errors wherever required.
5. follow annotation guidelines, formatting standards, and quality requirements.
6. complete assigned tasks within the given timelines.
7. maintain the confidentiality of project data and client information.
8. coordinate with the internal team to incorporate feedback, corrections, and updates.",No PPO Mentioned,Internshala
data-science,data entry associate,codecraft it solutions,Work from home,"₹ 1,000 /month",3 Months,"ms-word, time management, multitasking, ms-excel, effective communication, document management, google sheets","1. organize and maintain digital and physical files.
2. generate reports and summaries from collected data.
3. ensure confidentiality and security of sensitive information.",No PPO Mentioned,Internshala
data-science,ai agent development,reveonai life sciences solutions private limited,Jaipur,"₹ 5,000 /month","₹ 5,000 /month","problem solving, artificial intelligence, artificial intelligence markup language (aiml), prompt engineering","1. study real-life sciences processes from sops and source documents, then map current-state workflows - who does what, what data moves where, and where ai automation can help.
2. configure end-to-end ai workflows on our internal platform: define data inputs, ai reasoning steps, outputs, and human review checkpoints, plus business rules, validation logic, and document templates.
3. test workflows against sample data, find edge cases, debug and refine prompts/logic, and document configurations into our reusable template library so the team can maintain and extend them.",No PPO Mentioned,Internshala
data-science,data science,queens of change foundation,Work from home,Unpaid,1 Month,"html, python, sql, data analytics, data science, deep learning, artificial intelligence","as a data science intern at queens of change foundation, you will have the opportunity to apply your knowledge of data science, python, sql, data analytics, machine learning, natural language processing (nlp), deep learning, artificial intelligence, and html to make a positive impact in the world. 

key responsibilities:
1. collaborate with the data science team to analyze and interpret complex data sets.
2. develop and implement machine learning models to solve real-world problems.
3. conduct research on new data science technologies and methodologies.
4. create visualizations and reports to communicate key findings to stakeholders.
5. assist in the development of ai-powered solutions for social impact initiatives.
6. participate in brainstorming sessions to generate innovative ideas for projects.
7. contribute to the overall success of the organization through your data science expertise. 

if you are a passionate and driven individual looking to gain hands-on experience in the field of data science while making a difference in the community, apply now to join our dynamic team at queens of change foundation.",Job offer post internship,Internshala
data-science,business strategy analyst,faclon,Mumbai,"₹ 6,000 - 10,000 /month",4 Months,"strategy, power bi, research and analytics, data analysis, report generation, google sheets","1. maintain crm hygiene across hubspot, including sales pipeline updates, partner activities, and internal business trackers.
2. capture meeting notes, track action items, and ensure timely follow-ups across the founder's office, hyperscaler partners, and cross-functional teams.
3. conduct market research and gather competitive intelligence to support strategic initiatives and partnership opportunities.
4. prepare first drafts of concept notes, client presentations, partner decks, one-pagers, and internal documentation.
5. build and maintain trackers, dashboards, and reports using google sheets/excel to improve visibility and decision-making.
6. identify repetitive manual processes and create simple automations, templates, or workflows using google sheets, apps script, zapier, or ai tools.
7. coordinate with multiple teams to ensure tasks are tracked, updated, and completed on time.",No PPO Mentioned,Internshala
data-science,business analyst (legal & data),creating minds,Bangalore,"₹ 8,000 - 15,000 /month",3 Months,"project management, data analytics, analytical thinking, problem solving, business analysis, research and analytics, effective communication","are you a dynamic and driven individual with a passion for management, business analytics, and legal studies? if so, we have the perfect opportunity for you at creating minds. as an intern with us, you will have the chance to hone your skills in effective communication, problem-solving, research and analytics, analytical thinking, and project management. 



1. assist in conducting research and data analysis to support business decision-making.
2. collaborate with cross-functional teams to develop and implement strategic initiatives.
3. support the legal team in reviewing contracts, agreements, and other legal documents.
4. help in project management by tracking milestones, deadlines, and deliverables.
5. prepare reports and presentations for senior management on key business metrics.
6. analyze market trends and competitive landscapes to identify growth opportunities.
7. participate in brainstorming sessions and contribute innovative ideas for company growth. 
8. use ai tools responsibly for learning, research, documentation assistance, and productivity improvement while ensuring that the final work is understandable and explainable.

if you are a motivated individual looking to gain hands-on experience in a fast-paced and innovative environment, apply now to join our team at creating minds.",Job offer upto ₹ 7LPA post internship,Internshala
data-science,data analytics,jobyaari,Work from home,"₹ 2,000 - 4,000 /month",6 Months,"data analytics, logical reasoning, critical thinking, ms-excel, problem solving, database management system (dbms), artificial intelligence","1. search job portals, government websites, and company career pages daily to identify new vacancy advertisements.
2. download and systematically organize pdf vacancy notices in a structured digital archive.
3. extract key details from each pdf, including post name, location, salary, last date, advertisement number, advertisement date, age limit, required qualifications, and specialization. use of deepseek to analyse pdf's
4. cross-check extracted data against the original pdf to ensure accuracy and completeness.
5. convert raw data into a structured format (excel/google sheets) with standardized columns for easy analysis and feeding into website backend.
6. categorize vacancies on basis of qualifications.
7. flag urgent deadlines (e.g., applications closing within 7 days) for priority processing.
8. prepare and submit a daily report summarizing processed vacancies, highlighting trends and key findings.
9. use pdf extraction tools (adobe acrobat, smallpdf) efficiently and suggest workflow improvements.
10. collaborate with the team to refine data extraction methods and address any challenges.",No PPO Mentioned,Internshala
data-science,machine learning,indiascope,South,"₹ 5,500 - 14,000 /month",4 Months,"python, machine learning, natural language processing (nlp), deep learning, artificial intelligence, pytorch","indiascope is an ai-powered digital encyclopedia of india, with a mission to make india's history, culture, languages, traditions, cuisine, tourism, wildlife, and educational knowledge accessible through cutting-edge ai technologies.
as an intern, you'll have the opportunity to work on exciting projects involving:
🔹 natural language processing (nlp)
🔹 deep learning using pytorch
🔹 large language models (llms) & prompt engineering
🔹 retrieval-augmented generation (rag)
🔹 automatic speech recognition (asr)
🔹 text-to-speech (tts) & voice cloning
🔹 machine translation for indian languages
🔹 multimodal ai applications",No PPO Mentioned,Internshala
data-science,ai content creation,blur candy,Work from home,"₹ 22,500 - 30,000 /month",3 Months,"content management, marketing, prompt engineering, content editing","1. create and refine ai-generated visual content using modern ai tools and creative workflows.
2. write and improve prompts to achieve accurate, high-quality, and brand-aligned outputs.
3. review generated content, identify areas for improvement, and make creative refinements to maintain quality standards.
4. collaborate with the creative team to deliver content efficiently while meeting project timelines.
5. stay updated with the latest ai tools, prompt engineering techniques, and creative technologies to continuously improve output quality.

if you enjoy solving creative challenges with technology and want to work on real-world projects with leading brands, we would love to hear from you.

what you will learn:

this internship is designed to give you real-world experience with the latest ai-powered creative tools and workflows. by the end of the internship, you will have skills that set you apart from most aspiring creators and marketers.

1. hands-on ai image generation — actually generated hundreds of images, not just aware of midjourney. ask for a portfolio/drive link as proof.
2. ai video generation experience — worked with seedance, kling, veo, runway or similar. knows the difference between image-to-video and text-to-video prompting.
3. prompt engineering for specific models — nano banana pro and seedance 2.0 specifically, or demonstrated ability to learn a model's quirks fast (reference syntax, what breaks fidelity, etc.)
4. node-based workflow familiarity — freepik spaces, comfyui, or any pipeline/workspace tool. they should understand inputs → nodes → outputs, not just single-prompt tools.",No PPO Mentioned,Internshala
data-science,machine learning,webmobi,Work from home,"₹ 5,000 /month",2 Months,"python, machine learning","machine learning research intern 

about the internship
we're looking for a machine learning research intern who enjoys building real-world ai systems and learning from cutting-edge research.
during this internship, you'll work with state-of-the-art speech ai models, public datasets, and modern ml engineering tools to build reproducible machine learning pipelines. you'll gain hands-on experience with the complete lifecycle of applied machine learning—from understanding research papers to evaluating models, running experiments, and building production-ready workflows.

this internship is ideal for students who want practical experience in speech ai, deep 
learning, hugging face, and mlops.

what you'll work on
depending on your interests and progress, you'll contribute to projects such as:
building reproducible machine learning pipelines using python and pytorch.
working with pretrained speech models from hugging face.
exploring and preparing public speech datasets.
designing model evaluation and benchmarking frameworks.
running inference and analyzing model performance.
experimenting with fine-tuning and transfer learning.
reading and implementing ideas from recent research papers.
building tools for experiment tracking, model versioning, and reproducibility.
documenting technical findings and presenting experimental results.

technologies you'll learn
python
pytorch
hugging face transformers
hugging face datasets
speech ai
wav2vec2
hubert
whisper
machine learning evaluation

experiment tracking (ml flow / weights & biases)
docker
git
fast api (optional)
aws (optional)",No PPO Mentioned,Internshala
data-science,ai website & digital experience,sjain ventures limited,Raipur,"₹ 10,000 - 17,000 /month",6 Months,"html, javascript, search engine optimization (seo), react, figma, angular, chatgpt","1. maintain and update sjain group websites
2. design new landing pages and ui sections
3. create website content using ai
4. generate illustrations, graphics and banners
5. optimize websites for seo
6. maintain brand consistency
7. update case studies, insights and blogs
8. work with react developers for implementation
9. create marketing creatives and presentations
10. build reusable design systems
11. use ai tools for faster design and content production",No PPO Mentioned,Internshala
data-science,"ai automation (n8n, ai agents & apis)",wayfarer ecommerce private limited,"Delhi, Ghaziabad, Noida","₹ 10,000 - 15,000 /month",2 Months,"java, python, git, json, github, rest api","we are looking for a passionate ai automation intern who is eager to learn and build ai-powered automations. you will work on real-world projects involving ai agents, workflow automation, whatsapp integration, crm automation, and travel technology. this is an excellent opportunity for freshers who want hands-on experience with modern ai tools and automation platforms.



1. build workflow automations using n8n.
2. develop and maintain ai agents for business operations.
3. integrate apis such as whatsapp, email, crm, and travel apis.
4. work with llms like openai, claude, gemini, or open-source models.
5. automate repetitive business processes to improve efficiency.
6. connect databases and third-party services with automation workflows.
7. test, debug, and optimize automation pipelines.
8. document workflows and technical implementations.
9. collaborate with the development team on ai-powered features.",No PPO Mentioned,Internshala
data-science,ai engineer,innovativus technologies private limited,Delhi,"₹ 15,000 - 20,000 /month",3 Months,"python, git, machine learning, natural language processing (nlp), deep learning, fastapi, pytorch","1. build and fine-tune llm and nlp pipelines, including inference, prompting, and evaluation for multilingual (indian language) use cases.
2. work with self-hosted model serving (llama.cpp, gguf quantization) and integrate models into fastapi backend services.
3. support development of voice and translation pipelines (stt, tts, vad) and experiment with latency optimization.
4. assist in data preparation, embedding generation, and building retrieval and search components.
5. write clean, documented python code, run experiments, and report results with clear metrics.",No PPO Mentioned,Internshala
data-science,data research (education domain),careers360,Gurgaon,"₹ 19,999 - 20,000 /month",6 Months,"presentation skills, ms-excel, research and analytics, data extraction","1. research information related to colleges, universities, schools, entrance exams, admissions, counselling, scholarships, and education policies.
2. collect, organize, clean, and maintain education-related datasets.
3. verify information through official sources such as university websites, regulatory bodies, and government portals.
4. track and update admission notifications, eligibility criteria, fee structures, seat matrices, and important dates.
5. prepare and manage structured datasets using microsoft excel and google sheets.
6. support the content and video teams by creating research documents, presentations, and data summaries.
7. monitor education-related news, government announcements, and policy updates.
8. ensure data accuracy, consistency, and completeness before publishing.
9. collaborate with internal teams to meet research requirements and project deadlines.",No PPO Mentioned,Internshala
data-science,python development,she can foundation,Work from home,Unpaid,1 Month,"html, python","are you a passionate python developer with experience in html, css, django, machine learning, rest api, and flask? join the she can foundation as a python development intern and make a difference in empowering women through technology!



1. work closely with the development team to design and implement new features for our web applications using python and django.
2. collaborate with data scientists to integrate machine learning models into our platforms for enhanced user experiences.
3. develop and maintain rest apis to ensure seamless communication between different systems and databases.
4. utilize flask to create microservices that support various functionalities across our platforms.
5. assist in troubleshooting and debugging issues to ensure smooth operation of our applications.
6. participate in code reviews and contribute to the continuous improvement of our development processes.
7. stay up-to-date with the latest trends and technologies in python development to bring innovative solutions to our projects.

if you are ready to gain hands-on experience in a dynamic and supportive environment, apply now and be a part of our mission to empower women through technology at she can foundation!",Job offer post internship,Internshala
data-science,ai driven growth marketing,leadstrategus,Bangalore,"₹ 20,000 /month",3 Months,"social media marketing, digital marketing, market analysis, instagram marketing","1. doing deep, data-driven market research and helping unravel powerful insights for clients.
2. experimenting with llms and ai-assisted research workflows to improve research quality, speed, and insight generation.
3. helping build intent analytics-based databases, the new way to find customers most likely to buy.
4. supporting lightweight automation and agent-based workflows for data collection, enrichment, summarisation, and outreach personalisation.
5. applying an automation-first mindset to improve research workflows, identify repetitive tasks, test better ways of working, and help the team scale research delivery efficiently.",No PPO Mentioned,Internshala
data-science,data processing,codecraft it solutions,Work from home,"₹ 1,000 /month",3 Months,"time management, ms-excel, effective communication","1. communicate with team members to resolve data discrepancies and obtain missing information.
2. meet productivity targets while maintaining a high level of accuracy.
3. use office software and data management tools, such as microsoft excel, google sheets, and database applications.",No PPO Mentioned,Internshala
data-science,data science,accredian,Work from home,"₹ 10,000 - 15,000 /month",6 Months,"python, video editing, sql, machine learning, video making, r programming, deep learning","as a data science content specialist intern, you will be at the intersection of data science and content creation, helping to communicate complex data insights in an accessible and engaging manner. this role is perfect for someone who has a knack for storytelling with data, enjoys writing, and is eager to gain hands-on experience in both data science and content development.



1. work with the data science team to understand educational data projects and translate technical findings into clear, engaging content for educators, students, and stakeholders
2. develop and write a variety of content types, including blog posts, case studies, reading material, educational resources, and social media posts that highlight our data-driven educational initiatives
3. assist in creating data visualizations and infographics to support and enhance written content
4. research current trends in data science, ai advancements, and other competitor activities to inform and enrich content creation
5. collaborate with the marketing team to provide data-driven insights that optimize our content strategy
6. participate in team meetings and brainstorming sessions to generate new content ideas and strategies
7. work as a teaching assistant for live sessions hosted on the weekends",No PPO Mentioned,Internshala
data-science,data analytics faculty (online),vikalp india private limited,Work from home,"₹ 6,000 - 9,000 /month",6 Months,online teaching,"vikalp online school is an experiential learning platform committed to nurturing future-ready learners through activity-based and experiential education. we aim to equip students with practical skills in emerging technologies, including data analytics, artificial intelligence, coding, and entrepreneurship.

position overview:

we are seeking a knowledgeable and enthusiastic data analytics faculty member to teach students the fundamentals of data analysis, visualization, and data-driven decision-making through engaging online classes. the ideal candidate should be able to simplify analytical concepts using real-world datasets and project-based learning.



1. conduct live online data analytics classes for middle school, high school, and senior secondary students.
2. teach concepts through practical examples, case studies, and hands-on projects.
3. develop lesson plans, assignments, quizzes, and capstone projects.
4. introduce students to data collection, cleaning, analysis, visualization, and interpretation.
5. guide students in creating dashboards and presenting data-driven insights.
6. assess student performance and provide constructive feedback.
7. mentor students during individual and group projects.
8. maintain attendance records, progress reports, and academic records.
9. collaborate with the academic team to continuously improve the curriculum.
10. participate in faculty meetings, training sessions, and curriculum development activities.",No PPO Mentioned,Internshala
data-science,data entry,codecraft it solutions,Work from home,"₹ 1,000 /month",3 Months,"ms-office, time management, typing, ms-excel, computer skills, effective communication, data analysis","1. accurately enter and update data into spreadsheets, databases, or company software while maintaining a high level of accuracy.
2. verify and maintain records by checking data for errors, correcting discrepancies, and ensuring information is complete and up to date.
3. organize and manage digital files by maintaining proper documentation, generating reports when required, and ensuring the confidentiality of company data.",No PPO Mentioned,Internshala
data-science,data analytics,pv doctor pte. ltd.,Work from home,"₹ 20,000 /month",2 Months,"python, linux, sql, data analytics, ms sql server, ms-excel, shell scripting","this position will join the pv doctor – smart o&m team, focusing on data engineering and analyzing the performance and long-term behavior of a large portfolio of pv assets throughout asia.



1. designing and implementing an organization-wide data collection system, ensuring information accuracy and reliability, and establishing standardized reporting formats.
2. serving as a key resource for process improvement teams and departments regarding quality data management and statistical analysis.
3. identifying opportunities to leverage company data to enhance product and process performance through collaboration with various stakeholders.
4. utilizing advanced data mining and analysis techniques to drive quality improvements and optimize datasets.
5. preparing and delivering regular reports for senior management.",No PPO Mentioned,Internshala
data-science,data management executive,codecraft it solutions,Work from home,"₹ 1,000 /month",3 Months,"time management, ms-excel, problem solving, effective communication, data analysis","1. manage and maintain data – collect, organize, update, and maintain accurate records in databases and spreadsheets.
2. ensure data quality – verify data, identify and correct errors, and maintain consistency and accuracy across systems.
3. generate reports and support analysis – prepare reports, organize data for analysis, and provide data-related support to different teams.",No PPO Mentioned,Internshala
data-science,tagin language expert (native speakers),solvitude,Work from home,"₹ 5,000 - 10,000 /month",1 Month,"time management, typing, ms-excel, proofreading, translation, english proficiency (spoken), english proficiency (written)","we are looking for native tagin speakers to join our remote language annotation project. as a selected intern, you will review tagin text, identify and correct grammar, spelling, punctuation, and other language-related errors, and translate the corrected text into accurate and natural english while maintaining high-quality standards.

this is an excellent opportunity for individuals with strong tagin language skills who are interested in contributing to ai and language technology projects.



1. review assigned tagin text records to ensure accuracy and consistency.
2. identify and correct grammar, spelling, punctuation, and other linguistic errors in the text.
3. edit the original tagin text while preserving its intended meaning and context.
4. translate the corrected tagin text into clear, accurate, and natural english.
5. adhere to project guidelines and maintain expected quality standards.
6. achieve assigned daily and weekly productivity goals.
7. submit completed tasks within specified timelines and meet all project deadlines.",No PPO Mentioned,Internshala
data-science,nagamese language expert (native speakers),solvitude,Work from home,"₹ 5,000 - 10,000 /month",1 Month,"time management, typing, ms-excel, proofreading, translation, english proficiency (spoken), english proficiency (written)","we are looking for native nagamese speakers to join our remote language annotation project. as a selected intern, you will review nagamese text, identify and correct grammar, spelling, punctuation, and other language-related errors, and translate the corrected text into accurate and natural english while maintaining high-quality standards.

this is an excellent opportunity for individuals with strong nagamese language skills who are interested in contributing to ai and language technology projects.

selected intern's day-to-day responsibilities include:

1. review assigned nagamese text records for accuracy and quality.
2. identify and correct grammar, spelling, punctuation, and other language-related errors.
3. revise the original nagamese text while preserving its intended meaning.
4. translate the corrected nagamese text into clear, accurate, and natural english.
5. follow project guidelines and maintain the required quality standards.
6. meet assigned daily and weekly productivity targets.
7. complete assigned tasks within the project timelines and ensure timely submission.",No PPO Mentioned,Internshala
data-science,karbi language expert (native speakers),solvitude,Work from home,"₹ 5,000 - 10,000 /month",1 Month,"time management, typing, ms-excel, proofreading, translation, english proficiency (spoken), english proficiency (written)","we are looking for native karbi speakers to join our remote language annotation project. as a selected intern, you will review karbi text, identify and correct grammar, spelling, punctuation, and other language-related errors, and translate the corrected text into accurate and natural english while maintaining high quality standards.
this is an excellent opportunity for individuals with strong karbi language skills who are interested in contributing to ai and language technology projects.

selected intern's day-to-day responsibilities include:

1. review assigned karbi text records for accuracy and quality.
2. identify and correct grammar, spelling, punctuation, and other language-related errors.
3. revise the original karbi text while preserving its intended meaning.
4. translate the corrected karbi text into clear, accurate, and natural english.
5. adhere to project guidelines and maintain the required quality standards.
6. achieve assigned daily and weekly productivity targets.
7. complete assigned tasks within the project timelines and meet all deadlines.",No PPO Mentioned,Internshala
data-science,software development,tactical response automation pvt. ltd.,Noida,"₹ 5,000 - 10,000 /month",3 Months,"opencv, python, linux, machine learning, control systems, c++ programming, gazebo","we are looking for highly motivated and technically strong software engineering interns to work on advanced drone autonomy, ai, simulation, and flight control systems. this is a hands-on internship opportunity for candidates passionate about uav development, robotics, and autonomous systems.



1. develop autonomous flight algorithms and mission logic
2. build ai/ml and computer vision models for uav applications
3. develop guidance, navigation, and control software
4. create simulation environments using gazebo
5. integrate software with ardupilot/px4 autopilot
6. perform software-in-the-loop (sitl) testing
7. debug and optimize c++ and python applications
8. develop software for onboard companion computers
9. document software architecture and testing results",Job offer starting ₹ 8LPA post internship,Internshala
data-science,data entry & business data research,wechartered consultancy private limited,Work from home,"₹ 5,000 - 6,000 /month",6 Months,"attention to detail, data analytics, ms-excel, english proficiency (spoken), english proficiency (written), research and analytics","job title: data entry & business data research executive
company: wesoftek solutions pvt. ltd.

we are looking for detail-oriented and analytical data entry & research executives to support business data collection and cleaning processes. the role involves sourcing, verifying, and organizing business data from multiple online platforms, ensuring that it is structured and ready for internal business use across departments.

this is a remote opportunity ideal for candidates with strong research skills, attention to detail, and basic analytical thinking.



1. research and source business data from multiple platforms such as google my business, instagram, b2b directories, and other online sources.
2. collect relevant business information based on defined categories and parameters.
3. clean, verify, and organize data to ensure accuracy and consistency.
4. classify data into structured categories for internal team usage.
5. maintain updated and error-free databases.
6. ensure data completeness and remove duplicate or irrelevant entries.
7. support operations, sales, and marketing teams by providing well-organized datasets.",No PPO Mentioned,Internshala
data-science,nyishi language expert (native speakers),solvitude,Work from home,"₹ 5,000 - 10,000 /month",1 Month,"time management, typing, ms-excel, proofreading, translation, english proficiency (spoken), english proficiency (written)","solvitude solutions private limited is seeking native nyishi speakers to join a remote language annotation project. as a selected intern, you will review nyishi text, identify and correct grammatical, spelling, punctuation, and other linguistic errors, and translate the corrected text into accurate and natural english while maintaining high-quality standards.

this is an excellent opportunity for individuals with strong nyishi language skills who are interested in contributing to ai and language technology projects.

selected intern's day-to-day responsibilities include:

1. review assigned nyishi text records.
2. identify errors related to grammar, spelling, punctuation, and other language issues.
3. correct the original nyishi text while preserving its intended meaning.
4. translate the corrected nyishi text into clear, accurate, and natural english.
5. follow the project guidelines and quality standards.
6. meet daily and weekly productivity targets.",No PPO Mentioned,Internshala
data-science,manipuri language expert (native speakers),solvitude,Work from home,"₹ 5,000 - 10,000 /month",1 Month,"time management, typing, ms-excel, proofreading, translation, english proficiency (spoken), english proficiency (written)","solvitude solutions private limited is hiring native manipuri speakers for a remote language annotation project. the selected interns will review manipuri text, identify language errors, correct them, and translate the corrected text into english while maintaining high quality and accuracy.
this is an excellent opportunity for candidates with strong manipuri language skills who are interested in contributing to ai and language technology projects.

selected intern's day-to-day responsibilities include:

1. review assigned manipuri text records.
2. identify errors related to grammar, spelling, punctuation, and other language issues.
3. correct the original manipuri text while preserving its intended meaning.
4. translate the corrected manipuri text into clear and accurate english.
5. follow the project guidelines and quality standards.
6. meet daily and weekly productivity targets.
7. submit completed work within the assigned timelines.",No PPO Mentioned,Internshala
data-science,artificial intelligence (ai),funlingo,Work from home,"₹ 12,000 - 20,000 /month",3 Months,"frontend development, backend development, artificial intelligence, claude","as an artificial intelligence (ai) intern at funlingo, you will have the opportunity to work closely with claude, our ai expert, to develop cutting-edge technologies that revolutionize the way people learn languages. 



1. assisting in the development and implementation of ai algorithms to enhance the user experience of our language learning platform.
2. conducting research and analysis to improve the accuracy and efficiency of our ai-powered tools.
3. collaborating with the engineering team to integrate ai functionalities into our existing software.
4. testing and debugging ai models to ensure optimal performance and reliability.
5. participating in brainstorming sessions to generate innovative ideas for future ai projects.
6. staying up-to-date on the latest developments in ai technology and applying new insights to your work.
7. contributing to the overall success of the team by actively participating in team meetings and sharing your unique perspective as an ai intern with knowledge of claude. 

if you are passionate about ai and eager to make a positive impact in the field of language learning, this internship opportunity is perfect for you. join us at funlingo and be a part of our mission to make language learning fun, engaging, and effective with the help of ai.",No PPO Mentioned,Internshala
data-science,robotics,vedron.ai,Work from home,"$ 30,000 - 1,00,000 /month",6 Weeks,"python, robotics, raspberry pi, embedded systems, arduino, c programming, c++ programming","we are looking for the top 5% of india’s scientific and mathematical minds to build frontier-level evaluation data. your goal is to create complex, text-based reasoning problems that can challenge and evaluate the capabilities of the world’s most advanced, next-generation ai models (such as gpt-5.4 and opus 4.8).

this is not a basic data-entry or standard content-writing role. it involves high-level, programmatically verifiable problem-solving designed to push the limits of artificial intelligence.



1. create complex, phd-level stem problems and evaluation datasets entirely in text and mathematical formats (non-multimodal).
2. design rigorous, well-defined problems with solutions that can be programmatically verified as definitively correct or incorrect.
3. develop evaluation tasks that stress-test next-generation ai models and maintain an elite difficulty standard, ensuring models are challenged effectively.
4. create advanced problems across domains such as mathematics, theoretical physics, chemistry, and life sciences (molecular biology/biotechnology).
5. contribute to ai alignment research, model benchmarking, and automated code-based verification frameworks.",No PPO Mentioned,Internshala
data-science,data science,omnidya tech llp,Ahmedabad,"₹ 10,000 - 15,000 /month",6 Months,"python, sql, git, ms sql server, ms-excel, statistics, data science","1. collect, clean, and preprocess datasets, perform exploratory data analysis (eda), and identify meaningful trends and patterns.
2. assist in building, testing, and evaluating machine learning models while creating dashboards and visualizations to communicate insights.
3. write python and sql scripts, document project workflows, and collaborate with engineering and product teams on real-world data science projects.",No PPO Mentioned,Internshala
data-science,google ads expert,codecraft it solutions,Work from home,"₹ 1,000 /month",3 Months,"google analytics, digital marketing, google adwords, search engine optimization (seo), ms-excel, effective communication, data analysis","1. create, manage, and optimize google ads campaigns to achieve performance goals.
2. conduct keyword research, monitor campaign performance, and implement optimization strategies.
3. analyze campaign data, prepare performance reports, and recommend improvements to maximize roi.",No PPO Mentioned,Internshala
data-science,data science,blurgs,Delhi,"₹ 50,000 /month",6 Months,"python, machine learning, data science, numpy, pandas, time series analysis","1. work with maritime ais datasets to clean, preprocess, structure, and analyze vessel movement data.
2. develop and test trajectory interpolation methods to fill missing ais positions and improve track continuity.
3. build and experiment with path prediction approaches using time-series, sequence-based, and geospatial techniques.
4. handle geospatial data using python libraries such as geopandas, shapely, and related tools.
5. analyze vessel movement patterns, routes, speed, heading, and location-based anomalies.
6. create scripts, notebooks, and visualizations to support model development, evaluation, and internal reviews.
7. collaborate with the team to improve data pipelines, model accuracy, and practical deployment of maritime tracking intelligence.",No PPO Mentioned,Internshala
data-science,artificial intelligence (ai),the aitel,Chennai,"₹ 10,000 - 20,000 /month",2 Months,"python, machine learning, natural language processing (nlp), artificial intelligence","1. integrate and test new asr, llm, and tts provider apis into the voice pipeline.
2. help improve turn-taking logic: how agents detect when a caller has finished speaking and respond naturally.
3. work on real-time audio streaming, including websocket-based stt/tts flows.
4. contribute to prompt engineering, language detection, and multilingual call handling.
5. debug pipeline edge cases: barge-in, silence handling, voicemail detection, fallback chains.
6. write scripts and tooling to evaluate pipeline quality (latency, accuracy, turn success rates).",Job offer upto ₹ 7LPA post internship,Internshala
data-science,consumer research,equity reach,Work from home,"₹ 1,500 - 2,500 /month",1 Month,"ms-office, english proficiency (spoken), english proficiency (written)","1. design, review, and improve survey questionnaires to ensure accurate, relevant, and unbiased data collection.
2. conduct online research and gather responses through surveys, forms, and questionnaires from target participants.
3. analyze personality assessment results and identify behavioral patterns, preferences, and response trends.
4. verify and organize collected data to maintain accuracy, consistency, and research quality standards.
5. track survey participation rates and coordinate follow-ups to improve completion and response quality.
6. prepare research summaries, reports, and presentations highlighting key findings and actionable insights.
7. assist in consumer behavior studies, opinion surveys, and market perception analysis projects.",No PPO Mentioned,Internshala
data-science,academy lead – ai education,namaah pvt ltd,Work from home,"₹ 6,000 - 10,000 /month",6 Months,"leadership, team management, english proficiency (spoken), generative ai tools","1. lead and manage the ncta department, overseeing trainers, content creators, coordinators, and interns.
2. plan, organize, and coordinate ai training programs, workshops, seminars, and online learning sessions for educational institutions.
3. supervise the development of ai learning content, teaching videos, and the ncta online learning platform.
4. monitor training quality, student engagement, and feedback, and ensure content remains practical and up to date.
5. coordinate with management, partner institutions, and internal teams to ensure smooth department operations and timely task completion.
6. identify partnership opportunities and drive initiatives to expand ncta's training programs and outreach.",No PPO Mentioned,Internshala
data-science,data processing associate,codecraft it solutions,Work from home,"₹ 1,000 /month",3 Months,"ms-excel, interpersonal skills, effective communication","1. data processing and management – process, organize, and update data accurately in databases and business systems according to established procedures.
2. data validation and quality control – verify, clean, and reconcile data to ensure accuracy, completeness, and consistency before processing.
3. reporting and record maintenance – maintain organized records, generate reports, and ensure the confidentiality and security of processed data",No PPO Mentioned,Internshala
data-science,ai agent development,propyaar,Work from home,"₹ 5,000 - 6,000 /month",4 Months,"python, machine learning, artificial intelligence, llm evaluation","1.build and deploy conversational ai applications and autonomous agents using python.
2.integrate large language models (llms) and implement advanced architectures like rag.
3.rapidly prototype and test ai workflows using modern developer tools.
4.evaluate llm outputs for accuracy, latency, and relevance to improve overall system behavior.",No PPO Mentioned,Internshala
data-science,technical analyst,requin solutions private limited,Jaipur,"₹ 10,000 /month",6 Months,"mysql, python, data analytics, statistical modeling, machine learning, data visualization, scikit-learn","1. analyze, interpret, and visualize data to derive actionable business insights.
2. develop dashboards, reports, and kpis using business intelligence tools.
3. assist in building ai and machine learning solutions for real-world business problems.
4. work with databases, data pipelines, and data transformation processes.
5. participate in requirement gathering, solution design, and project documentation.
6. research and evaluate emerging technologies and recommend innovative solutions.
7. collaborate with cross-functional teams to solve complex technical and business challenges.",No PPO Mentioned,Internshala
data-science,ai research,synergy labs,"Gurgaon, Panipat, Panipat Sub-District","₹ 10,000 - 15,000 /month",3 Months,"python, machine learning, artificial intelligence, generative ai development","we are a technology-driven startup exploring the future of ai-powered agents and automation. our mission is to build scalable solutions using cutting-edge generative ai, llms, and autonomous agents that solve real-world problems. join us if you’re curious, innovative, and ready to get your hands dirty with ai research! as a research intern, you will dive deep into the world of generative ai agents, large language models (llms), and autonomous multi-agent systems. you’ll help us map the landscape, explore technical capabilities, evaluate tools, and contribute to prototype development.



1. conduct comprehensive research on generative ai agents, llm-based agents and autonomous agent frameworks.
2. analyze recent papers, blogs, github projects, and industry updates related to ai agents.
3. benchmark and compare agent frameworks and toolkits for performance, capabilities, and real-world applications.
4. support the team in prototyping basic agent workflows and simulations.
5. prepare detailed reports, documentation, and presentation materials for internal knowledge sharing.
6. identify gaps, opportunities, and potential use cases for ai agents in specific industries (e.g., e-commerce, finance and customer support).
7. assist in writing proof-of-concept code (python, js, or any relevant language) to test different agent architectures.",No PPO Mentioned,Internshala
data-science,reinforcement learning,technoculture research,Bangalore,"₹ 18,000 - 22,000 /month",6 Months,"python, physics, git, reinforcement learning, simulation and modeling","about us:

technoculture research is re-imagining how the world measures health by building micro-scale electrochemical laboratories that deliver lab-grade accuracy directly to clinicians, community health workers, and patients. our platform combines microfabricated electrodes, advanced surface chemistries, and microfluidics to perform protein, nucleic-acid, and metabolite assays within minutes.

by replacing expensive optical detection methods with electron sensing technology, we aim to significantly reduce diagnostic costs and make precision healthcare accessible worldwide.

job description:

we are looking for a motivated reinforcement learning intern to join our robotics team at sentientx (sentient industries private limited). the selected candidate will work on rl-based control policies with a focus on legged locomotion, including quadruped and humanoid robots, contributing to research and implementation efforts that bridge simulation and real-world deployment.



1. train and evaluate reinforcement learning policies for robotic locomotion tasks in simulation environments.
2. work with physics-based simulation environments to develop, test, and improve robot control behaviors.
3. contribute to sim-to-real transfer research and implementation.
4. implement and benchmark reinforcement learning algorithms such as ppo (proximal policy optimization) and sac (soft actor-critic) for locomotion tasks.
5. document experiments, results, and research findings clearly for the team.
6. collaborate with the robotics engineering team on research and deployment projects.",No PPO Mentioned,Internshala
data-science,ai/ml inference kernel engineer,hubnine india private limited,Work from home,"₹ 10,000 - 25,000 /month",6 Months,"python, algorithms, data structures, machine learning, artificial intelligence, apis, pytorch","about us:

we are building the cloud execution layer for physical ai and next-generation multimodal workloads. we begin with the models powering robots, world simulators, spatial systems, and visual intelligence, and build the infrastructure that makes these compute-intensive ai workloads faster, easier, and more cost-effective to run.

the role:

we are looking for an ml systems & inference engineer to build the technical foundation of our platform. this role sits at the intersection of model serving, gpu systems, performance engineering, and cloud infrastructure.

this is not a generic backend role or a pure research role. the ideal candidate should be able to understand model code, profile runtimes, identify bottlenecks, develop optimizations, measure improvements, and ship reliable infrastructure solutions.



1. build and optimize cloud inference pipelines for physical ai, multimodal, generative, simulation, and world-model workloads.
2. improve performance across startup time, queue time, latency, throughput, gpu utilization, reliability, and cost per output or job.
3. develop platform execution components, including model packaging, warm pools, artifact and model caching, batching, queueing, scheduling, and model-aware execution policies.
4. apply optimization techniques such as dynamic batching, quantized model variants, and torch. compile, tensorrt, onnx runtime, caching, routing, and distributed execution.
5. profile bottlenecks across gpu compute, memory bandwidth, cpu preprocessing, i/o, model loading, serialization, queueing, and serving overhead.
6. build benchmarking and evaluation systems to measure latency, throughput, startup time, memory usage, gpu utilization, cost, reliability, and workload quality.
7. convert execution telemetry into product capabilities such as performance reporting, cost visibility, configuration recommendations, and workload comparisons.
8. create reusable model adapters, container images, and serving templates for rapid onboarding of new model families.
9. work with founders, design partners, and early customers to translate real-world workloads into product requirements and technical roadmaps.
10. collaborate with gpu performance specialists to evaluate and validate runtime and kernel optimizations.
11. help define engineering standards, technical hiring criteria, and the architecture of the core platform.",No PPO Mentioned,Internshala
data-science,ai and robotics trainer,stempedia,"Ambala, Faridabad, Gurgaon, Jind, Kurukshetra, Sonipat, Sirsa, Fatehabad, Charkhi Dadri, Hisar, Bhiwani, Palwal, Nuh, Haryana, Jhajjar","₹ 10,000 - 15,000 /month",6 Months,"python, robotics","we are looking for enthusiastic, dedicated, and technically sound individuals to join as ai and robotics trainer interns for the implementation of a school-based coding, ai, robotics, and astronomy education program across haryana. the selected trainer will work closely with schools, teachers, and students to deliver engaging sessions, support innovation projects, and strengthen technology-enabled learning in classrooms and labs. the role requires regular school visits, practical session delivery, student mentoring, teacher handholding, and timely documentation of activities as per the prescribed guidelines. 



1. conduct sessions in schools on coding, artificial intelligence, robotics, and astronomy as per the curriculum and schedule
2. provide handholding support to teachers on technical usage, pedagogy, lab activities, and hackathon readiness
3. mentor students in developing projects, prototypes, and innovation models
4. maintain documentation, including reports, attendance, progress updates, and records as per sop
5. ensure proper usage, upkeep, and basic troubleshooting of lab equipment and resources
6. support planning and execution of innovation activities, competitions, exhibitions, and hackathons
7. coordinate with school authorities, teachers, district coordinators, and project teams
8. travel to assigned schools within the district or cluster as per the deployment plan
9. participate in orientation sessions, review meetings, trainings, and workshops",No PPO Mentioned,Internshala
data-science,artificial intelligence (ai),vedaz,Work from home,"₹ 10,000 - 11,000 /month",3 Months,"amazon web services (aws), natural language processing (nlp), artificial intelligence","1. build and optimize nlp/llm pipelines for our conversational ai and astrologer-chat features (openai, hugging face, deepseek, and similar), including prompt engineering, retrieval, and response quality tuning.
2. develop recommendation systems that personalize content and services based on user behavior, preferences, and birth-chart (astrology) data.
3. build predictive and forecasting models for life-event and horoscope use cases using historical user and astrology datasets.
4. run experiments and apply research-backed techniques (fine-tuning, rag, evaluation frameworks) to continuously improve model accuracy and latency.
5. deploy, host, monitor, and scale ai models on cloud or custom servers — owning the pipeline end to end (inference, cost optimization, uptime).
6. work closely with developers and domain experts (astrologers, psychologists) to refine outputs and ensure they're accurate, responsible, and on-brand.",Job offer upto ₹ 4LPA post internship,Internshala
data-science,marketing & ai systems,subash vijay associates (sva),Mumbai,"₹ 6,000 - 8,000 /month",6 Months,"social media marketing, digital marketing, facebook marketing, marketing strategy, content marketing, artificial intelligence, instagram marketing","1. assist in creating and executing marketing campaigns across social media platforms.
2. develop engaging content ideas, captions, and creative concepts aligned with the brand's voice.
3. conduct market research and competitor analysis to identify trends and growth opportunities.
4. support branding initiatives and help maintain consistency across digital platforms.
5. create and manage content for instagram, youtube, linkedin, and other social media channels.
6. use ai tools such as chatgpt, gemini, or claude to improve content creation and marketing workflows.
7. analyze social media performance and provide insights to improve engagement and reach.
8. collaborate with the marketing team on campaigns, content calendars, and promotional activities.",No PPO Mentioned,Internshala
data-science,data collection & annotation,consultbae,Gurgaon,"₹ 8,000 - 10,000 /month",6 Months,"project management, english proficiency (spoken), data annotation","1. perform image annotation, segmentation, object tracking in videos, speech-to-text synchronization, and text categorization tasks for ai datasets.
2. organize, review, and label training datasets to support machine learning and ai model development.
3. follow project guidelines, validation protocols, and quality standards while completing assigned annotation tasks.
4. identify and report data inconsistencies or edge cases to the quality assurance and project teams.
5. maintain accuracy, consistency, and timely completion of assigned data annotation activities.
6. collaborate with internal teams to ensure smooth execution of ai data service projects.",Job offer upto ₹ 5LPA post internship,Internshala
data-science,ai engineer,heu technologies private limited,Kochi,"₹ 20,000 /month",6 Months,"python, rest api, flask, fastapi, langchain, prompt engineering","1. develop python-based applications or prototypes that integrate large language models (llms) using frameworks like langchain, haystack, or custom agentic architectures.
2. collaborate on building multi-step pipelines (mcp) where components handle distinct tasks such as retrieval, reasoning, and action execution.
3. assist in designing, testing, and refining prompt engineering strategies to improve llm performance across varied use cases.
4. contribute to the automation of workflows involving tools like openai, anthropic, or similar api-driven llm platforms.
5. work with senior engineers to benchmark and evaluate the effectiveness of agentic workflows.
6. document code, api usage, and design decisions clearly for future team reference.
7. participate in code reviews, sprint planning, and technical discussions.",Job offer upto ₹ 4.5LPA post internship,Internshala
data-science,data scientist,maxgen technologies private limited,Ahmedabad,"₹ 5,000 - 12,000 /month",2 Months,"machine learning, data science, deep learning","as a data scientist intern at maxgen technologies private limited, you will have the opportunity to work on cutting-edge projects in the fields of data science, machine learning, and deep learning. you will collaborate with our team of experienced data scientists to gain hands-on experience and contribute to real-world solutions. 

1. collaborate with team members to analyze and interpret complex data sets
2. develop and implement machine learning algorithms to extract valuable insights
3. work on projects involving predictive modeling and data visualization
4. assist in the creation and deployment of deep learning models
5. conduct research to stay current on industry trends and advancements in data science
6. participate in brainstorming sessions to generate innovative ideas for data-driven solutions
7. communicate findings and results effectively to team members and stakeholders 

if you are passionate about data science and eager to learn and grow in a dynamic environment, we want to hear from you. join us at maxgen technologies and take the first step towards a rewarding career in data science. apply now!",No PPO Mentioned,Internshala
data-science,data anlayst,maxgen technologies private limited,Ahmedabad,"₹ 5,000 - 12,000 /month",2 Months,"data analytics, advanced excel, tableau, data analysis","as a data analyst intern at maxgen technologies private limited, you will have the opportunity to work with a dynamic team and gain hands-on experience in the field of data analysis. you will work on real-world projects and contribute to the company's success by leveraging your skills in data analysis, data analytics, advanced excel, and tableau. 

key responsibilities:
1. assist in collecting, organizing, and analyzing data from various sources
2. develop reports and visualizations using tableau to communicate key insights to stakeholders
3. conduct data cleaning and transformation to ensure data accuracy and reliability
4. collaborate with team members to identify trends, patterns, and opportunities for improvement
5. support in developing predictive models and data-driven strategies to drive business growth
6. participate in meetings and presentations to share findings and recommendations
7. continuously learn and improve your skills in data analysis and stay updated on industry trends. 

if you are a proactive and detail-oriented individual with a passion for data analysis, this internship opportunity at maxgen technologies is perfect for you. join us and take the first step towards a successful career in data analytics. apply now!",No PPO Mentioned,Internshala
data-science,machine learning,twilearn edutech private limited,Work from home,"₹ 10,000 - 22,000 /month",4 Months,"python, data analytics, machine learning, data science, natural language processing (nlp), deep learning, artificial intelligence","we are looking for a talented machine learning intern to join our team at twilearn edutech private limited! if you have a strong background in python, data analytics, machine learning, data science, natural language processing (nlp), deep learning, and artificial intelligence, we want to hear from you. 



1. assist in developing and implementing machine learning models for educational purposes.
2. analyze and interpret complex data sets to extract valuable insights.
3. collaborate with the team to optimize machine learning algorithms.
4. conduct research to stay up-to-date on the latest trends in ai and ml.
5. support the deployment and testing of machine learning models.
6. assist in troubleshooting and resolving technical issues related to ml projects.
7. participate in team meetings and contribute ideas for project improvement. 

if you are passionate about leveraging cutting-edge technology to revolutionize education, apply now to be a part of our dynamic team!",No PPO Mentioned,Internshala
data-science,data analytics,twilearn edutech private limited,Work from home,"₹ 10,000 - 20,000 /month",3 Months,"python, sql, data analytics, ms-excel, data science, power bi, tableau","we are looking for a dynamic data analytics intern to join twilearn edutech private limited! if you are passionate about using python, sql, data analytics, ms-excel, data science, power bi, and tableau to drive insights and make data-driven decisions, then this is the perfect opportunity for you.

key responsibilities:
1. utilize python and sql to manipulate and analyze large datasets
2. create interactive dashboards and reports using tableau and power bi
3. conduct statistical analysis to identify trends and patterns in data
4. collaborate with cross-functional teams to gather requirements and deliver data-driven solutions
5. assist in developing predictive models and machine learning algorithms
6. perform data cleaning and transformation to ensure data accuracy and consistency
7. present findings and recommendations to stakeholders in a clear and concise manner

if you are a proactive and analytical individual looking to gain hands-on experience in the field of data analytics, apply now and be part of our innovative team at twilearn edutech!",No PPO Mentioned,Internshala
data-science,artificial intelligence (ai),unimonks,"Gurgaon, Delhi, Noida","₹ 4,000 - 13,000 /month",3 Months,artificial intelligence,"as an ai intern at unimonks, you will have the opportunity to work with cutting-edge technologies and make a real impact on our business. your responsibilities will include:

1. developing ai agents, content creation, image creation.
2. collaborating with our faculties for ai short clip creation.
3. ai video creation, generative ai.
4. conducting research on the latest trends and advancements in ai, utilising n8n.
5. assisting in the design and development of ai-powered solutions
6. participating in brainstorming sessions to generate innovative ideas
7. contributing to the overall growth and success of our ai initiatives

if you are passionate about artificial intelligence and eager to learn and grow in a fast-paced environment, we want to hear from you. join us at unimonks and help us shape the future of ai!",No PPO Mentioned,Internshala
data-science,data collection - non-tech role,consultbae,Gurgaon,"₹ 8,000 - 10,000 /month",6 Months,"project management, english proficiency (spoken), data annotation","1. handle advanced annotation and data interpretation tasks involving image analysis, motion tracking, audio-text synchronization, and content categorization.
2. prepare, refine, and structure diverse datasets to improve the efficiency and accuracy of ai training models.
3. maintain compliance with dynamic workflow procedures, evaluation frameworks, and established quality performance metrics.
4. coordinate with quality control specialists and data operations teams to identify and resolve complex data inconsistencies and exceptional scenarios.",No PPO Mentioned,Internshala
data-science,project executive - ai data services,consultbae,Work from home,"₹ 5,000 - 8,000 /month",6 Months,"project management, english proficiency (spoken), data annotation","selected intern’s day-to-day responsibilities include:

1. contribute to project operations by assisting in task planning and ensuring all required materials and information are readily available.
2. act as a point of coordination for team members across locations by communicating expectations clearly and keeping track of ongoing work.
3. perform preliminary quality checks on deliverables to confirm they follow the given brief, and highlight any gaps or errors.
4. oversee timelines and task progress through internal systems, proactively identifying bottlenecks and escalating concerns when needed.
5. liaise with different internal teams and external stakeholders to maintain smooth execution across various project stages.
6. keep project data up to date and compile short updates or summaries to reflect progress and key outcomes.
7. follow organizational standards related to data privacy, confidentiality, and secure handling of all work-related information.",No PPO Mentioned,Internshala
data-science,data science,she can foundation,Work from home,Unpaid,1 Month,"python, sql, data analytics, machine learning, data science, natural language processing (nlp), deep learning","are you a talented data science enthusiast looking to make a difference? join us at she can foundation as a data science intern and contribute to our mission of empowering women through data-driven insights! as a key member of our team, you will have the opportunity to work on real projects and gain valuable hands-on experience in the field.

1. dive into our data collection and analysis processes to help identify trends and patterns.
2. collaborate with our team to develop predictive models and algorithms to support decision-making.
3. assist in creating visualizations and reports to communicate findings to stakeholders.
4. conduct research and stay up-to-date on the latest data science trends and technologies.
5. participate in meetings and brainstorming sessions to contribute ideas for improving our data strategy.
6. support in maintaining and optimizing our data infrastructure and systems.
7. take on ad-hoc projects and tasks as needed to support the overall goals of the organization.

if you are a self-motivated individual with a passion for data science and a desire to make a positive impact, apply now and be a part of our dynamic team at she can foundation!",Job offer post internship,Internshala
data-science,ai web development,basti ki pathshala foundation,Work from home,Unpaid,1 Month,"html, artificial intelligence","are you passionate about using technology to make a positive impact on the world? basti ki pathshala foundation is seeking a talented ai web development intern to join our team and help us revolutionize education through the power of artificial intelligence.



1. collaborate with our development team to create and maintain cutting-edge ai-powered web applications.
2. use your expertise in html to design and develop user-friendly interfaces for our online platform.
3. implement ai algorithms to enhance user experience and personalize learning for students.
4. conduct research and analyze data to improve the performance and efficiency of our web applications.
5. assist in troubleshooting and resolving technical issues to ensure smooth operation of our online platform.
6. stay up-to-date on the latest trends and advancements in ai technology to continuously improve our products.
7. contribute innovative ideas and solutions to drive the success of our foundation's mission.

if you are a self-motivated individual with a strong background in ai and web development, and are eager to make a difference in the lives of students, we want to hear from you! join us at basti ki pathshala foundation and be a part of our exciting journey to transform education using ai technology. apply now and help us shape the future of learning!",No PPO Mentioned,Internshala
data-science,data analytics,career-domain,Nagpur,"₹ 2,000 - 5,000 /month",6 Months,"python, sql, data analytics, ms-excel, data science, power bi, tableau","1. collecting, cleaning, and organizing raw data from various sources
2. analyzing datasets to identify trends, patterns, and insights
3. preparing daily, weekly, and monthly reports
4. creating dashboards and data visualizations using tools like excel, google sheets, or bi tools
5. assisting in performance tracking and kpi analysis
6. supporting the team with data-driven decision-making
7. conducting market and competitor research analysis
8. maintaining accurate records and ensuring data integrity
9. collaborating with cross-functional teams to understand data requirements
10. presenting findings in a clear and structured format",No PPO Mentioned,Internshala
data-science,forward deployed engineer trainee (slms),bp optima pte. ltd.,Work from home,"₹ 12,000 - 22,000 /month",3 Months,"python, git, machine learning, natural language processing (nlp), rust, apis, pytorch","1. work with the founding team on live ai decision systems for enterprise clients
2. train and fine-tune domain-specific small language models (slms) for text, image, and log understanding
3. build end-to-end ai pipelines from data ingestion to decision output with guardrails and policy logic
4. run experiments using fine-tuning, embeddings, and rag techniques
5. analyze model performance and identify failure points to improve accuracy
6. take models from development notebooks to production-ready deployment
7. optimize model performance for speed and cost efficiency
8. continuously iterate by testing, debugging, and improving model outputs",Job offer upto ₹ 8LPA post internship,Internshala
data-science,python development,infoware,Ahmedabad,"₹ 5,000 - 10,000 /month",3 Months,"python, selenium","1. developing scraping scripts: designing and implementing web scraping algorithms and scripts to extract data from websites efficiently
2. data extraction and parsing: writing code to retrieve specific data elements from html, xml, json, or other structured formats on web pages
3. data cleaning and transformation: processing extracted data to ensure accuracy, consistency, and conformity with desired formats or standards
4. automation: building automated processes to regularly fetch and update data from target websites, minimizing manual intervention
5. performance optimization: optimizing scraping algorithms for speed, scalability, and resource efficiency to handle large volumes of data
6. proxy management: managing proxy servers and ip rotation to prevent ip blocking and ensure uninterrupted scraping operations",No PPO Mentioned,Internshala
data-science,ai agent development,"tzuroni ltd. (kefar sava, israel)",Work from home,"₹ 5,000 - 7,000 /month",6 Months,"python, microsoft azure, stock trading, marketing, reinforcement learning, llm evaluation","1. working on real products with paying clients and creating crewai agents to deliver actual products. understanding llm/prompts/rag/graph rag experience with working projects is an advantage!
2. azure cloud management & monitoring: monitor cloud resource usage and performance. ensure the infrastructure remains efficient and secure.
3. collaboration with senior product managers: assist in tasks assigned by senior product managers. provide input and support during product development and planning.
4. continuous learning & development: learn new technologies and industry best practices through hands-on work. stay updated on emerging trends and tools.

hiring process: 

1. skill evaluation: complete a task to assess your technical skills and problem-solving abilities.
2. interview: participate in a short, 30-minute interview to discuss your experience, skills, and fit for the role.
3. onboarding: start working after a successful interview and skill assessment!",No PPO Mentioned,Internshala
data-science,ai academic coordinator,referencified tech private limited,Work from home,"₹ 2,999 - 3,000 /month",6 Months,"content writing, adobe photoshop, canva, content editing, design system","1. research cambridge, igcse, ib, as & a level curriculum structures and academic requirements.
2. create ai prompts for worksheets, topic-wise tests, and unit assessments.
3. utilize ai tools such as notebooklm and chatgpt to generate academic content.
4. edit and review content for accuracy, grammar, formatting, and clarity.
5. prepare answer keys and cambridge-style marking schemes for assessments.
6. organize worksheets, tests, pdfs, and final academic files in google drive.
7. ensure all academic documents are tutor-ready and student-ready as per company standards.
8. follow formatting, branding, and academic content guidelines while preparing resources.",No PPO Mentioned,Internshala
data-science,data entry & annotation,singularium technologies private limited,Work from home,"₹ 8,000 /month",3 Months,"mathematics, logical reasoning, critical thinking, ms-excel, problem solving, effective communication","1.transfer and input data accurately from image sources into spreadsheets.
2.review and reconcile data to ensure accuracy and consistency.
3. annotate, label, and tag data and images according to project requirements.
4.review documents processed and extracted by ai-powered tools
5.conduct quality checks and identify data discrepancies.
6.verify item descriptions, quantities, unit prices, taxes, invoice details, and vendor 
   information for accuracy",No PPO Mentioned,Internshala
data-science,"software developer – dashboard, ai/llm & automation",metnmat research,Howrah,"₹ 20,000 - 25,000 /month",3 Months,"javascript, html 5, css3, mongodb, node.js, postgresql, automation","1. develop and improve frontend pages, dashboards, forms, tables, filters, and user interfaces for company operations.
2. work on backend apis, database models, authentication, role-based access, and business workflow logic.
3. integrate ai/llm features for report generation, data search, assistant workflows, automated summaries, and operational automation.
4. build automation flows for tasks, reminders, notifications, customer follow-ups, production updates, and internal coordination.
5. integrate third-party apis such as email, whatsapp, cloud storage, crm, erp or accounting tools, and other business systems.
6. support deployment, debugging, monitoring, and maintenance of web applications on cloud platforms.
7. work with databases, file storage, dashboards, and real-time business data.
8. identify bugs, improve performance, and support testing of new features before release.
9. prepare basic technical documentation for features, apis, workflows, and deployment steps.
10. coordinate with internal teams to understand operational requirements and convert them into software features.",No PPO Mentioned,Internshala
data-science,business analytics,isourse,Dwarka,"₹ 25,000 - 25,001 /month",6 Months,"sql, data analytics, ms-excel, problem solving, scrum, database management system (dbms), figma","as a business analytics intern at isourse, your role will involve utilizing your expertise in data analytics, problem solving, generative ai tools, jira, confluence, scrum, apis, database management systems (dbms), figma, sql, and ms-excel.

key responsibilities:
1. conduct data analysis to identify trends, patterns, and insights to support strategic decision-making.
2. develop and implement generative ai tools to automate repetitive tasks and optimize processes.
3. collaborate with cross-functional teams to gather and analyze data requirements for various projects.
4. utilize jira, confluence, and scrum methodologies to track project progress and ensure timely delivery.
5. work with apis to integrate data from different sources and enhance overall data quality.
6. manage and optimize database systems to ensure efficient data storage and retrieval.
7. create visually appealing dashboards and reports using figma, sql, and ms-excel to communicate insights effectively to stakeholders.",Job offer upto ₹ 6LPA post internship,Internshala
data-science,artificial intelligence (ai),goodwind technologies private limited,Bangalore,"₹ 10,000 - 12,000 /month",6 Months,"javascript, python, artificial intelligence, machine learning operations (mlops)","as an ai intern at goodwind technologies private limited, you will have the opportunity to work on cutting-edge projects that leverage go, python, javascript, machine learning operations (mlops), and artificial intelligence. you will collaborate with our team of experts to develop innovative solutions that drive business growth and impact society positively. 

selected intern's day-to-day responsibilities include:

1. develop and implement ai algorithms to enhance product features
2. assist in building and deploying machine learning models
3. work on mlops processes to streamline model development and deployment
4. conduct research to stay updated on the latest advancements in ai technology
5. collaborate with cross-functional teams to optimize ai solutions
6. analyze and interpret data to derive actionable insights
7. contribute to the overall success of ai projects through your technical expertise and creativity. 

join us on this exciting journey to revolutionize the world of ai and make a difference at goodwind technologies private limited.",No PPO Mentioned,Internshala
data-science,ai prompt engineer,maxgen technologies private limited,Ahmedabad,"₹ 5,000 - 12,000 /month",3 Months,"machine learning, artificial intelligence, prompt engineering","as an ai prompt engineer intern at maxgen technologies private limited, you will have the opportunity to work at the forefront of cutting-edge technologies such as prompt engineering, artificial intelligence, and machine learning. your role will be crucial in developing innovative solutions that push the boundaries of what is possible in the field of ai.

selected intern's day-to-day responsibilities include:

1. collaborate with our team of experienced engineers to design and implement ai models that harness the power of prompt engineering.
2. conduct research and experiments to improve existing ai algorithms and develop new ones that optimize performance and accuracy.
3. work on real-world projects that have a direct impact on our clients and help them achieve their business objectives.
4. assist in the deployment and maintenance of ai systems, ensuring they run smoothly and efficiently.
5. stay up-to-date with the latest advancements in ai and machine learning, and incorporate them into our projects.
6. analyze data and identify patterns that can be used to improve the performance of ai models.
7. communicate your findings and recommendations to the team clearly and concisely, contributing to a collaborative and dynamic work environment.

join us at maxgen technologies private limited and be part of a team that is shaping the future of ai technology.",No PPO Mentioned,Internshala
data-science,ai robotics trainer,klassway,Lucknow,"₹ 7,000 - 10,000 /month",6 Months,"python, robotics, machine learning, teaching, embedded systems, arduino, c programming","1. work on arduino, raspberry pi, and other microcontrollers.
2. deliver stem-oriented instruction (science, technology, engineering, and mathematics) through project-based learning methods.
3. teach school students about robotics & coding.
4. visit a school for robotic training.
5. work in the field of embedded electronics, 3d printing, iot, arduino, and programming.",Job offer upto ₹ 4LPA post internship,Internshala
data-science,data analytics,apex i soft technologies private limited,Bangalore,"₹ 15,000 - 25,000 /month",3 Months,"python, sql, data analytics, ms-excel, data science, power bi, tableau","are you a data enthusiast with a passion for analytics and a strong foundation in python, sql, ms excel, data science, power bi, and tableau? apex isoft technologies private limited is seeking a dynamic data analytics intern to join our team. as an intern, you will have the opportunity to work on real-world projects, gain hands-on experience, and contribute to our data-driven decision-making process. your responsibilities will include:

1. collaborating with team members to gather and analyze data
2. developing and implementing data models and algorithms
3. creating visualizations and reports using power bi and tableau
4. assisting in data cleaning, transformation, and validation
5. conducting statistical analysis and interpreting results
6. participating in team meetings and presenting findings
7. keeping up-to-date with industry trends and best practices

if you are a proactive problem-solver with a keen eye for detail and a desire to learn and grow in the field of data analytics, we want to hear from you! join us at apex isoft technologies and take the first step towards a rewarding career in data analytics.",Job offer upto ₹ 6LPA post internship,Internshala
data-science,ai video gen artist,sas group,Work from home,"₹ 12,000 - 15,000 /month",6 Months,ai video generation,"peblo is a mission-driven, seed-funded edutainment startup on a mission to reshape early and middle-grade education. we blend immersive storytelling, interactive game design, pedagogy, and cutting-edge ai to create personalized learning journeys for children in india and beyond.

at peblo, education meets entertainment to foster joyful, emotionally engaging learning experiences that adapt to every child's unique curiosity and pace.

we care deeply about our craft, and we'd love for you to explore what we're building before we go further.

visit our youtube channel to see what we're planning to offer through our app and learn more about our creative approach:

as an ai video generation artist, you will create engaging and educational videos for children using generative ai and animation technologies. you will combine creative storytelling, technical expertise, and an understanding of peblo's educational vision to produce compelling visual content. you will work closely with educators, writers, designers, and product teams to bring immersive learning experiences to life.



1. conceptualize, generate, and refine animated and mixed-media educational videos using ai video generation tools and creative software.
2. collaborate with writers, educators, and designers to transform educational scripts into engaging visual stories for children aged 5–12.
3. experiment with the latest ai-powered video and animation tools to improve production quality, creativity, and efficiency.
4. create story-driven, emotionally engaging videos that align with peblo's educational philosophy and brand identity.
5. adapt video content to resonate with diverse cultural backgrounds while maintaining broad appeal for young learners.
6. contribute to the development of peblo's visual style guides and help define the brand's animation identity.
7. manage the complete ai video production workflow, from concept development to post-production, while meeting project timelines.
8. incorporate feedback from cross-functional teams to continuously improve the quality of video content.
9. stay up to date with emerging trends, technologies, and best practices in ai-generated video, animation, and children's media.",No PPO Mentioned,Internshala
data-science,ai research marketing,pelvaan (ultimalabs private limited),Work from home,"₹ 7,000 - 12,000 /month",3 Months,"python, pytorch","1. research the latest ai tools and understand their features, use cases, and limitations
2. track fast-moving trends in ai tools, productivity, automation, content creation, and related areas
3. use chatgpt/claude to help draft articles, guides, comparisons, and social posts
4. publish and repurpose content across different platforms
5. help build a consistent content pipeline around ai tools and trends

main responsibility is creating content around the ai tools after well done research.",No PPO Mentioned,Internshala
data-science,ai/ml instructor,selfcode academy,Work from home,"₹ 30,000 - 50,000 lump sum",3 Months,"python, machine learning, teaching, computer vision, data science, scikit-learn, transformers","1. record video lectures based on the provided curriculum and content.
2. explain ai/ml concepts and engagingly.
3. demonstrate coding examples where required.
4. deliver recordings with clear audio and video quality.
5. meet the agreed recording schedule and deadlines.",No PPO Mentioned,Internshala
data-science,ai/machine learning teaching trainer,amigo academy private limited,Mumbai,"₹ 20,000 /month",6 Months,"python, sql, machine learning, data science, effective communication, numpy, pandas","1. assist faculty in conducting training sessions on artificial intelligence (ai), machine learning (ml), and data science.
2. support students during coding labs, practical sessions, and hands-on exercises.
3. guide students in completing python programming assignments and projects.
4. assist in preparing datasets, presentations, coding exercises, and other learning materials.
5. monitor student attendance, progress, and performance records.
6. help students build and maintain project portfolios using google colab and github.
7. participate in curriculum development, content creation, and other academic support activities.
8. conduct doubt-solving sessions under the guidance of senior trainers.
9. collaborate with the academic team to ensure an engaging and effective learning experience for students.",No PPO Mentioned,Internshala
data-science,prompt engineering & operations (voice ai),anvex ai technologies,Mumbai,"₹ 13,000 - 17,000 /month",6 Months,"report writing, english proficiency (spoken), english proficiency (written), effective communication, report generation, prompt engineering, llmops","we are building a voice ai product, and the quality of every conversation it has comes down to two things: how well it is instructed and how closely it is monitored. this role sits at the intersection of prompt engineering, quality assurance, and operations. you will write and refine the prompts that shape how our voice agents think and respond, analyze real interactions to identify areas for improvement, and help ensure consistent performance at scale. this role is ideal for someone with excellent language skills, strong analytical thinking, and a keen eye for detail. prior coding experience is helpful but not mandatory.



1. design, write, test, and refine prompts for voice ai agents, including system prompts, instructions, and dialogue logic.
2. build and optimize conversation flows, including fallbacks, error handling, and recovery from misunderstandings.
3. test voice interactions for accuracy, naturalness, latency, interruptions, and edge-case scenarios.
4. review call transcripts and interaction logs to identify failure patterns and improve prompt performance.
5. conduct structured a/b testing of prompts and document findings to optimize conversation quality.
6. curate and label datasets while helping build evaluation sets to measure ai performance objectively.
7. monitor the live performance of voice ai agents, identify issues, and support the timely resolution of production problems.
8. maintain prompt libraries, operational playbooks, and standard operating procedures (sops) to ensure consistency and knowledge sharing.
9. manage day-to-day operational tasks, including issue triaging, escalation handling, and incorporating customer feedback into product improvements.",No PPO Mentioned,Internshala
data-science,prompt engineering,maxgen technologies private limited,Ahmedabad,"₹ 5,000 - 12,000 /month",3 Months,"artificial intelligence, generative ai tools, prompt engineering","as a prompt engineering intern at maxgen technologies private limited, you will have the opportunity to work with cutting-edge technology in the field of artificial intelligence and generative ai tools. this role will provide you with hands-on experience and mentorship to expand your skills and knowledge in prompt engineering.

key responsibilities:
1. collaborate with the engineering team to develop and optimize generative ai tools.
2. research and implement innovative solutions to improve prompt engineering techniques.
3. assist in testing and debugging software to ensure optimal performance.
4. analyze data and provide insights to enhance the functionality of ai tools.
5. contribute to the design and development of new features for prompt engineering projects.
6. attend team meetings and participate in brainstorming sessions to drive innovation.
7. stay updated on the latest advancements in ai technology to continuously improve your skills. 

join us at maxgen technologies and be part of a dynamic team that is shaping the future of ai technology!",No PPO Mentioned,Internshala
data-science,business analytics,traya health,Mumbai,"₹ 20,000 - 25,000 /month",6 Months,"python, sql, data analytics, ms-excel","about the role
we are looking for highly energetic, analytical, and detail-oriented business analyst interns to support a large-scale telesales operation comprising 300+ sales agents across multiple locations.
the role is ideal for recent graduates who are passionate about data analysis, business insights, problem-solving, and operational excellence. the selected candidates will work directly with the sales leadership team on high-impact business projects, performance analytics, reporting, and root cause analysis initiatives.
key responsibilities
business analytics & reporting
• analyze daily, weekly, and monthly sales performance trends.
• monitor key business metrics including conversion, productivity, attendance, revenue, quality, and customer outcomes.
• prepare business dashboards and management reports.
• generate actionable insights from large datasets to support decision-making.
• identify performance trends across locations, teams, and customer segments.
data analysis & root cause analysis
• conduct detailed root cause analysis (rca) for performance fluctuations.
• analyze conversion drops, productivity issues, attendance challenges, and operational inefficiencies.
• identify opportunities for performance improvement through data-driven recommendations.
• support leadership with ad-hoc analytical studies and business reviews.
• build structured reports highlighting key drivers of business performance.
project management & process improvement
• support strategic business projects and process improvement initiatives.
• coordinate with team leaders, quality, training, workforce management, and operations teams.
• track project milestones and prepare progress reports.
• assist in implementation and monitoring of new business initiatives.
• document processes, sops, and project outcomes.
dashboard & automation support
• create and maintain dashboards using excel and power bi.
• improve existing reports through automation and process simplification.
• support data validation and accuracy checks.
• develop trackers and analytical tools to improve operational visibility.
leadership support
• prepare daily business review (dbr), weekly business review (wbr), and monthly business review (mbr) reports.
• present findings and recommendations to management.
• support leadership in strategic planning through analytical insights.",Job offer upto ₹ 6LPA post internship,Internshala
data-science,performance marketing specialist,creative banyan,Work from home,"₹ 5,000 - 10,000 /month",3 Months,"google analytics, facebook ads","1. assist in planning, launching, and optimizing paid campaigns across google, meta, and other digital channels.
2. analyze campaign performance and generate actionable insights to improve roi and conversions.
3. conduct audience, keyword, and competitor research to identify growth opportunities.
4. support a/b testing of ad creatives, landing pages, and campaign strategies.
5. track key marketing metrics and prepare performance reports for the team.",No PPO Mentioned,Internshala
data-science,data analytics,itech mission private limited,"Delhi, Gurgaon, Noida","₹ 15,000 /month",6 Months,"python, sql, data analytics, mongodb, ms-excel, data visualization, advanced excel","1. collecting, cleaning, and validating data from various sources.
2. analyzing datasets using excel, sql, and python to identify trends and patterns.
3. writing python scripts for data extraction, transformation, automation, and analysis tasks.
4. supporting database management and data collection processes.
5. collaborating with cross-functional teams to understand business requirements and information needs.
6. ensuring data quality, accuracy and consistency across datasets.",No PPO Mentioned,Internshala
data-science,stem mentor,teachmyrobot,"Ahmedabad, Pune, Somnath","₹ 20,000 /month",6 Months,"robotics, teaching, problem solving, effective communication","1. conduct engaging stem learning sessions for school students through online and offline classes.
2. assist in developing educational content, experiments, and project-based learning activities.
3. teach science, technology, engineering, and mathematics concepts through practical demonstrations and interactive sessions.
4. guide students in robotics, coding, and innovation-based projects.
5. track student progress and provide constructive feedback to enhance learning outcomes.
6. collaborate with the curriculum team to improve learning materials and teaching methodologies.",No PPO Mentioned,Internshala
data-science,ai movie creator (realistic short films),warewe consultancy private limited,Work from home,"₹ 4,000 - 5,000 /month",2 Months,"video editing, video making, adobe after effects, ai video generation","looking for an ai movie creator who can produce highly realistic short films (1–3 mins) using advanced ai video models (veo, runway gen-3, pika, etc.). focus is on cinematic quality, realism, and storytelling.



1. create realistic ai short movies from script to final edit
2. generate cinematic scenes using advanced ai tools (veo, runway, pika)
3. handle editing, sound, voice, and final output
4. deliver fast, high-quality content for mobile platforms",No PPO Mentioned,Internshala
data-science,ai interior design visualization,material depot,Bangalore,"₹ 18,000 - 20,000 /month",3 Months,"interior design, visual design, graphic design","we are looking for a creative and detail-oriented ai interior visualisation intern to create realistic 3d renders and visual concepts for interior spaces using ai-powered design and visualisation tools. the intern will work with interior materials such as tiles, laminates, wall panels, wallpapers, wooden flooring, quartz, wall cladding, and other surface finishes to create visually appealing and realistic room renders. the ideal candidate should have a strong understanding of interior design, spatial planning, scale, proportions, material application, lighting, composition, and aesthetics.



1. create realistic 3d and ai-generated renders of interior spaces such as living rooms, bedrooms, kitchens, bathrooms, offices, and commercial spaces.
2. apply materials such as tiles, laminates, wall panels, wallpapers, flooring, quartz, and wall cladding accurately within interior scenes.
3. use ai visualisation, image-generation, image-editing, and rendering tools to produce high-quality interior visuals.
4. maintain accurate scale, proportions, perspective, material dimensions, and product placement.
5. understand how different materials are installed and used in real interior spaces.
6. create multiple design variations using different materials, colours, finishes, layouts, and interior styles.
7. convert product images, moodboards, sketches, references, and design briefs into realistic interior visualisations.
8. refine ai-generated visuals by correcting inconsistencies in materials, lighting, perspective, furniture, and architectural elements.
9. work closely with the design, category, marketing, and content teams to create visuals for websites, campaigns, social media, catalogues, and presentations.
10. ensure that the final renders look realistic, aesthetically balanced, and commercially usable.",No PPO Mentioned,Internshala
data-science,upsc ai content creator,lawtech,Work from home,"₹ 5,500 - 9,000 lump sum",2 Months,"creativity, marketing strategy, content editing, ai video generation, ai image generation","as a upsc ai content creator intern for our lawtech company, you will have the opportunity to revolutionize the legal industry with cutting-edge technology. your role will involve researching, writing, and optimizing ai-driven content to enhance user experience and engagement. 



1. research and generate high-quality content related to upsc exams and legal topics
2. collaborate with the marketing team to develop content strategies and campaigns
3. optimize content for seo to increase visibility and search rankings
4. stay updated on the latest trends in ai technology and legal developments
5. assist in creating engaging multimedia content such as videos and infographics
6. analyze data and metrics to track content performance and make data-driven decisions
7. contribute creative ideas and innovative solutions to improve content quality and user experience. 

join us in shaping the future of lawtech and making a meaningful impact on the legal industry. apply now and unleash your potential as a upsc ai content creator intern!",No PPO Mentioned,Internshala
data-science,python development,maxgen technologies private limited,Ahmedabad,"₹ 5,000 - 12,000 /month",2 Months,"python, django, machine learning, rest api","we are looking for a talented python development intern to join our team at maxgen technologies private limited. if you have experience with python, django, machine learning, and rest api, this is the perfect opportunity for you to gain real-world experience in a fast-paced and dynamic environment.



1. collaborate with the development team to design and implement new features using python and django.
2. work on machine learning projects to enhance our products and services.
3. develop and maintain rest apis for seamless integration of our applications.
4. troubleshoot and debug issues to ensure the smooth functioning of our software.
5. assist in testing and quality assurance to deliver high-quality products to our clients.
6. stay up-to-date with the latest technologies and trends in the field of python development.
7. participate in team meetings and contribute ideas to improve our development processes.

if you are passionate about coding and eager to learn, apply now to kickstart your career in python development with us!",No PPO Mentioned,Internshala
data-science,artificial intelligence (ai),bharath group,Bangalore,"₹ 11,000 - 14,000 /month",4 Months,"python, natural language processing (nlp), artificial intelligence, prompt engineering, data annotation","are you a talented and driven individual with a passion for artificial intelligence (ai) and python programming? do you have expertise in natural language processing (nlp) and prompt engineering? if so, we have the perfect opportunity for you as an ai intern at bharath group! 

as an ai intern, you will have the opportunity to work on cutting-edge ai projects and contribute to the development of innovative solutions. your responsibilities will include:

1. collaborating with our ai team to design and implement ai algorithms and models.
2. conducting data annotation and analysis to improve ai performance.
3. developing and optimizing nlp models for various applications.
4. researching and implementing ai techniques to enhance our products.
5. assisting with ai research and development projects.
6. participating in team meetings and contributing to brainstorming sessions.
7. keeping up to date with the latest developments in ai technology.

if you are a proactive and innovative individual looking to gain hands-on experience in the field of ai, we encourage you to apply for this exciting internship opportunity with bharath group. join us in shaping the future of ai technology!",No PPO Mentioned,Internshala
data-science,artificial intelligence (ai),reducate.ai,Work from home,"₹ 2,000 /month",2 Months,"english proficiency (spoken), artificial intelligence","are you passionate about artificial intelligence and looking to gain hands-on experience in a cutting-edge tech company?
 reducate.ai is seeking a talented ai intern with english proficiency to join our dynamic team! as an ai intern for product planto.ai, you will have the opportunity to work on exciting projects and contribute to our innovative solutions in the education sector.

1. assist in pitching  ai  agents and algorithms and models to improve learning outcomes for enterprises.
2. collaborate with the ai team to analyze and interpret data to drive decision-making.
3. conduct research on the latest ai technologies and trends to enhance our products.
4. support in testing and optimizing ai systems to ensure optimal performance.
5. help in creating documentation and reports for ai projects and initiatives.
6. participate in team meetings and brainstorming sessions to share ideas and insights.
7. learn from experienced professionals and gain valuable skills in the field of artificial intelligence.

if you are a motivated and curious individual with a strong interest in ai, this internship opportunity at reducate.ai is perfect for you! join us in revolutionizing the education industry with the power of artificial intelligence. apply now and take the first step towards a rewarding career in tech!",Job offer upto ₹ 12LPA post internship,Internshala
data-science,market research,hiking it,Guntur,"₹ 8,000 - 11,000 /month",6 Months,"ms-office, ms-word, research and analytics","as a market research intern at hiking it, you will have the opportunity to gain hands-on experience in researching and analyzing market trends in the outdoor recreation industry. your role will involve utilizing your skills in ms-word, ms-office, research, and analytics to gather valuable insights that will drive our marketing strategies forward. 



1. conduct market research to identify consumer preferences and behavior in the hiking and outdoor industry.
2. analyze competitor data to understand market positioning and opportunities for growth.
3. assist in the development of surveys and questionnaires to gather customer feedback.
4. compile and organize data into comprehensive reports and presentations for team meetings.
5. collaborate with the marketing team to develop targeted strategies based on research findings.
6. stay up-to-date on industry trends and developments to inform decision-making processes.
7. support the team in various ad-hoc research projects as needed. 

if you are a detail-oriented and analytical individual with a passion for the outdoors, this internship opportunity at hiking it is the perfect fit for you! join us in shaping the future of our brand and making a meaningful impact in the outdoor industry.",No PPO Mentioned,Internshala
data-science,call monitoring executive,supernova ai,Work from home,"₹ 10,000 - 15,000 /month",3 Months,"ms-excel, tamil proficiency (spoken)","1. listening to and reviewing calls handled by the sales team.
2. evaluating conversations to ensure they meet quality and communication standards.
3. creating detailed reports based on the analysis of the reviewed calls.",No PPO Mentioned,Internshala
data-science,ai-powered marketing & creative,stockbhai ai,Work from home,"₹ 5,000 - 7,000 /month",3 Months,"search engine optimization (seo), facebook marketing, facebook ads, generative ai tools, ai video generation, ai image generation","1. generate ai-powered ad creatives for marketing campaigns and social media promotions
2. create ai videos and ai images for different campaign requirements
3. produce creatives in multiple aspect ratios, including 9:16, 1:1, 16:9, and other required formats
4. create multilingual ad creatives and video content using ai tools
5. ensure the creatives are properly adapted, localized, and accurate for each language
6. assist in planning, launching, and optimizing facebook/meta ad campaigns
7. support ad creative testing and performance analysis
8. work with meta pixel setup, tracking, and event monitoring
9. google ads and seo-related tasks when required
10. stay updated on ai tools, creative trends, and digital marketing practices

note: before applying, please visit and explore stockbhai ai on:

this is a mandatory step, share your ideas on how you can contribute to us, whatever ideas or contributions that you are thinking will be able to do. please share it",No PPO Mentioned,Internshala
data-science,ai content assistant,grivaa consultancy services,Work from home,"₹ 6,000 - 10,000 /month",2 Months,"generative ai tools, chatgpt, elevenlabs (genai), heygen (genai)","selected intern’s day-to-day responsibilities include:

1. use chatgpt, perplexity, and heygen to ideate and create finance-related posts, carousels, and short-form video scripts.
2. assist in video research, scripting, and caption writing for social media.
3. create canva-based creatives and thumbnails using ai tools.
4. research trending finance/startup topics and convert them into bite-sized content.
5. support marketing campaigns and automate posting workflows via notion, zapier, or make.com.
6. ability to make ai agents and very strong understanding of ai tools and technologies",No PPO Mentioned,Internshala
data-science,data analytics,axiom data systems,Bangalore,"₹ 15,000 /month",4 Months,"python, sql, data analytics, ms-excel, data science, power bi, tableau","selected intern’s day-to-day responsibilities include:
build interactive dashboards using power bi from provided datasets.
write and optimize sql queries for data extraction and transformation.
perform data cleaning, validation, and basic exploratory data analysis.
create mock business reports and kpi dashboards for demonstration projects.
assist in developing end-to-end analytics pocs for clients across different domains.
work with excel, csv, and database sources to prepare data models.
document assumptions, business logic, and project deliverables.
test dashboards and verify data accuracy before submission.
collaborate with mentors and other interns during code reviews and feedback sessions.
research new power bi features and analytics best practices to improve project quality.
if your goal is to build a portfolio of reusable demo projects for your analytics firm, you can also include:
develop industry-specific sample dashboards (sales, hr, finance, healthcare, retail, etc.).
create presentation-ready reports that can be showcased to prospective clients.
contribute to internal templates and reusable components for future client engagements",Job offer upto ₹ 4.5LPA post internship,Internshala
data-science,ai video editing (youtube + reels),grivaa consultancy services,Work from home,"₹ 6,000 - 10,000 /month",2 Months,"adobe photoshop, video editing, adobe premiere pro, image editing, canva, heygen (genai)","are you a creative individual with a passion for video editing and social media? grivaa capital is looking for an 'ai video editing intern' with a focus on youtube and reels content creation. 

selected intern's day-to-day responsibilites include: 

1. collaborate with the marketing team to create engaging video content for our youtube channel and instagram reels
2. utilize ai technology to enhance video quality and editing efficiency like heygen
3. assist in brainstorming and developing content ideas that resonate with our target audience
4. stay up-to-date on industry trends and best practices in video editing and social media marketing
5. help optimize video content for maximum reach and engagement on various platforms
6. assist in monitoring and analyzing the performance of video content to make data-driven decisions
7. contribute to a positive and collaborative work environment through effective communication and teamwork

if you are a tech-savvy individual with a creative flair and a desire to learn and grow in the field of ai video editing, apply now to join our dynamic team at grivaa consultancy services!",No PPO Mentioned,Internshala
data-science,startup research & investment analyst,grivaa consultancy services,Work from home,"₹ 5,000 - 10,000 /month",1 Month,"finance, business analysis, financial analysis, economics, artificial intelligence, stock trading, research and analytics","selected intern’s day-to-day responsibilities include:

1. startup evaluation: analyze early-stage startups for business model viability, market size, scalability, and competitive positioning.
2. market research: conduct sectoral deep-dives across high-growth areas such as fintech, ai, saas, and consumer tech.
3. deal sourcing: identify potential startups through incubators, accelerators, pitch events, and digital platforms.
4. founder assessment: evaluate founding teams’ experience, vision, and execution capability.
5. investment memos: prepare concise startup summaries, reports, and due diligence briefs.
6. ai & research tools: use platforms like chatgpt, perplexity, notion, and pitchbook alternatives for rapid insight generation.
7. portfolio tracking: monitor progress and key metrics of startups within grivaa’s network.
8. presentation & reporting: create decks and dashboards using gamma, canva, and google sheets.
9. collaborate with the founder’s office: support decision-making through data-driven insights and clear recommendations.",No PPO Mentioned,Internshala
data-science,hr generalist and founders office,grivaa consultancy services,Delhi,"₹ 5,000 - 10,000 /month","₹ 5,000 - 10,000 /month","ms-office, ms-word, ms-powerpoint, ms-excel, english proficiency (spoken), english proficiency (written), artificial intelligence","selected intern's day-to-day responsibilites include:

1. creating hr policies and frameworks for employees.
2. managing and recruiting employees.
3. conducting interviews, overseeing mis management, building teams, and handling related activities.
4. developing scorecards and performance matrices, and evaluating and enhancing cultural productivity.
5. implementing employer branding strategies and digital initiatives to strengthen the employer brand.
6. creating digital content such as videos, testimonials, and stories.
7. designing presentations for different modules and delivering webinars on soft skills for interns.
8. designing and automating the entire hr process for the organization.

note: please don’t view this as a standalone jd for hr; it is a multifaceted role.",No PPO Mentioned,Internshala
data-science,ai tools & automation,grivaa consultancy services,Work from home,"₹ 6,000 - 12,500 /month",1 Month,"artificial intelligence, notion, chatgpt, claude, ai video generation, ai image generation, heygen (genai)","1. researching, testing, and implementing cutting-edge ai tools across business, marketing, and data workflows.
2. setting up and managing ai video and content automation using tools like heygen, opusclip, synthesia, descript, and chatgpt.
3. designing and automating crm and workflow systems through notion, airtable, hubspot, make (integromat), and zapier.
4. creating visually engaging presentations and reports using gamma, tome, canva magic, and chatgpt-powered templates.
5. building smart excel/google sheet dashboards with ai integration for analytics and data visualization.
6. automating stock market and financial data workflows using platforms like emergent, perplexity ai, and claude.
7. streamlining content publishing pipelines by integrating ai tools for scheduling, captions, and analytics.
8. collaborating with the founder’s office to conceptualize, prototype, and deploy automation projects end-to-end.
9. documenting all workflows and preparing sops to ensure scalability and cross-team adoption.
10. staying ahead of trends by continuously exploring new ai tools that enhance productivity and decision-making.",No PPO Mentioned,Internshala
data-science,artificial intelligence (ai),hamsi marketing private limited,Work from home,"₹ 1,000 /month",5 Months,"python, data structures, machine learning, data science, neural networks, natural language processing (nlp), deep learning","key responsibilities:
develop and fine-tune ai-powered voicebots and chatbots to enhance user engagement and communication channels.
build and maintain end-to-end task automation workflows to streamline daily operations and eliminate repetitive tasks.
implement machine learning algorithms, llms, and rag frameworks to optimize business processes and improve tool efficiency.
integrate conversational agents with communication apis (like twilio or whatsapp) and internal databases.
help in designing, training, and testing agentic workflows and prompt structures for autonomous task execution.
stay up-to-date with the latest advancements in conversational ai and automation technology to contribute fresh ideas to our projects.",Job offer upto ₹ 6LPA post internship,Internshala
data-science,ai automation,oyelabs,Work from home,"₹ 5,000 - 10,000 /month",6 Months,"javascript, analytical thinking, rest api, chatgpt","oyelabs is a product and technology company focused on building scalable digital solutions using automation, ai, and intelligent workflows. we work on real-world problems where automation and ai directly impact business outcomes. as an ai automation intern, you’ll work closely with our team to design, build, and improve automation workflows using n8n and llms (openai, anthropic). this role is ideal for someone who enjoys logical problem-solving and seeks hands-on experience with ai-powered automation systems used in production. you’ll start with structured workflows and gradually learn how to evolve them into ai agents that possess memory, decision-making capabilities, and tool usage.

 
 
1. build and maintain automation workflows using n8n.
2. convert business problems into structured step-by-step automation logic.
3. integrate third-party apis and internal services into automation workflows.
4. work with llm tools such as openai and anthropic for keyword extraction, classification, evaluation, and enrichment tasks.
5. create structured outputs for platforms such as google sheets, excel, and databases.
6. debug automation workflows and improve system reliability and performance.
7. assist in evolving automation workflows into ai agents with decision-making logic, context memory, and tool or api usage capabilities.",Job offer upto ₹ 3LPA post internship,Internshala
data-science,ai filmmaking and direction,mynachiketa,Gurgaon,"₹ 14,000 - 15,000 /month",2 Months,"storyboarding, video making, animation, storytelling, content marketing, visual design, design thinking","1. direct ai-led films by collaborating with ai tools for storyboarding, visual design, casting, and screenplay development.
2. experiment with and develop new visual styles, storytelling techniques, and creative formats using ai technologies.
3. evaluate ai-generated content, identify gaps and areas for improvement, and provide feedback to enhance content quality and creative output.
4. work closely with the team to refine ai-generated films and improve overall audience appeal and storytelling effectiveness.
5. test completed films with target audiences and gather feedback to inform future creative direction.
6. drive audience engagement, viewership, and content distribution initiatives to maximize reach and impact.
7. become a power user of the company's proprietary tool by exploring its capabilities and identifying opportunities for improvement.
8. report bugs, workflow inefficiencies, quality issues, and feature enhancement suggestions to support product development.
9. analyze content performance metrics, audience behavior, and feedback to identify patterns and insights.
10. collaborate with product, creative, and growth teams to apply audience insights toward future content, product, and marketing decisions.
11. stay updated on emerging ai tools, creative technologies, and industry trends to contribute innovative ideas and best practices.",No PPO Mentioned,Internshala
data-science,ai ecosystem associate - field & community,cortexdb,Bangalore,"₹ 1,000 - 4,400 /week",3 Months,"computer skills, technical analysis, english proficiency (spoken), english proficiency (written), interpersonal skills, effective communication","cortex db is building the ai-native database of the future — rethinking how applications store, query, and reason over data in a world where ai agents are the primary consumers of information. we're an early-stage, high-conviction team and we're moving fast. the company was founded by a team from iit delhi, including an ex-pm from flipkart, repeat founders, and serial entrepreneurs — and is led by founder prashant malik, co-creator of apache cassandra, the distributed database that powers some of the world's largest technology companies. prashant is a web 2.0 veteran who has seen infrastructure revolutions from the inside, and he's building cortex db to be the foundational data layer for the ai era. if you want to learn what it actually takes to build a category-defining developer tool from zero to one, this is the room to be in.

the opportunity: the ai and agentic space is exploding with new companies, new use cases, new infrastructure every week. bangalore is at the center of it. conferences, meetups, and developer events are happening constantly, and this role puts you right in the middle of it all. we're looking for someone who is already showing up to these events — not because they have to, but because they genuinely want to understand where ai is going. if that's you, we want to make those trips count. you'll be our eyes and ears on the ground, the person who connects cortex db with the engineers and teams building the next wave of ai applications and in the process, get an unfiltered education in how a world-class team does early-stage customer acquisition for a developer tools
product.



1. spread the word about cortex db: show up at ai, agentic, and developer-focused conferences and events across bangalore and get people excited about what we're building. hand out materials, strike up conversations, and leave people with a clear sense of who cortex db is and why it matters.
2. talk to people — genuinely: the core of this role is human connection. chat with engineers, founders, and product builders. ask them what they're working on. share what cortex db is doing. you don't need a script — just curiosity and the ability to hold a good conversation.
3. gather feedback along the way: if someone has thoughts on what we're building, capture it. a quick note on what people reacted to, what questions came up, or what they found interesting is genuinely valuable to the team. low pressure — just keep your ears open.
4. be a connector: if you meet someone who would clearly benefit from cortex db, flag it to the team. no expectation to close anything — just make the introduction and let us take it from there.

what you'll walk away with:

1. a front-row seat to how a world-class founding team builds a developer tools company from zero.
2. real experience in early-stage gtm, customer discovery, and funnel-building — the kind that translates to product, sales, and growth roles as the company scales.
3. direct access to the founding team — founders, ex-pms, and operators who've done this before and will invest time in helping you grow.
4. meaningful work that actually matters — your conversations will shape cortex db's product roadmap and first customer relationships.
5. a path to expanded responsibility within the company as adoption grows.

stipend: ₹500–₹800 per event (based on duration) + travel reimbursements.
duration: flexible — per-event basis, with strong potential for ongoing engagement.
location: bangalore (field-based, across conference venues in the city).
start date: immediate.",No PPO Mentioned,Internshala
data-science,finance research analyst,edify equity,Work from home,"₹ 1,000 - 1,100 /month",1 Month,"attention to detail, time management, critical thinking, analytical thinking, problem solving, english proficiency (spoken), stock trading","1. assist in creating detailed reports for buy/hold/sell recommendations.
2. help in tracking portfolio performance.
3. collect, analyze, and interpret financial data from companies, sectors, and industries.
4. track stock markets, economic indicators, and global financial news.",No PPO Mentioned,Internshala
data-science,ai automation & growth,gogig,Bangalore,"₹ 15,000 - 25,000 /month",6 Months,"ms-excel, marketing automation, generative ai tools, vibe coding","1. explore and test new ai, automation, crm, and productivity tools.
2. support email marketing, crm management, and marketing automation workflows.
3 research technology trends and identify tools that can improve team efficiency.
4. assist in setting up and optimizing processes, dashboards, and automation systems.
5. work closely with marketing, sales, and operations teams on growth initiatives.",Job offer upto ₹ 5LPA post internship,Internshala
data-science,ai engineer,potens it services & consultancy,Pune,"₹ 15,000 - 20,000 /month",6 Months,"python, machine learning, artificial intelligence, llm evaluation","as an ai/ml intern, you will have the opportunity to work on cutting-edge generative ai projects and gain hands-on experience building advanced intelligent systems. your role will involve moving beyond basic machine learning to develop autonomous workflows, working closely with our technical team to research, build, and deploy high-performance ai architectures.



1. design, build, and optimize scalable agentic rag (retrieval-augmented generation)
pipelines for complex data environments.
2. develop and implement agentic ai workflows to automate multi-step reasoning and
decision-making tasks.
3. assist in deploying, running, and fine-tuning local large language models (llms) on
dedicated hardware to optimize for speed and accuracy.
4. work with vector databases and embedding models to improve data retrieval
mechanisms.
5. write scalable, maintainable, and well-documented code to support ai infrastructure.
6. collaborate with backend engineers to seamlessly integrate ai agents and llm
outputs into production applications.",Job offer upto ₹ 4LPA post internship,Internshala
data-science,autonomous ai agents developer,amber flux private limited,Work from home,"₹ 9,999 - 10,000 /month",2 Months,"python, mongodb, git, docker, microsoft azure, fastapi, apis","1. design, develop, and deploy autonomous agents across backend and ai systems
2. build backend services using fastapi, including registries, usage logging, search systems, and event-driven architectures
3. implement asynchronous processing with jobs, queues, retries, and scalable workflows
4. design data models and architect databases with efficient schema, indexing, and handling of high-volume event data and audit logs
5. integrate llm pipelines using apis and prompt engineering
6. develop data ingestion and crawling systems, including git-based scraping
7. apply distributed systems principles to ensure scalability, reliability, and performance",No PPO Mentioned,Internshala
data-science,ai web development,queens of change foundation,Work from home,Unpaid,1 Month,"html, artificial intelligence","are you a tech-savvy individual with a passion for ai and web development? join us at queens of change foundation as an ai web development intern! this is a fantastic opportunity to gain hands-on experience in utilizing ai technologies to enhance our foundation's web presence. as a member of our team, you will have the chance to work on cutting-edge projects and make a real impact in empowering women and girls worldwide. 



1. collaborate with our development team to integrate ai features into our website
2. implement and optimize ai algorithms to improve user experience
3. conduct research on the latest ai trends and technologies to suggest innovative solutions
4. assist in troubleshooting and resolving any ai-related issues on the website
5. work closely with designers to create visually appealing ai-powered features
6. analyze user feedback and data to make data-driven decisions for website improvements
7. stay up-to-date on industry best practices and contribute fresh ideas to enhance our ai capabilities.

if you are a forward-thinker with a drive to make a difference, apply now to be a part of our dynamic team!",Job offer post internship,Internshala
data-science,data scouting,denaro media,Work from home,"₹ 4,000 - 5,000 /month",3 Months,"ms-excel, google sheets","1. research and collect influencer and marketing-related data from online platforms
2. maintain and update databases using google sheets and excel
3. organize data accurately and ensure information is up-to-date
4. assist the team in sourcing creators, brands, and market insights
5. follow data collection guidelines and maintain data quality",No PPO Mentioned,Internshala
data-science,annotations,instacad solutions india private limited,Thane,"₹ 4,999 - 5,000 /month",1 Month,effective communication,"1. coordinating with the team for accurate annotations.
2. communicating effectively and providing regular updates to the team.
3. solving problems as they arise to maintain workflow efficiency.",No PPO Mentioned,Internshala
data-science,business analytics,bizup,Gurgaon,"₹ 15,000 - 22,000 /month",6 Months,"ms-office, python, sql, data analytics, english proficiency (written), research and analytics","1. analyze business data, market trends, and operational performance to generate actionable insights.
2. track and monitor key business metrics such as retailer growth, supplier performance, sales, retention, and category performance.
3. conduct market research, competitor benchmarking, and industry analysis.
identify gaps in business processes and recommend improvements to increase efficiency and profitability.
work closely with sourcing, category, operations, and product teams to optimize performance.
prepare business presentations, reports, and strategic recommendations for management.
support expansion initiatives by analyzing new markets, categories, and supplier opportunities.
create sops, business documentation, and process workflows.
assist leadership in strategic planning, forecasting, and growth initiatives.
build and maintain reports, dashboards, and mis for leadership review.",Job offer upto ₹ 3LPA post internship,Internshala
data-science,digital transformation & business operations,anurag verma,Gurgaon,"₹ 12,000 /month","₹ 12,000 /month","coordination, effective communication","1. drive change management initiatives and support business transformation projects.
2. coordinate cross-functional projects, timelines, risks, and deliverables.
3. support it operations, issue tracking, and process improvements.
4. manage business operations, reporting, dashboards, and kpi tracking.
5. analyze data and provide actionable insights for decision-making.
6. coordinate and monitor digital content performance across instagram and youtube.
7. collaborate with business, it, marketing, and leadership teams to ensure alignment and successful execution.",No PPO Mentioned,Internshala
data-science,full-stack ai developer,megaminds it services,Work from home,"₹ 6,000 - 10,000 /month",6 Months,"python, postgresql, react, rest api, orm, react native, typescript","1. integrate ai/llm apis (claude, openai, etc.) into production applications 
2. develop backend apis using python and fastapi framework 
3. build database schemas with postgresql and sqlalchemy orm 
4. implement secure authentication using jwt and oauth 2.0 
5. create responsive web interfaces with react.js and typescript 
6. design modern ui components using tailwind css 
7. deploy applications to cloud platforms (railway, vercel, aws) 
8. collaborate with the team using git/github workflows",No PPO Mentioned,Internshala
data-science,advanced excel trainer,selfcode academy,Work from home,"₹ 30,000 - 50,000 lump sum",3 Months,"ms-office, presentation skills, teaching, data visualization, advanced excel, mis, effective communication","1. conduct engaging training sessions on advanced excel.
2. teach practical excel applications using real-world business scenarios.
3. develop lectures and projects.
4. guide learners on data analysis and reporting techniques.
5. update course content based on industry best practices and latest excel features.

topics to be covered:

1. advanced formulas and functions (vlookup, xlookup, index-match, if, sumifs, countifs, etc.)
2. pivot tables and pivot charts
3. data validation and conditional formatting
4. dashboard creation and data visualization
5. power query
6. power pivot
7. lookup and reference functions
8. data cleaning and transformation
9. what-if analysis
10. excel automation and macros (vba preferred)
11. mis reporting and business analytics",No PPO Mentioned,Internshala
data-science,data entry,unnati enterprises,"Secunderabad, Hyderabad","₹ 5,000 - 9,000 /month","₹ 5,000 - 9,000 /month","python, ms sql server, ms-excel, data science, power bi, tableau","about the internship


1. collecting and interpreting data from various sources
2. working alongside teams within the business or the management team to establish business needs
3. defining new data collection and analysis processes
4. developing reports and visualizations to effectively communicate data-driven insights to others in the organization
5. performing data profiling to identify and understand anomalies
6. identifying patterns and trends in data sets",Job offer starting ₹ 10LPA post internship,Internshala
data-science,data analytics,futurlytic private limited,Bangalore,"₹ 25,000 /month",6 Months,"data analytics, ms-excel, tableau","responsibilities for data analyst intern.

the candidate must be very good in english, both in verbal and written
he/ she must be from engineering background with passion to work as data engineer.
the candidate would be good in data validation / data population in part of visualization process.
the candidate would be good in microsoft excel and powerpoint in creating presentation
the candidate must have working knowledge in tableau/power bi/spss/excel/google sheets-based quick descriptive analytics and hands-on engagement for data extraction and investigation 
data manipulation and preparation for large-scale report automation and population using excel/spss/tableau/r/python/others. 
deep-dive analytics to explore first look at insights, using platform reporting tools/excel/tableau/spss/r/python/others. 
leverage customer verbatim comments to pull in relevant support stories for the insights story on slides. 
insightful headline writing on slides 
create visually attractive graphs/charts to convey data driven stories.",No PPO Mentioned,Internshala
data-science,vibe coder,nayepankh foundation,Work from home,Unpaid,1 Month,"java, html, javascript, sql, node.js, c programming, frontend development","as a vibe coder intern at nayepankh foundation, you will have the opportunity to work with cutting-edge technologies such as apis, artificial intelligence, aiml, backend development, c programming, html, java, javascript, node.js, and sql. your role will involve collaborating with our team to create innovative solutions that positively impact our community.



1. develop and maintain backend systems using c programming and node.js
2. implement front-end designs using html, java, and javascript
3. utilize apis to enhance the functionality of our platforms
4. build and optimize databases using sql
5. assist in the integration of artificial intelligence technologies
6. contribute to the development of aiml chatbots
7. communicate effectively in spoken and written english to ensure smooth collaboration within the team. 

if you are a tech-savvy individual with a passion for coding and a drive to make a difference, we want you to join our team and help us create a brighter future for all. apply now and be part of something meaningful!",Job offer post internship,Internshala
data-science,artificial intelligence (ai),scholarthi,Surat,"₹ 4,000 - 5,000 /month","₹ 4,000 - 5,000 /month","artificial intelligence, research and analytics","selected intern’s day-to-day responsibilities include:

1. identifying and evaluating new ai tools aligned with business requirements.
2. conducting research and analytical assessments to recommend suitable ai solutions.
3. implementing, executing, and monitoring these tools to ensure measurable and effective outcomes.",No PPO Mentioned,Internshala
data-science,management trainee (business analyst),twinline business solutions private limited,Gurgaon,"₹ 20,000 - 30,000 /month",3 Months,"business analysis, effective communication, requirements gathering","building finpage — an end-to-end lending platform for indian nbfcs & mfis — we're looking for a sharp business analyst intern to work directly with senior management on real fintech challenges.



1. analyse data using power bi to surface trends and insights
2. support business strategy development and present findings to leadership
3. collaborate across product, engineering, and client teams on live projects
4. participate in client meetings and help translate business requirements
5. prepare reports and dashboards for senior stakeholders",Job offer upto ₹ 5LPA post internship,Internshala
data-science,ai tools tester & developer,sushila foundation,Work from home,Unpaid,3 Months,"wordpress, web development, react, research and analytics, artificial intelligence markup language (aiml), generative ai tools","are you passionate about ai and looking to kickstart your career in tech? join us at sushila foundation as an 'ai tools tester and developer intern'! as a key member of our team, you will have the opportunity to work on cutting-edge projects and gain hands-on experience in aiml, web development, react, wordpress, generative ai tools, research, and analytics. 



1. test and debug ai tools to ensure optimal performance and user experience
2. develop and implement new features and functionalities using aiml and web development technologies
3. collaborate with cross-functional teams to enhance existing ai tools and platforms
4. research emerging ai technologies and provide insights for strategic decision-making
5. analyze data and trends to optimize ai tools for efficiency and scalability
6. assist in the creation and maintenance of wordpress websites for the foundation
7. contribute to the development of generative ai tools for innovative projects

if you are a proactive and motivated individual with a strong background in ai and web development, we want to hear from you! apply now and take the first step towards a rewarding career with sushila foundation.",No PPO Mentioned,Internshala
data-science,mobile app development,collabtrip,Work from home,"₹ 15,000 /month",2 Months,"react, rest api, ios, android","we are looking for a high-ownership intern to help us improve two critical areas of the product ai genie experience and ios and android app readiness. this is a hands-on, execution-heavy internship. the goal is not research or exploration. the goal is to ship.



a. ai genie flows- you will help build and improve ai-powered trip planning experiences such as:
1. generating itineraries from destination, dates, group size, and preferences.
2. refining itineraries based on group feedback.
3. summarizing group planning conversations into action items.
4. suggesting itinerary modifications from ai summaries.
5. generating destination-specific checklists.
6. converting trip ideas into structured itinerary cards.

example ai use cases:

ai genie joins a group planning call and summarizes decisions.
ai turns a group discussion into itinerary action items.
ai suggests changes to an itinerary based on budget or travel time.
ai creates a packing checklist for a specific destination.

b. mobile app production readiness- you will help make the current app more stable and ready for ios and android testing:

1. cleaning up the existing vibe-coded or lovable-style codebase.
2. improving folder structure, components, and naming.
3. fixing mobile ui issues.
4. making core flows work reliably on mobile.
5. setting up or improving ios and android builds.
6. fixing xcode/android studio/capacitor build issues.
7. adding app icon, splash screen, deep links, or native share flow.
8. improving loading, error, and empty states.
9. preparing the app for testflight/android internal testing.

2-month internship goals- by the end of 2 months, you should help ship:

a. must-have outcomes:
1. one working ai genie feature.
2. example: itinerary generation, group-call summary, checklist generation, or itinerary refinement.
3. a cleaner and more stable mobile app build.
4. app should run reliably on mobile and be easier for future developers to work on.
5. ios or android testing readiness.
6. at least one platform should be ready for testflight or android internal testing.

b. good-to-have outcomes:
1. ai prompt/evaluation framework.
2. instagram/reel/post idea extraction prototype.
3. push notification or native share flow.
4. flight status ui for paid plans.
5. improved trip workspace ux.
6. basic documentation for future engineers.",No PPO Mentioned,Internshala
data-science,data analytics,talent corner hr services,Mumbai,"₹ 5,000 - 7,000 /month","₹ 5,000 - 7,000 /month","python, sql, data analytics, ms-excel, power bi, tableau","1. collect, clean, analyze, and interpret large datasets to identify trends and business insights
2. write and optimize queries using sql for data extraction and management
3. create reports, dashboards, and visualizations using tools such as tableau or microsoft power bi
4. utilize microsoft excel for data analysis, reporting, and performance tracking
5. use python for data analysis, automation, and process improvement
6. collaborate with teams to understand business requirements and provide data-driven recommendations
7. monitor key performance indicators (kpis) and prepare regular analytical reports for management
8. ensure data accuracy, consistency, and integrity across databases and reporting systems",No PPO Mentioned,Internshala
data-science,machine learning,neurasys,Work from home,"₹ 7,500 - 15,000 /month",3 Months,"python, data analytics, machine learning, r programming, data science, artificial intelligence","we are looking for a driven and enthusiastic machine learning intern to join our innovative team at neurasys! as a machine learning intern, you will have the opportunity to work on cutting-edge projects and gain hands-on experience in the field of artificial intelligence.

1. assist in developing and implementing machine learning algorithms.
2. analyze and interpret complex data sets to identify trends and patterns.
3. collaborate with team members to design and optimize machine learning models.
4. test and evaluate the performance of machine learning algorithms.
5. research and stay up-to-date on the latest advancements in machine learning technology.
6. present findings and recommendations to senior team members.
7. participate in team meetings and contribute ideas to improve processes and workflows.

if you are passionate about machine learning and eager to learn and grow in a dynamic environment, we would love to hear from you! join us at neurasys and be part of a team that is shaping the future of ai technology. apply now and embark on an exciting journey with us!",No PPO Mentioned,Internshala
data-science,data analytics,neurasys,Work from home,"₹ 10,000 - 22,000 /month",3 Months,"python, sql, data analytics, ms-excel, data science, power bi, tableau","we are looking for a talented data analytics intern to join our dynamic team at neurasys. if you have a strong background in python, sql, data analytics, ms-excel, data science, power bi, and tableau, then we want to hear from you! 

key responsibilities:
1. assist in collecting, organizing, and analyzing data to provide valuable insights for decision-making.
2. develop and maintain data visualization dashboards using power bi and tableau.
3. collaborate with team members to identify trends and patterns in data sets.
4. utilize statistical techniques to interpret and present data findings.
5. support the implementation of data-driven strategies to improve business processes.
6. help in creating predictive models and machine learning algorithms.
7. stay updated on the latest trends and technologies in the field of data analytics. 

if you are passionate about data and eager to gain hands-on experience in a fast-paced environment, apply now to be a part of our innovative team at neurasys.",No PPO Mentioned,Internshala
data-science,python developer,maxgen technologies private limited,Ahmedabad,"₹ 5,000 - 12,000 /month",3 Months,"python, django, machine learning","we are seeking a highly motivated and ambitious python developer intern to join our dynamic team at maxgen technologies private limited. if you are passionate about python, django, and machine learning, then this is the perfect opportunity for you to gain hands-on experience and enhance your skills in a fast-paced environment.



1. collaborate with the development team to design, develop, and implement python-based applications.
2. work on creating and maintaining django web applications to meet client requirements.
3. assist in building machine learning models and algorithms for data analysis and prediction.
4. troubleshoot and debug any issues that arise during the development process.
5. conduct code reviews and contribute to the continuous improvement of coding standards.
6. stay up-to-date with the latest trends and technologies in python development and machine learning.
7. participate in team meetings and brainstorming sessions to contribute innovative ideas for projects. 

join us and embark on a rewarding journey where you can expand your knowledge and skills while working on innovative projects that make a difference. apply now and take the first step towards a successful career in python development!",No PPO Mentioned,Internshala
data-science,data science,jp it staffing llc,Work from home,"₹ 2,000 - 8,000 /month",3 Months,"python, sql, ms-excel, statistics, data visualization, english proficiency (spoken), effective communication","1. collect, clean, and preprocess structured/unstructured data
2. perform exploratory data analysis (eda)
3. create dashboards and reports using visualization tools
4. assist in building predictive models
5. work on excel/sql/python-based analysis
6. present insights and findings to the team
7. support data-driven decision-making
it would include, google meets, cold calling, talking to other teams and learning process as per team needs, email marketing etc",No PPO Mentioned,Internshala
data-science,business analytics,jp it staffing llc,Work from home,"₹ 2,000 - 6,000 /month",3 Months,"ms-excel, english proficiency (spoken), english proficiency (written), research and analytics","1. gather and document business requirements from stakeholders
2. analyze business processes and suggest improvements
3. prepare reports, dashboards, and insights using excel/power bi tools
4. work with technical teams to support product or system development
5. perform market research and competitor analysis
6. support project planning and tracking progress
7. communicate findings clearly to management and team members",No PPO Mentioned,Internshala
data-science,artificial intelligence (ai),hooman digital llp,Work from home,"₹ 10,000 - 12,000 /month",6 Months,"python, linux, git, machine learning, docker, rest api, backend development","the ai/ml stack is where execution gets stuck for us, and we want one engineer to own it. not a pair of hands. someone with high agency who builds things that hold under real usage, not demos that fall over. you should think like a product owner: the goal is software that real users can use and validate, not code that only works in isolation.

selected candidate's day-to-day responsibilities include:
1. owning ai/ml delivery on client projects end to end, from architecture to production.
2. taking internal ideas, like ade, from concept to a released, usable product.
3. building llmops, media inference, and automation and agentic workflows as production grade frameworks from scratch.

bonus if you also bring it: concurrency and multi-tenant fundamentals applied to llm serving (request routing, queueing, per-user isolation, rate limiting).",No PPO Mentioned,Internshala
data-science,ai prompt engineer & tester,crazy for success foundation,Work from home,Unpaid,2 Months,"node.js, react","as an ai prompt engineer & tester intern at crazy for success foundation, you will have the opportunity to work with cutting-edge technology to drive social impact and change lives. we are looking for a talented individual who is proficient in node.js and react to join our dynamic team.



1. develop and test ai prompt algorithms to enhance user experience.
2. collaborate with the engineering team to implement innovative solutions.
3. conduct thorough testing to ensure the quality and reliability of the ai prompts.
4. analyze data and gather insights to optimize prompt performance.
5. assist in troubleshooting and resolving any technical issues that may arise.
6. contribute to the continuous improvement of our ai prompt systems.
7. stay up-to-date on industry trends and best practices in ai technology.

if you are passionate about leveraging ai technology for social good and are eager to gain hands-on experience in a fast-paced environment, then this internship is perfect for you. join us at crazy for success foundation and be part of a team that is making a difference in the world. apply now!",No PPO Mentioned,Internshala
data-science,ai agent development,nayepankh foundation,Work from home,Unpaid,1 Month,"machine learning, automation, artificial intelligence, notion, artificial intelligence markup language (aiml), chatgpt, grok","are you passionate about ai and eager to make a difference in the world? join us at nayepankh foundation as an ai agent development intern! as part of our dynamic team, you will have the opportunity to work with cutting-edge technologies like artificial intelligence markup language (aiml), chatgpt, claude, notion, gemini, grok, machine learning, and automation. your main responsibilities will include:

1. developing and enhancing ai agents to improve user experiences.
2. implementing ai algorithms to optimize performance.
3. collaborating with cross-functional teams to integrate ai solutions.
4. conducting research and staying up-to-date with ai trends.
5. testing and debugging ai applications to ensure functionality.
6. assisting in the deployment and maintenance of ai systems.
7. contributing to the overall growth and success of the foundation through ai innovation.

if you are ready to take on a challenging and rewarding internship that will expand your skills and make a positive impact, apply now!",No PPO Mentioned,Internshala
data-science,ai-first product development,creating minds,Bangalore,"₹ 8,000 - 12,000 /month",3 Months,"logical reasoning, problem solving, effective communication","1. build and improve frontend screens, backend apis, forms, dashboards, and small project modules under mentor guidance, while following clean coding, documentation, testing, and version control practices.
2. work in a real industry-style environment by participating in task discussions, requirement understanding, project documentation, bug fixing, uat support, team updates, and regular review sessions.
3. use ai tools responsibly for learning, research, debugging support, documentation assistance, and productivity improvement while ensuring that the final work is understood and explainable.
4. prepare for it career opportunities through communication practice, resume/project explanation, mock interviews, presentation activities, and feedback-based improvement.",Job offer upto ₹ 7LPA post internship,Internshala
data-science,artificial intelligence (ai),plumo,Bangalore,"₹ 6,000 - 10,000 /month","₹ 6,000 - 10,000 /month","python, data structures, artificial intelligence","as an ai intern at plumo, you will have the opportunity to work with cutting-edge technology in the field of agentic ai. if you have a strong foundation in python, data structures, and artificial intelligence, this is the perfect opportunity for you to gain hands-on experience and make a real impact on our projects. 



1. develop autonomous ai agents to eliminate the manual work of our customers.
2. speak and build directly with our customers - travel to their office, do problem discovery, build cost-effective and reliable agents, and deploy into their systems.
3. implement and optimize machine learning algorithms for various applications.
4. work on data preprocessing and feature engineering tasks.
5. conduct research on new ai technologies and trends.
6. participate in code reviews and contribute to the overall code quality.
7. communicate your findings and insights effectively to team members and stakeholders. 

if you are passionate about ai and eager to learn and grow in a fast-paced environment, we want to hear from you. join us at plumo and be a part of our exciting journey towards innovative ai solutions.",Job offer upto ₹ 20LPA post internship,Internshala
data-science,fintech in financial markets,aurel david,Bangalore,"₹ 3,000 - 3,500 /month","₹ 3,000 - 3,500 /month","python, technical analysis, equity research","1. financial data analysis: utilise python to clean, manipulate, and analyse large financial datasets to uncover market trends and anomalies.
2. equity research support: assist the investment/research team in conducting comprehensive quantitative and qualitative equity research on target sectors and companies.
3. technical analysis: apply technical indicators, chart patterns, and algorithmic logic to evaluate market data, securities, and financial instruments.
4. backtesting strategies: develop, test, and refine quantitative trading or investment strategies using historical financial market data.
5. reporting & dashboards: create automated reports, data visualisations, and dashboards to present research findings and market insights clearly to the team.",No PPO Mentioned,Internshala
data-science,ai agent development,enlight lab,Work from home,"₹ 5,000 - 10,000 /month",6 Months,"python, client relationship management (crm), json, apis, generative ai tools, llm evaluation, ai voiceover","1. build ai agents that can reason, take actions, and interact with tools (apis, databases, workflows)
2. design and deploy ai voice agents for real-world use cases (sales, support, automation)
3. integrate llms with external systems (apis, crms, internal tools)
4. implement agent memory, planning, and multi-step reasoning workflows.
5. work on speech pipelines (stt → llm → tts) for real-time voice interactions
6. engineer prompts, system instructions, and response flows for high reliability
7. build end-to-end agent pipelines, not just models
8. optimize agents for latency, cost, and production stability
9. ship features into live environments, not just prototypes
10. collaborate directly with product and engineering to turn ideas into deployed systems",No PPO Mentioned,Internshala
data-science,"technical (robotics, iot, ai & embedded systems)",robonauts india,Bhopal,"₹ 2,000 - 5,000 /month","₹ 2,000 - 5,000 /month","python, robotics, embedded systems, c++ programming, internet of things (iot), artificial intelligence markup language (aiml)","1. assist in the design and development of robotics, iot, ai, and embedded systems projects.
2. work with arduino, esp32, sensors, actuators, and electronic components.
3. develop and test hardware and software solutions for real-world applications.
4. participate in hands-on training sessions, workshops, and technical discussions.
5. support project implementation, troubleshooting, and system integration activities.
6. prepare technical documentation, project reports, and presentations.
7. collaborate with mentors and team members on live industrial and research projects.
8. conduct testing, debugging, and performance evaluation of developed systems.
9. learn and apply emerging technologies in automation, artificial intelligence, and smart systems.
10. present project outcomes and contribute to innovation-driven activities at robonauts india.",No PPO Mentioned,Internshala
data-science,ai agent development,youth growth foundation,Work from home,Unpaid,3 Months,"artificial intelligence, generative ai tools, vibe coding","1. website development & deployment: build, optimize, and maintain the primary ngo website, ensuring a clean user interface, secure infrastructure, and seamless user experience.
2.  ai agent bot development: design and train a custom ngo ai agent/chatbot capable of handling user queries, delivering verified resources, and executing tasks autonomously. 
3. whatsapp integration: integrate the ai agent with the whatsapp business api to make the agent easily accessible to community members, managing webhooks and api communication smoothly. 
4. workflow automation: map out and implement automated workflows (using tools like make, n8n, or python scripts) to link the website, whatsapp bot, and internal operations for hands-free data handling and task execution.",No PPO Mentioned,Internshala
data-science,mis- ops,bnm business solutions llp,"Thane, Navi Mumbai, Dombivli, Kalyan, Mumbai, Vashi, Turbhe, Panvel","₹ 9,000 /month",3 Months,"team management, ms-excel, coordination, mis, management, google sheets","1. manage and streamline the lead allocation process by ensuring all leads from campaigns, walk-ins, and other sources are accurately directed to the appropriate sales and pre-sales teams for timely follow-up.
2. oversee the entire lead journey within mis systems from initial entry to site visits, follow-ups, and final conversions while ensuring data accuracy and reducing lead loss.
3. assist in performance analysis through mis reports by spotting gaps such as missed follow-ups, slow responses, and operational inefficiencies, and supporting data-driven enhancements.
4. maintain a centralized and up-to-date lead database, while preparing regular reports and dashboards that deliver actionable insights to improve conversion rates and pipeline performance.
5. work closely with cross-functional teams, including marketing, sales, pre-sales, and field operations, to ensure seamless data sharing and consistent reporting practices.
6. monitor live lead activities via mis dashboards and proactively highlight concerns such as unattended walk-ins, delayed responses, or workflow bottlenecks to enhance customer experience and team efficiency.",No PPO Mentioned,Internshala
data-science,market research,she can foundation,Work from home,Unpaid,1 Month,"ms-office, ms-powerpoint, data analytics, market analysis, critical thinking, analytical thinking, ms-excel","1. conduct in-depth market research and analysis to identify opportunities for growth and expansion.
2. assist in developing surveys, questionnaires, and focus groups to gather data from target demographics.
3. analyze and interpret data to create comprehensive reports and presentations for internal use.
4. monitor industry trends and competitor activity to stay ahead of the curve.
5. collaborate with cross-functional teams to support marketing.
6. participate in strategy meetings and contribute innovative ideas to drive the foundation's mission forward.
7. support the development and execution of market research projects to drive decision-making and strategic planning.",Job offer post internship,Internshala
data-science,global market analyst,pipraiser,Work from home,"₹ 5,000 /month",2 Months,"investment banking, stock trading, portfolio management","1. track and analyse macroeconomic indicators, central bank policies, and global events (fomc, ecb, cpi, nfp, etc.)
2. monitor intermarket relationships – such as usd impact on gold, oil, crypto, etc.
3. support in preparing daily/weekly global market outlooks, research notes, and trading calendars
4. work on sentiment analysis, market heatmaps, and global risk sentiment studies
5. conduct fundamental and technical research on cross-border instruments (gold/usd, btc/usd, eur/usd, etc.)
6. assist in backtesting trade ideas and identifying high-probability setups using economic data
7. support the team in creating institutional-style decks and strategy notes for clients and internal teams",Job offer upto ₹ 8.2LPA post internship,Internshala
data-science,ai automation development,she can foundation,Work from home,Unpaid,1 Month,"java, html, javascript, python, machine learning, automation, web development","are you passionate about using technology to make a positive impact on the world? she can foundation is looking for a motivated ai automation development intern to join our team and help us revolutionize our operations through cutting-edge automation technology.



1. work closely with our development team to design, develop, and implement ai solutions to streamline our processes.
2. collaborate with internal stakeholders to understand their needs and create custom automation solutions that meet their requirements.
3. conduct research on the latest trends and advances in ai technology to ensure our systems are up-to-date and efficient.
4. assist in testing and debugging ai algorithms to ensure they are functioning correctly and meeting performance metrics.
5. participate in team meetings and brainstorming sessions to contribute innovative ideas for automation projects.
6. document and communicate project progress and results to the team and key stakeholders.
7. learn and grow your skills in ai development as you work on real-world projects that make a difference in the lives of women and girls.

if you are a proactive problem-solver with a passion for ai technology and a desire to make a difference, we want to hear from you! join us at she can foundation and help us empower women and girls through the power of automation. apply now and be part of a team that is changing the world!",Job offer post internship,Internshala
data-science,ai data analytics,she can foundation,Work from home,Unpaid,1 Month,"content writing, algorithms, data analytics, machine learning, creative writing, problem solving, data interpretation","are you passionate about using data to make a difference in the world? she can foundation is seeking a dynamic ai data analytics intern to join our team and help us empower women and girls through education and mentorship programs. as an intern, you will have the opportunity to work on exciting projects, gain valuable experience, and contribute to our mission of promoting gender equality.



1. collect and analyze data to identify trends and patterns
2. develop and implement machine learning models to improve program effectiveness
3. assist in creating data visualizations and reports for stakeholders
4. collaborate with team members to brainstorm and implement data-driven solutions
5. conduct research on best practices in ai and data analytics
6. support ongoing data projects and initiatives
7. present findings and recommendations to the leadership team

if you are a self-motivated individual with a strong background in data analytics and a passion for social impact, we want to hear from you. join us in making a difference and empowering women and girls around the world. apply now to be a part of our innovative team at she can foundation.",Job offer post internship,Internshala
data-science,artificial intelligence (ai) tester,skidev edutech private limited,"Pune, Mumbai, Bangalore","₹ 10,000 - 15,000 /month",6 Months,"python, data structures, machine learning, data science, neural networks, natural language processing (nlp), deep learning","as an ai tester intern at skidev edutech private limited, you will have the exciting opportunity to work with cutting-edge technologies and contribute to the development of innovative educational solutions. your primary responsibilities will include:



1. testing and evaluating ai algorithms and models to ensure accuracy and efficiency.
2. collaborating with the development team to identify, troubleshoot, and resolve any issues or bugs in the ai system.
3. building and maintaining test cases and datasets for conducting thorough performance testing.
4. analyzing and interpreting data to provide insights and recommendations for improvement.
5. implementing quality assurance processes to ensure the reliability and robustness of the ai system.
6. researching and staying up-to-date on the latest advancements in ai technology and best practices.
7. participating in team meetings and sharing your ideas and expertise to enhance the overall performance of the ai system.

if you are a driven and talented individual with a strong passion for ai, deep learning, python, data structures, machine learning, data science, neural networks, nlp, and ai testing, we invite you to join our dynamic team and make a meaningful impact on the future of education.",No PPO Mentioned,Internshala
data-science,automation n8n,sankar group,Work from home,"₹ 3,000 - 3,001 /month",6 Months,"automation, artificial intelligence, llm evaluation","as an automation intern at sankar group, you will have the unique opportunity to work with cutting-edge technology in the fields of artificial intelligence and automation. your role will involve assisting in the development and implementation of automation solutions, as well as conducting llm evaluations to optimize processes within the company. 



1. collaborate with the automation team to design and implement ai-driven solutions.
2. conduct research on the latest advancements in automation technology.
3. assist in the evaluation of llm processes to identify areas for improvement.
4. work closely with team members to troubleshoot and resolve any issues that arise.
5. analyze data to make informed decisions on process optimization.
6. present findings and recommendations to senior management.
7. continuously learn and develop your skills in the field of automation.

if you are a motivated and innovative individual with a passion for automation and ai, we invite you to join our team and make a significant impact at sankar group.",No PPO Mentioned,Internshala
data-science,ai anime and animation production,sutra digital,Hyderabad,"₹ 6,000 - 11,000 /month",6 Months,"adobe photoshop, adobe animate, adobe after effects, chatgpt, gemini, midjourney (genai)","1. create ai-generated videos for animation and storytelling projects.
2. assist in developing efficient pipelines for animated content creation.
3. create ai-generated videos for animation and storytelling projects.
4. generate concepts, shots, and visual sequences using ai platforms.
5. stay updated with emerging ai technologies in the animation and media industry.",No PPO Mentioned,Internshala
data-science,fresher marketing analyst(work from home),abuem workifying llp,Work from home,"₹ 25,000 - 27,000 /month",6 Months,"attention to detail, time management, market analysis, problem solving, data interpretation, market research, effective communication","we are seeking a marketing analyst (fresher) to join our remote team. this role is ideal for someone eager to begin their career in marketing and analytics, with opportunities to learn, analyze performance data, and support data-driven decision-making. this position is for indian applicants.



1. analyze campaign data across digital channels (email, ads, seo, social media).
2. prepare weekly/monthly reports and performance dashboards.
3. track key metrics: ctr, conversions, cac, roas, etc.
4. identify trends, gaps, and growth opportunities through data analysis.
5. assist in a/b testing and funnel performance reviews.
6. conduct market and competitor research.
7. maintain clean, organized, and accurate marketing data.
8. support data collection for reporting and insights.",No PPO Mentioned,Internshala
data-science,prompt engineering,she can foundation,Work from home,Unpaid,1 Month,"html, content writing, logical reasoning, creative writing, problem solving, computer skills, web development","are you a passionate and driven individual looking to make a difference in the world of engineering? join us at she can foundation as a prompt engineering intern and be part of a team dedicated to empowering women in stem fields. as an intern, you will have the opportunity to work on exciting projects that will challenge and enhance your skills. 

1. assist in designing and developing engineering solutions for various projects.
2. conduct research and analysis to support engineering initiatives.
3. collaborate with team members to brainstorm and implement innovative ideas.
4. participate in meetings and presentations to share progress and insights.
5. help troubleshoot technical issues and provide support as needed.
6. contribute to the development of technical documentation and reports.
7. gain hands-on experience in a supportive and inclusive work environment. 

if you are a proactive and enthusiastic individual with a can-do attitude, we want to hear from you! apply now and be part of a team that is making a difference in the lives of women in engineering.",Job offer post internship,Internshala
data-science,business analytics,skidev edutech private limited,Work from home,"₹ 13,000 - 20,000 /month",6 Months,"ms-office, python, sql, data analytics, ms-excel, english proficiency (spoken), english proficiency (written)","as a business analytics intern at skidev edutech private limited, you will have the opportunity to gain practical experience while working with a dynamic team in the education technology industry. your role will involve utilizing your skills in ms-office, python, sql, data analytics, and ms-excel to analyze data and provide insights to drive business decisions. 

key responsibilities:
1. assist in gathering and analyzing data to identify trends and patterns for decision-making purposes.
2. develop and maintain data models and databases to support business operations and reporting.
3. collaborate with cross-functional teams to provide actionable insights and recommendations based on data analysis.
4. support in creating visually appealing dashboards and presentations to communicate findings to stakeholders.
5. conduct research and data-driven analysis to optimize business processes and improve efficiency.
6. help in monitoring key performance indicators and metrics to track progress towards company goals.
7. contribute to ad-hoc projects and tasks related to business analytics and research.

if you are a self-motivated individual with a passion for data analysis and a strong proficiency in english, this internship opportunity at skidev edutech private limited is perfect for you to enhance your skills and make a real impact in the business world. apply now and be part of a team that is shaping the future of education technology.",No PPO Mentioned,Internshala
data-science,data analytics,skidev edutech private limited,Work from home,"₹ 13,000 - 20,000 /month",6 Months,"python, sql, data analytics, ms-excel, data science, power bi, tableau","as a data analytics intern at skidev edutech private limited, you will have the exciting opportunity to apply your skills in python, sql, data analytics, ms-excel, data science, power bi, and tableau to drive impactful insights and recommendations for our educational technology company. your key responsibilities will include:

1. collecting and analyzing data from various sources to identify trends and patterns
2. developing and implementing data models and algorithms to improve business processes
3. creating data visualizations and dashboards in power bi and tableau for easy interpretation
4. assisting in the preparation of reports and presentations for senior management
5. collaborating with cross-functional teams to optimize data-driven decision-making
6. conducting ad-hoc analysis and troubleshooting data-related issues
7. staying updated on the latest trends and advancements in data analytics to continuously improve our processes and strategies.

if you are a proactive and detail-oriented individual with a passion for leveraging data to drive business success, we encourage you to apply for this internship and join our dynamic team at skidev edutech private limited.",No PPO Mentioned,Internshala
data-science,ai agent development,she can foundation,Work from home,Unpaid,1 Month,"artificial intelligence, notion, generative ai tools, chatgpt, grok, claude, gemini","are you a tech-savvy individual with a passion for artificial intelligence and a knack for vibe coding? join our team at she can foundation as an ai agent development intern and make a difference in the world of technology! 

key responsibilities:
1. collaborate with our team to develop ai agents for various projects.
2. utilize your knowledge of artificial intelligence to create innovative solutions.
3. implement vibe coding techniques to enhance the functionality of our ai agents.
4. conduct research on the latest trends in ai technology and recommend improvements.
5. test and debug ai agents to ensure optimal performance.
6. assist in training staff on how to effectively utilize ai agents.
7. participate in team meetings and brainstorming sessions to contribute ideas for future projects.

if you are ready to take on this exciting opportunity and advance your skills in ai development, apply now and be a part of our dynamic team at she can foundation!",Job offer post internship,Internshala
data-science,ai business development,helllo.ai,Bangalore,"₹ 8,000 - 14,000 /month",3 Months,"sales management, english proficiency (spoken), generative ai tools, sales strategy","1. generate and qualify leads across real estate and e-commerce segments using ai-powered outreach strategies
2. conduct product demonstrations and present conversational ai solutions to prospective clients
3. engage with key decision-makers and drive conversions from lead generation to deal closure
4. design, test, and optimize prompts and ai agent workflows for business use cases
5. collaborate with clients to understand requirements and customize ai solutions accordingly
6. manage client onboarding and ensure smooth deployment of ai solutions
7. provide post-deployment support to maximize client satisfaction and long-term success
8. stay updated on emerging ai trends, tools, and best practices to enhance solution delivery",Job offer starting ₹ 5LPA post internship,Internshala
data-science,operations mis & data,daalchini technologies,Noida,"₹ 13,000 - 15,000 /month",6 Months,"python, sql, advanced excel, mis, vlookup","1. prepare daily, weekly, and monthly mis reports for operations.
2. perform data analysis using advanced excel (pivot tables, vlookup, macros, and conditional formatting).
3. create and maintain dashboards in metabase for real-time operations tracking.
4. carry out follow-ups with internal/external stakeholders on pending tasks.
5. support in basic coding tasks (python/sql) for data automation.
6. utilize ai tools for excel, presentations, and report generation.
7. assist in maintaining data accuracy and documentation.",No PPO Mentioned,Internshala
data-science,no code development,she can foundation,Work from home,Unpaid,1 Month,"html, python, algorithms, data structures, machine learning, natural language processing (nlp), deep learning","are you passionate about technology and eager to make a difference in the world? join us at she can foundation as a no-code development intern! we are looking for someone with knowledge in no-code development, chatgpt, claude, gemini, grok, artificial intelligence, aiml, machine learning, html, python, data structures, algorithms, nlp, and deep learning. as an intern, you will have the opportunity to work on exciting projects and gain hands-on experience in the field. your key responsibilities include:



1. collaborating with the development team to create innovative solutions using ai technologies.
2. assisting in the design and implementation of ai algorithms for various applications.
3. developing and deploying chatgpt models for customer interactions.
4. utilizing nlp techniques to enhance the performance of our ai systems.
5. working on projects involving deep learning to improve user experiences.
6. writing clean and efficient code in python for various tasks.
7. researching and implementing new technologies to stay ahead in the rapidly evolving field of ai. 

if you are a motivated self-starter with a passion for ai and technology, we want to hear from you! apply now and be a part of our mission to empower women through technology.",Job offer post internship,Internshala
data-science,ai web development,she can foundation,Work from home,Unpaid,1 Month,"java, mysql, html, css, javascript, html 5, python","as an ai web development intern at she can foundation, you will have the exciting opportunity to work on cutting-edge projects that leverage artificial intelligence to create impactful solutions. your role will involve collaborating with our team of experts to develop innovative web applications and improve user experiences. 



1. implementing ai technologies such as claude, chatgpt, and gemini into web development projects
2. utilizing languages like java, python, and html/css to build frontend and backend functionalities
3. managing projects and ensuring timely delivery through effective project management practices
4. enhancing user interfaces and experiences through ui/ux design principles
5. utilizing databases like mysql and mongodb to store and retrieve data efficiently
6. contributing to the product lifecycle management process to ensure continuous improvement
7. staying updated on the latest trends in web development and ai technology to drive innovation within the organization

if you are passionate about ai, web development, and making a difference in the world, this internship opportunity at she can foundation is perfect for you. join us in empowering women and girls through technology!",Job offer post internship,Internshala
data-science,mis- operations (campaign and lead),bnm business solutions llp,"Thane, Navi Mumbai, Kalyan, Mumbai, Vashi","₹ 9,000 /month",3 Months,"ms-excel, client relationship management (crm), mis, management, google sheets","1. support the planning, coordination, and execution of marketing campaigns across multiple communication channels.
2. set up campaign configurations, audience segments, communication templates, and targeting criteria to ensure accurate and effective campaign deployment.
3. monitor campaign performance and execution, ensuring timely delivery while addressing and resolving operational issues as they arise.
4. prepare, validate, and manage lead databases prior to campaign launches to ensure data quality and readiness.
5. maintain database accuracy by identifying, cleansing, and removing duplicate, incomplete, or inaccurate records.
6. segment customer and prospect databases based on campaign goals, geographic regions, lead sources, and business requirements.
7. develop and maintain daily, weekly, and monthly campaign performance reports and dashboards.
8. track, measure, and analyze key performance indicators (kpis), including delivery rates, open rates, engagement levels, response rates, and conversion metrics.
9. provide actionable insights, performance summaries, and recommendations to stakeholders to support decision-making and campaign optimization.
10. collaborate with cross-functional teams, sales departments, and external platform partners to ensure seamless campaign execution and operational alignment.
11. assist in troubleshooting campaign-related issues and contribute to process improvements and operational efficiency initiatives.
12. ensure data integrity, regulatory compliance, and adherence to campaign schedules, operational standards, and organizational policies.",No PPO Mentioned,Internshala
data-science,gen ai/llm,resolute ai software private limited,Work from home,"₹ 3,000 /month",3 Months,"java, python, machine learning, c++ programming, microsoft azure, amazon web services (aws), tensorflow","1. collaborate with cross-functional teams to design, develop, and deploy ai-powered solutions 
2. experiment with rag, llm, and genai technologies to improve model performance and efficiency 
3. work with azure cloud services to deploy and manage ai models 
4. develop and refine prompt engineering techniques to enhance ai output 
5. stay up to date with the latest advancements in ai and contribute to internal knowledge sharing",No PPO Mentioned,Internshala
data-science,ai solution engineer,resolute ai software private limited,Work from home,"₹ 3,000 - 5,000 /month",3 Months,artificial intelligence,"1. develop technical solutions for diverse challenges.
2. create comprehensive proposals for client projects.
3. engage effectively with clients to understand their needs.
4. oversee projects to ensure successful execution.
5. drive continuous improvement initiatives for enhanced processes and outcomes.",No PPO Mentioned,Internshala
data-science,business analytics,tercept incorporation,Bangalore,"₹ 20,000 - 25,000 /month",4 Months,"sql, data analytics, ms-excel, problem solving, research and analytics","1. analyze programmatic advertising in-depth, understand the market, ideate & define product features, & work closely with the engineering team to roll out the product features
2. analyze the advertising performance data from google/facebook/appnexus/inmobi, etc.
3. understand customer requirements, use-cases for the product, technologies driving the product, analyse customer's data & support the company growth
4. derive insights from real-time log-level data sets in bigquery & athena",Job offer upto ₹ 7LPA post internship,Internshala
data-science,data analytics,mana and kias infrastructures limited,Bangalore,"₹ 10,000 - 18,000 /month",3 Months,"python, sql, data analytics, ms-excel, data science, power bi","as a data analytics intern at mana and kias infrastructures limited, you will have the opportunity to work on cutting-edge projects and gain valuable hands-on experience in the field. if you are proficient in python, sql, data analytics, ms-excel, data science, and power bi, this is the perfect opportunity for you to showcase your skills and further develop your expertise.



1. utilize python and sql to extract, clean, and analyze data from various sources
2. develop and maintain data visualization tools using power bi to present insights to stakeholders
3. collaborate with the data analytics team to identify trends and patterns in the data
4. assist in creating predictive models and algorithms to optimize business processes
5. conduct in-depth data analysis to support decision-making and strategic planning
6. prepare comprehensive reports and presentations to communicate findings to management
7. stay updated on the latest trends and technologies in the field of data analytics to contribute innovative solutions to the team.",No PPO Mentioned,Internshala
data-science,artificial intelligence (ai),across the globe (atg),Work from home,"₹ 2,500 - 10,000 /month",6 Months,"python, data structures, machine learning, computer vision, data science, neural networks, natural language processing (nlp)","we are seeking a highly motivated and talented artificial intelligence (ai) intern to join our team at across the globe (atg). if you have a strong background in python, data structures, machine learning, computer vision, data science, neural networks, natural language processing (nlp), deep learning, and artificial intelligence, then this opportunity is perfect for you!

key responsibilities:
1. assist in developing ai algorithms and models to improve various aspects of our business operations.
2. work closely with our data science team to analyze and interpret complex data sets.
3. collaborate with our engineering team to implement ai solutions into our existing systems.
4. research and stay up-to-date on the latest advancements in ai technologies.
5. participate in brainstorming sessions and contribute innovative ideas to enhance our ai capabilities.
6. help in testing and debugging ai systems to ensure optimal performance.
7. support in various ai projects and initiatives across different departments of the company.

if you are passionate about ai and eager to gain valuable hands-on experience in a global company, then apply now to be part of our dynamic team!",No PPO Mentioned,Internshala
data-science,business analytics,hamsi marketing private limited,Work from home,"₹ 1,000 /month",6 Months,"python, data analytics, market analysis, operations, ms-excel, research and analytics, market research","as a business analytics intern at hamsi marketing private limited, you will have the opportunity to gain hands-on experience in research and analytics, data analytics, and ms-excel. you will be an integral part of our team, assisting in analyzing market trends, conducting competitor research, and making data-driven recommendations to optimize our marketing strategies. 



1. conduct in-depth market research to identify opportunities for growth and expansion.
2. analyze customer data to understand behavior patterns and preferences.
3. assist in creating reports and dashboards to track key performance metrics.
4. collaborate with cross-functional teams to develop data-driven solutions.
5. utilize ms-excel to organize and analyze large datasets efficiently.
6. present findings and recommendations to stakeholders in a clear and concise manner.
7. stay up-to-date on the latest trends and technologies in business analytics to enhance our analytical capabilities. 

join us at hamsi marketing private limited and take your skills to the next level in a dynamic and collaborative environment!",Job offer upto ₹ 6LPA post internship,Internshala
data-science,mern stack cum python developer (ai ml),meru technosoft private limited,Ahmedabad,"₹ 5,000 /month",6 Months,"mysql, html, css, javascript, python, bootstrap, mongodb","1. build and ship features across our react front-end and node.js back-end services
2. turn ui designs into responsive, accessible screens used daily by customers
3. integrate rest/grpc apis and work with mongodb/postgresql data models
4. pair with the core team on live saas modules (accounting, hr, crm)
5. debug production issues, add test coverage, and optimize performance",No PPO Mentioned,Internshala
data-science,ai full stack developer,"livesitter (atlanta, united states)",Work from home,"₹ 20,000 - 25,000 /month",6 Months,"mongodb, node.js, c++ programming, react, amazon web services (aws), google cloud platforms (gcp), claude","we’re looking for an ai full-stack developer intern who’s eager to build real-world, ai-powered products from the ground up. this is not just a “watch and learn” role  you’ll be directly contributing to live projects, working with ai models, building scalable web applications, and integrating intelligent automation into our core platform. if you’re passionate about coding, curious about ai, and excited to work in a fast-paced startup environment, we’d love to meet you.

please apply only if you are currently in your second year of a computer science engineering program

 

1. frontend development: build responsive, user-friendly interfaces with react.js/next.js & tailwind
2. backend development: create and maintain apis in node.js/python (flask/fastapi)
3. database management: work with mongodb & sql for crud operations, indexing, and aggregation
4. integrate llms (openai, hugging face) into real products
5. build ai features like chatbots, recommendation engines, and document automation
6. apply prompt engineering to improve ai outputs
7. cloud & devops: deploy apps & ai models on aws (ec2, s3, lambda), basic ci/cd
8. collaboration: work with product managers, designers, and ai engineers to bring features to life

must be the type of person who is constantly trying new ways to solve problems. must take initiative.",No PPO Mentioned,Internshala
data-science,reinforcement learning research,arakoo,Noida,"₹ 25,000 - 35,000 /month",3 Months,"c++ programming, android, rust","1. develop our chromium based rl framework using c++, rust, java
2. troubleshoot and resolve issues related to chromium and other areas of our software stack
4. stay up-to-date with the latest developments in reinforcement learning, harbor, skyrl and tinker, and apply this knowledge to our products",No PPO Mentioned,Internshala
data-science,instructional designer (technical courses - curriculum design),kalvium,Bangalore,"₹ 20,000 /month",3 Months,"java, web development, data science","kalvium is on a mission to redefine computer science education for a generation. we’re building india’s most engaging, work-integrated b.tech cs program — already live at 20+ top universities and scaling fast. backed by leaders from google, microsoft, flipkart, and more, we believe great education should ignite curiosity, bridge real gaps, and launch careers that matter.

as an instructional designer intern, you’ll directly shape how thousands of students across india learn and fall in love with cs. you’ll help fix the gaps you faced as a student — make tough concepts clear, turn passive lectures into projects, and help every learner thrive in the real world.

note: this is not a software engineering or development role — it’s a hands-on, creative content-design position where you’ll craft learning journeys, not write production code.



1. full-course design: build complete, digital-first cs courses — content, activities, projects, and assessments tuned for genuine understanding.
2. modern pedagogy: break free from theory-only methods; invent ways to teach by doing, using code, projects, demos, and stories that matter.
3. drive improvement: collect feedback, measure outcomes, and evolve each course every month.
4. collaborate: work side by side with top educators, industry pros, and fellow designers to shape a unified student journey.

what you get:

1. a platform to rewire cs education for thousands — leaving your mark every day.
2. mentorship from some of india’s best in education and tech.
3. real impact in a team that values candor, experimentation, and genuine ownership.

kalvium’s core values:

1. we obsess about student experience and outcomes above all.
2. we respect and trust each other. we disagree with candor and courtesy.
3. we improve things regularly, rather than chase perfection.
4. we embrace extreme ownership, championing outcomes not just tasks.
5. we learn continuously and seek discovery.

internship details:

1. role type: internship only — a fixed-term internship with no full-time conversion.
2. eligibility: pre-final year and final-year students.
3. duration: 3 months, extendable up to 6 months based on performance.
4. work mode: in-office, bangalore.
5. expected joining: immediate — on or before 15th june 2026.
6. stipend: ₹20,000 / month (tds applicable).
7. working days & timings: 6 days a week, 9:00 am – 6:30 pm.

our selection process:

1. round 0 — resume & profile screening
2. round 1 — screening assessment (general aptitude & logical thinking based)
3. round 2 — group discussion
4. round 3 — technical + functional fitment interview
5. round 4 — culture fitment discussion

ready to rewire how cs is taught in india? join us and shape the foundation of
tomorrow’s engineers.",No PPO Mentioned,Internshala
data-science,business analytics,plexmato,Work from home,"₹ 10,000 - 20,000 /month",2 Months,"ms-office, data analytics, ms-excel, english proficiency (spoken), english proficiency (written), research and analytics","are you a proactive and detail-oriented individual with a passion for data analysis and research? plexmato is seeking a talented business analytics intern to join our team. as an intern, you will have the opportunity to work on real-world projects and gain hands-on experience in the field of business analytics.

key responsibilities:
1. assist in gathering and analyzing data to identify trends and insights
2. create reports and presentations to communicate findings to stakeholders
3. conduct market research and competitive analysis to support business decisions
4. utilize ms-excel and ms-office tools to manipulate and visualize data effectively
5. collaborate with team members to develop data-driven strategies for business growth
6. enhance english proficiency through written communication for reports and presentations
7. utilize data analytics tools and techniques to drive actionable insights for the company

if you are a motivated and analytical individual looking to kickstart your career in business analytics, apply now to join our dynamic team at plexmato!",Job offer upto ₹ 9LPA post internship,Internshala
data-science,financial analyst,zuvomo private limited,"Delhi, Ghaziabad, Gurgaon, Noida, Faridabad","₹ 12,000 - 15,000 /month","₹ 12,000 - 15,000 /month","ms-excel, financial modeling, research and analytics, financial literacy, data analysis","you'll be joining zuvomo, an established advisory and growth firm with 8+ years of experience working with startups and emerging companies, while supporting research and financial analysis initiatives for killshill, our fast-growing ai-powered platform bringing transparency to trading influencers and signals. this is a hands-on role with real ownership. less theory, more execution.

 

1. collect, organize, and verify financial data from various operational and business sources.
2. conduct market and financial research on trends, industry benchmarks, competitors, and market conditions.
3. compile, analyze, and present financial reports and insights for management review.
4. assist in financial planning, forecasting, and performance tracking activities.
5. develop and refine financial models to support business and strategic decision-making.
6. prepare actionable reports with insights that help improve operational and financial outcomes.
7. work cross-functionally to ensure accurate data collection, reporting, and analysis.
8. support research related to startups, technology, ai, finance, and emerging markets.

financial analyst internships typically involve financial research, data analysis, forecasting, and business intelligence, making this role a strong practical exposure for someone entering finance and strategy.",Job offer upto ₹ 4LPA post internship,Internshala
data-science,hr operations,vahan technologies india private limited,Bangalore,"₹ 20,000 - 25,000 /month",6 Months,"data analytics, operations, ms-excel, human resources, human resource information system (hris), data analysis, google sheets","we're looking for an hr operations intern who combines ownership, analytical thinking, and ai fluency to drive execution in people operations - not just support it. this is a hands-on role for someone who is energized by solving problems, working with data, and finding smarter ways to get things done. you'll sit close to the day-to-day of hr ops, take real ownership of workflows, and use ai to move faster and think sharper. if you've ever fixed a broken process nobody asked you to fix, pulled data just out of curiosity, or used ai to finish in 10 minutes what should have taken 2 hours - this might be for you. 



1. partner with the hr operations team on people processes, workflows, and day-to-day execution. 
2. work with hr data to surface insights, spot patterns, and support data-driven decisions. 
3. build, document, and improve scalable people processes and operational workflows. 
4. leverage ai tools to streamline repetitive work and increase the speed and quality of execution. 
5. coordinate across stakeholders and teams to keep processes moving and details tight. 
6. own assigned projects end-to-end, with a focus on accuracy, follow-through, and impact.",Job offer starting ₹ 4LPA post internship,Internshala
data-science,e-commerce,dr. odin,Panchkula,"₹ 12,000 - 15,000 /month",5 Months,"ms-office, e-commerce, analytical thinking, report generation","we are not looking for an intern.
we are looking for someone who is curious enough to figure things out, obsessive enough to notice what others miss, and hungry enough to learn how modern consumer brands are built.

at dr. odin, we sell healthcare products across amazon, flipkart, tata 1mg, myntra, nykaa, firstcry, our own website, and several other marketplaces. every day, thousands of customers discover, compare, buy, review, return, and recommend our products.

your job will be to understand that journey and make it better.



1. audit product listings and identify opportunities for improvement.
2. monitor product content, pricing, ratings, reviews, and competition.
3. help launch new products across marketplaces.
4. coordinate with design, operations, customer care, and marketing teams.
5. track marketplace trends and identify growth opportunities.
6. assist in marketplace advertising and promotional activities.
7. work with data, reports, spreadsheets, and dashboards.
8. help solve real business problems—not just complete assigned tasks.

requirements:
1. you enjoy figuring things out on your own.
2. you notice details others overlook.
3. you are comfortable working with spreadsheets and data.
4. you can write clearly and communicate professionally.
5. you learn quickly and ask thoughtful questions.
6. you are organized, reliable, and take ownership.
7. you are excited by e-commerce, brands, marketing, technology, or business.

who should not apply:
1. if you need constant supervision.
2. if you are looking for a certificate more than a learning experience.
3. if you believe ""that's not my job"" is a valid answer.
4. if you are uncomfortable taking responsibility for outcomes.

what you'll learn:
1. amazon, flipkart, tata 1mg, nykaa, myntra, and d2c commerce.
2. product launches and catalog management.
3. marketplace advertising.
4. inventory and order management.
5. consumer behavior and digital marketing.
6. data-driven decision making.
7. how a healthcare brand scales online.

the opportunity:
1. this is not a coffee-fetching internship.
2. you'll work directly with the leadership team, own meaningful projects, and gain practical experience that most fresh graduates don't get in their first full-time job.

if you are ambitious, curious, and eager to build, we'd love to hear from you.",No PPO Mentioned,Internshala
data-science,ai web development,nayepankh foundation,Work from home,Unpaid,1 Month,"html, web development, artificial intelligence","are you a tech-savvy individual with a passion for artificial intelligence and web development? nayepankh foundation is looking for a talented ai web development intern to join our dynamic team. 



1. collaborate with our ai team to design and implement cutting-edge ai algorithms for web development projects.
2. utilize your expertise in html and web development to create innovative and user-friendly websites for our clients.
3. assist in testing and debugging ai applications to ensure optimal performance and functionality.
4. stay up-to-date with the latest trends and advancements in ai technology to enhance our web development projects.
5. work closely with senior developers to learn and grow your skills in ai and web development.
6. participate in team meetings and brainstorming sessions to contribute fresh ideas and solutions.
7. take on additional tasks and projects as needed to support the overall goals of the company.

if you are a motivated individual with a strong background in ai, html, and web development, we want to hear from you! join us at nayepankh foundation and take your career to new heights. apply now and be a part of our innovative team!",Job offer post internship,Internshala
data-science,ai visual content creator,namaah pvt ltd,Work from home,"₹ 6,000 - 10,000 /month",6 Months,"video editing, storyboarding, creative direction, generative ai tools, graphic design, motion graphics, visual storytelling","1. create ai-generated visual content using tools such as midjourney, runway, veo, kling, pika, and other generative ai platforms
2. design social media creatives, brand visuals, and ui/ux mockups for live projects
3. assist in developing storytelling assets for short-form video content and micro-drama productions
4. support design research, visual experimentation, and rapid creative prototyping
5. work with the internal team to produce motion graphics, visual assets, and creative concepts
6. maintain quality, consistency, and timely delivery of assigned creative tasks
7. experiment with new ai tools and workflows to improve production pipelines",Job offer upto ₹ 4.2LPA post internship,Internshala
data-science,no code development,nayepankh foundation,Work from home,Unpaid,1 Month,"html, artificial intelligence, chatgpt, grok, claude, gemini","are you a tech-savvy individual with a knack for no-code development tools such as html, artificial intelligence, chatgpt, claude, gemini, and grok? nayepankh foundation is seeking a driven and innovative no code development intern to join our dynamic team. as an intern, you will have the opportunity to work on exciting projects and gain hands-on experience in the world of technology and social impact.



1. collaborate with the development team to design and implement user-friendly interfaces using no-code tools.
2. utilize your knowledge of html to create and optimize web pages for various projects.
3. experiment with artificial intelligence tools to enhance user experience and streamline processes.
4. work with chatgpt to develop intelligent chatbots for communication and customer support.
5. harness the power of claude and gemini to create visually appealing and interactive content.
6. use grok to analyze data and provide insights for decision-making.
7. stay updated on the latest trends in no-code development and contribute innovative ideas to the team.

if you are passionate about technology, social impact, and making a difference, this internship is perfect for you! join us at nayepankh foundation and be a part of our mission to empower communities through technology. apply now and embark on an exciting journey of learning and growth.",Job offer post internship,Internshala
data-science,quality control,plexmato,Work from home,"₹ 10,000 - 25,000 /month",2 Months,"critical thinking, analytical thinking, data analysis","are you a detail-oriented individual with a passion for data analysis and quality control? plexmato is seeking a quality control intern to join our dynamic team! 



1. conduct thorough data analysis to identify trends and patterns in product quality.
2. utilize analytical thinking to develop and implement quality control procedures.
3. collaborate with cross-functional teams to ensure compliance with industry standards and regulations.
4. use critical thinking skills to troubleshoot and resolve quality issues in a timely manner.
5. assist in the development of quality control metrics and reporting tools.
6. participate in continuous improvement initiatives to enhance product quality and efficiency.
7. support quality assurance audits and inspections to maintain high standards of excellence.

if you are a proactive problem-solver with a keen eye for detail, we want to hear from you! join us at plexmato and gain valuable hands-on experience in quality control while contributing to the success of our cutting-edge products. apply now to kickstart your career in quality management!",Job offer upto ₹ 8LPA post internship,Internshala
data-science,ai & python developer,acumensa technologies,"Chennai, Gurgaon, Kolkata, Hyderabad, Mumbai, Noida, Bangalore","₹ 15,000 - 35,000 /month",4 Months,"python, model evaluation, chatgpt, claude, llmops, model fine-tuning, llm evaluation","are you a skilled ai developer with a solid grounding in python? acumensa technologies is seeking a dynamic individual to join our team and gain valuable hands-on experience in a fast-paced tech environment.

selected intern’s day-to-day responsibilities include:

1. collaborate with the development team to design, develop, and implement new features for ai applications.
2. develop backend functionalities using python 
3. deploy and manage applications on aws for optimal performance and reliability.
5. conduct thorough testing and debugging to ensure high-quality code and functionality.
6. stay updated on industry trends and best practices to contribute innovative ideas to the team.

if you are passionate about technology and eager to expand your skill set, apply now to kickstart your career with acumensa technologies!",No PPO Mentioned,Internshala
data-science,ai video creator,soulstarr ai,Work from home,"₹ 5,000 /month",3 Months,"adobe photoshop, adobe illustrator, video editing, adobe premiere pro, final cut pro, video making, adobe after effects","we are looking for a creative ai video creator & editor to produce engaging short-form reels, youtube shorts, instagram reels, and social media video content using ai tools.



1. create 2–3 short-form videos/reels daily based on content provided by the content writer.
2. generate ai videos, ai voice-overs, and edit final content using ai and video editing tools.
3. enhance videos with motion graphics, captions, sound effects, and visual effects.
4. research trends and use ai tools to improve content quality and engagement.
5. coordinate with the content writer and team to ensure timely content delivery.
6. attend team meetings, communicate effectively, and provide daily progress updates.",No PPO Mentioned,Internshala
data-science,strategy and research,sunstone,Gurgaon,"₹ 15,000 - 18,000 /month",3 Months,"strategy, research and analytics","1. researching new markets, categories, and business opportunities
2. building strategic theses for new programs/projects
3. benchmarking competitors and industry players
4. analysing data, trends, and business metrics
5. evaluating growth opportunities and expansion ideas
6. speaking with students and stakeholders to gather insights
7. creating structured summaries from reports, interviews, and datasets",No PPO Mentioned,Internshala
data-science,business strategy,play my opinion,Work from home,"₹ 1,001 - 1,102 /month",2 Months,"ms-powerpoint, presentation skills, strategy, research and analytics, market research, marketing strategies, customer acquisition","1. support customer acquisition efforts through research and outreach.
2. conduct market research to identify trends, opportunities, and target audiences.
3. analyze and interpret market research data to derive actionable insights.
4. assist in developing and planning business strategies based on research findings.",No PPO Mentioned,Internshala
data-science,artificial intelligence (ai),disruptive consultancy services private limited (development monitors india),Delhi,"₹ 25,000 - 40,000 /month",6 Months,"python, machine learning, data science, neural networks, natural language processing (nlp), deep learning, artificial intelligence","4.1 application development and engineering
•      design, build, and maintain ai-enabled and geospatial software applications spanning desktop, web, and cloud platforms.
•      contribute across the full technology stack, including user interfaces, back-end services, and automated data pipelines.
•      support enterprise-grade mobile, desktop, and web products through the complete software lifecycle—from initial development through deployment, quality assurance, and ongoing maintenance.

4.2 ai agent development
•      assist in the design, development, training, testing, and iterative refinement of ai agents for international development applications.
•      integrate ai tools and large language model (llm) capabilities into existing geospatial software platforms used across development programs.

4.3 data infrastructure and cloud
•      design and build structured and unstructured data pipelines optimized for geospatial data at scale.
•      integrate storage and database solutions, including postgresql/postgis, aws s3, and key-value stores.
•      support deployment of applications and machine learning models on cloud platforms, ensuring reliability, scalability, and security.

4.4 collaboration and knowledge management
•      collaborate effectively with cross-functional teams, subject matter experts, consultants, and project managers across multiple regions and time zones.
•      participate in code reviews and provide mentorship and technical guidance to junior developers and fellow interns.
•      maintain comprehensive documentation of technical workflows, development processes, and established best practices.
•      prepare clear and concise technical notes, meeting minutes, and progress summaries for internal and external audiences.
 
5 required qualifications
•      currently enrolled in the final year of a bachelor’s degree programme in computer science, data science, or a closely related discipline.
•      a minimum of one year of academic study and applied experience in ai for software products, including llm integration, prompt and tool orchestration, model evaluation, or ml pipeline development and deployment.
•      strong software engineering fundamentals, including version control (git), testing practices, debugging methodologies, and the ability to design and maintain scalable, well-structured systems.
•      proficiency in python for application development and data processing; familiarity with ui frameworks (e.g., pyqt5) and/or back-end services (e.g., node.js, fastapi, or equivalent).
•      excellent written and verbal english communication skills, with demonstrated ability to articulate technical concepts clearly to both technical and non-technical stakeholders.
•      ability to work from our rohini, delhi office a minimum of two days per week (three days preferred). this requirement is non-negotiable.
 
6 preferred skills and experience
•      demonstrated experience integrating llms and tool-calling apis (e.g., openai api, azure openai), including prompt engineering, retrieval-augmented generation (rag), and systematic model evaluation.
•      hands-on experience with llm and agent orchestration frameworks (e.g., langchain, llamaindex) and vector search solutions (e.g., pgvector, pinecone, weaviate, milvus, elasticsearch/opensearch).
•      practical knowledge of ml/mlops workflows and deployment tooling (e.g., mlflow, dvc, airflow, prefect, docker, kubernetes) and model serving infrastructure (e.g., fastapi, torchserve, triton inference server).
•      familiarity with ai quality assurance, safety, and observability practices, including evaluation frameworks, robustness testing, cost and latency optimization, and monitoring tools such as langsmith, arize/phoenix, or opentelemetry.
•      working knowledge of machine learning frameworks such as tensorflow or pytorch, with experience applying them in research or applied project contexts.",No PPO Mentioned,Internshala
data-science,artificial intelligence (ai),karma infratech,Kanpur,"₹ 10,000 /month",3 Months,"search engine optimization (seo), web development, web design, natural language processing (nlp), artificial intelligence, apis, chatgpt","1. build ai chatbots and automation solutions for business use cases.
2. work with whatsapp api integrations and chatbot deployment.
3. develop websites using vibe coding, no-code, and low-code tools.
4. design, develop, and deliver client websites from concept to deployment.
5. perform seo activities including on-page and off-page optimization.
6. manage and optimize google business profile (google my busibusiness) listings.
7. work with meta developer tools, apis, and business integrations.
8. collect and analyze data using web scraping tools and low-code automation platforms.
9. learn whatsapp automation tools through company-provided courses
10. test whatsapp cloud api sandbox (send/receive messages, templates, flows)
11. build simple no-code chatbot flows (auto-reply, lead capture, faq)
12. create basic flow diagrams for demo bots (clinic bot, real-estate bot, etc.)
13. document steps, workflows, and learnings in google docs/notion
14. research whatsapp automation tools (interakt, make, zapier, etc.)
15. assist in preparing demo bots and internal templates
16. provide end-of-day progress updates

b. weekly responsibilities:

1. complete assigned course modules
2. build and test 1-2 mini automation flows
3. update internal sops and knowledge base
4. prepare demo materials for the agency portfolio",Job offer upto ₹ 3LPA post internship,Internshala
data-science,applied ai research (algorithms & machine learning),vyorius drones private limited,Work from home,"₹ 3,000 - 5,000 /month",2 Months,"opencv, python, algorithms, mathematics, machine learning, c++ programming, neural networks","1. work on research projects applying machine learning techniques in c++.
2. implement, experiment with, and benchmark ml algorithms to evaluate feasibility and performance.
3. translate research ideas, papers, or concepts into working c++ prototypes.
4. analyze experimental results and iterate on models or algorithms to improve outcomes.
5. optimize implementations for performance, memory usage, and scalability.
6. collaborate with senior researchers and engineers to refine research direction and technical approach.
7. maintain clear documentation of research methods, assumptions, and findings.
8. compare different approaches and provide data-driven recommendations based on results.
9. support integration into larger systems when applicable.",No PPO Mentioned,Internshala
data-science,data science,ai4see private limited,Bangalore,"₹ 3,000 - 50,000 /month",6 Months,"python, algorithms, data analytics, mathematics, machine learning, statistics, data science","1. reading and surveying state-of-the-art papers.
2. working on data collection and preprocessing.
3. building and evaluating ml models.
4. analyzing and optimizing the models.
5. handling documentation.",No PPO Mentioned,Internshala
data-science,founders office (analytics & operations),jampacked,Delhi,"₹ 10,000 - 15,000 /month","₹ 10,000 - 15,000 /month","sql, logical reasoning, advanced excel, client relationship, effective communication","we are looking for a sharp, analytical, and self-driven intern to work directly with the founder. this is a high-ownership role designed for individuals who are comfortable with ambiguity, can learn independently, and enjoy solving real-world business problems using data. the work is fast-paced and outcome-driven, with an expectation of strong initiative and accountability.



1. analyze client data to identify growth opportunities and performance issues
2. track key metrics, flag anomalies, and share insights with the team and clients
3. prepare reports, dashboards, and structured updates for clients
4. coordinate with aggregator platforms (zomato/swiggy) for account management and issue resolution
5. support the preparation of client presentations and internal analysis",Job offer starting ₹ 3.6LPA post internship,Internshala
data-science,data analytics,calipers consulting private limited,"Secunderabad, Hyderabad","₹ 40,000 - 60,000 /month","₹ 40,000 - 60,000 /month","python, sql, data analytics, ms-excel, data science, power bi, tableau","1. enter and update data accurately into software systems and spreadsheets
2. verify and review data for errors or inconsistencies
3. maintain confidentiality of sensitive information
4. prepare and sort documents for data entry
5. generate reports and maintain records as required
6. coordinate with internal teams for data verification
7. ensure timely completion of assigned tasks
8. maintain proper filing and documentation of records",Job offer upto ₹ 12LPA post internship,Internshala
data-science,data analytics,cloudlead technologies private limited,Pune,"₹ 5,000 /month",3 Months,"python, mongodb, ms-excel","1. learning development in python and running scripts in python, shell, php, etc. to structure & organize data
2. learning mongo db, mysql, etc. to perform different query operations
3. getting trained on web scraping/data mining code development
4.working on automation testing, executing queries to convert data into meaningful information
5. working on data files & analyzing results in ms-excel
6. running validation script in r, tableau, and python for manual or automation testing
7. capturing, analyzing & processing data related to the assignments
8. learning linux as a system admin to set up servers

requirements: 

1. immediate joiners only
2. prefer if you have done a data science course

working hours- 10:00 am to 7:00 pm, monday to friday (2nd/4th saturdays off)
location- warje, pune",No PPO Mentioned,Internshala
data-science,founders office,simit bhagat studios,Mumbai,"₹ 9,000 - 10,000 /month",3 Months,"ms-office, english proficiency (spoken), english proficiency (written), canva, effective communication","a. managing the founder's schedule and assistance:
1. coordinate and manage the founder’s inbox and calendar, including meetings, appointments, and travel arrangements. 
2. prioritise and schedule meetings, ensuring efficient use of the founder’s time. 
3. identify and pursue new business opportunities through proactive prospecting, networking, and lead-generation activities.

b. communication and correspondence management:
1. prioritise and schedule meetings, ensuring efficient use of the founder’s time.
2. handle correspondence, emails, phone calls, and inquiries on behalf of the founder.
3. draft necessary communication for emails, meetings, seminars, etc.
prepare and proofread documents, reports, and presentations as needed.

c. travel coordination, logistics, and office management:
1. organise domestic and international travel logistics, including flights, accommodations, and itineraries.

d. meeting coordination:
1. prepare meeting agendas, attend meetings, take minutes, and follow up on action items as directed by the founder.
2. coordinate logistics for meetings and other executive-level gatherings.

e. information and data management:
1. gather, compile, and analyze data for reports and presentations.
2. conduct market research and analysis to identify target market segments, customer preferences, and emerging trends.
3. maintain confidential files and documents, exercising discretion and confidentiality.",Job offer upto ₹ 4LPA post internship,Internshala
data-science,artificial intelligence (ai),seven seas hospitality,Delhi,"₹ 10,000 - 15,000 /month",6 Months,"artificial intelligence, market research, marketing, marketing automation, generative ai tools, claude, gemini","are you a tech-savvy marketing enthusiast looking to dive into the world of artificial intelligence? seven seas hospitality is seeking an ai intern to join our dynamic team. as an ai intern with us, you will have the opportunity to leverage your knowledge of marketing, market research, and marketing automation to explore cutting-edge ai technologies such as claude, ai image generation, ai video generation, ai voiceover, generative ai tools, and gemini. if you're passionate about the intersection of ai and marketing, this is the perfect opportunity for you!

1. conduct market research using ai tools to identify new trends and opportunities.
2. implement ai marketing strategies to enhance customer engagement and drive conversions.
3. utilize ai image generation and video generation tools to create compelling visual content.
4. experiment with ai voiceover technology to enhance our brand messaging.
5. collaborate with the team to develop and implement ai-powered marketing campaigns.
6. analyze data generated by ai tools to optimize marketing performance.
7. stay up-to-date on the latest ai trends and technologies to drive innovation in our marketing efforts.",No PPO Mentioned,Internshala
data-science,ai agent development,queens of change foundation,Work from home,Unpaid,1 Month,"automation, artificial intelligence, chatgpt, grok, claude, gemini","as an ai agent development intern at queens of change foundation, you will have the opportunity to work with cutting-edge technology and make a real impact in the field of artificial intelligence. you will work alongside experienced professionals to develop ai agents that will help advance our mission of empowering women and creating positive change in the world. 

key responsibilities:
1. utilize your knowledge of artificial intelligence to enhance the capabilities of our ai agents.
2. implement automation techniques to streamline processes and improve efficiency.
3. work with platforms such as gemini, grok, claude, and chatgpt to develop innovative solutions.
4. collaborate with team members to brainstorm ideas and problem-solve challenges.
5. conduct research on emerging trends in ai and identify opportunities for improvement.
6. test and optimize ai agents to ensure they meet the highest standards of performance.
7. assist in documenting processes and creating training materials for future reference. 

if you are passionate about ai and eager to make a difference, this internship is the perfect opportunity for you to gain hands-on experience and contribute to a meaningful cause. join us at queens of change foundation and be a part of the future of artificial intelligence!",Job offer post internship,Internshala
data-science,data analytics,krutrim insights,Delhi,"₹ 10,000 /month","₹ 10,000 /month",data analytics,"1. analyse data and generate insights to enhance company productivity
2. learn and apply ai tools as part of workflow and tasks",Job offer upto ₹ 5LPA post internship,Internshala
data-science,founding ml/ai engineering,"tracer (san francisco, united states)",Work from home,"₹ 25,000 - 1,00,000 /month",6 Months,"python, machine learning, backend development, llmops","1. work directly with the founder on tracer, an open-source developer tool that helps ai teams reduce llm inference costs by training lightweight ml models on production llm traces.
2. build and improve python pipelines for surrogate model training, parity gates, routing logic, clustering, embeddings, vector search, benchmarks, and evaluation.
3. improve the developer experience around the open-source repo, including sdk design, documentation, examples, integrations, and benchmark experiments.

more information available at https://tracerml.ai/hiring/",No PPO Mentioned,Internshala
data-science,data operations executive,affinityanswers,Work from home,"₹ 25,000 /month",6 Months,"sql, analytical thinking, ms-excel, problem solving, data interpretation, data analysis, data cleaning","whom are we looking for?

we are looking for someone who gets things done. not someone waiting for perfectly written requirements. not someone who needs step-by-step instructions. but someone who can look at a messy situation involving data, vendors, and deadlines- and still move things forward. this role sits at the intersection of data, operations, and people. you will be the glue that ensures data actually moves- from vendors to us, from us to customers- correctly, on time, and without drama. if you have common sense, a bit of curiosity about numbers, and the ability to operate in ambiguity, you’ll do well here.



1. measure and monitor key metrics on datasets (completeness, consistency, sanity checks)
2. coordinate with vendors for data delivery and follow-ups (yes, persistence matters)
3. ensure smooth delivery of data to customers (timeliness and accuracy are non-negotiable)
4. work closely with data analysts and data engineers to understand what 'good data' looks like",No PPO Mentioned,Internshala
data-science,machine learning,symonis,Work from home,"₹ 10,000 - 25,000 /month",3 Months,"python, data analytics, machine learning, data science, natural language processing (nlp), deep learning, artificial intelligence","are you a talented machine learning enthusiast eager to gain hands-on experience in a dynamic and cutting-edge environment? look no further! symonis is seeking a skilled machine learning intern proficient in python, data analytics, data science, natural language processing (nlp), deep learning, and artificial intelligence to join our team.



1. develop and implement machine learning algorithms to improve our products and services.
2. conduct data analysis and provide insights to drive business decisions.
3. collaborate with cross-functional teams to integrate machine learning models into existing systems.
4. research and stay up-to-date on the latest trends in machine learning and artificial intelligence.
5. assist in the design and development of new machine learning models and techniques.
6. optimize and fine-tune machine learning models for performance and scalability.
7. present findings and recommendations to stakeholders clearly and concisely.

if you are passionate about machine learning and eager to make a real impact, apply now to join symonis and take your skills to the next level!",No PPO Mentioned,Internshala
data-science,artificial intelligence (ai),skidev edutech private limited,Work from home,"₹ 13,000 - 20,000 /month",6 Months,"python, data structures, machine learning, data science, neural networks, natural language processing (nlp), deep learning","as an artificial intelligence (ai) intern at skidev edutech private limited, you will have the opportunity to work on cutting-edge projects that push the boundaries of technology. we are looking for a talented individual who is proficient in python, data structures, machine learning, data science, neural networks, natural language processing (nlp), and deep learning.

key responsibilities:
1. assist in developing ai algorithms and models to enhance our educational platform.
2. collaborate with the research and development team to implement innovative solutions.
3. conduct data analysis and provide insights to improve the overall user experience.
4. work on optimizing ai algorithms for scalability and efficiency.
5. participate in brainstorming sessions to generate new ideas for ai applications.
6. stay updated on the latest advancements in ai technology and implement best practices.
7. support the team in testing and troubleshooting ai solutions to ensure quality and performance. 

if you are passionate about ai and eager to gain hands-on experience in a dynamic and fast-paced environment, apply now to join our team at skidev edutech private limited.",No PPO Mentioned,Internshala
data-science,prompt engineering,skidev edutech private limited,Work from home,"₹ 13,000 - 20,000 /month",6 Months,"logical reasoning, critical thinking, analytical thinking, problem solving, technical analysis, effective communication, llm evaluation","as a prompt engineering intern at skidev edutech private limited, you will have the opportunity to apply your skills in effective communication, logical reasoning, analytical thinking, llm evaluation, technical analysis, critical thinking, and problem solving. this is a dynamic role where you will work closely with our engineering team to develop innovative solutions for our educational technology platform.



1. collaborate with team members to brainstorm and implement new features for the platform.
2. conduct technical analysis and provide recommendations for improving system performance.
3. evaluate learning management systems (llm) to identify areas for enhancement and optimization.
4. utilize critical thinking skills to troubleshoot issues and propose effective solutions.
5. assist in the development and testing of software applications.
6. communicate project updates and findings to stakeholders in a clear and concise manner.
7. participate in training sessions and workshops to enhance your knowledge and skills in engineering. 

join us in revolutionizing the education industry and make a meaningful impact on the future of learning. apply now and take the first step towards an exciting career in engineering with skidev edutech private limited.",No PPO Mentioned,Internshala
data-science,performance marketing,91 ninjas private limited,Work from home,"₹ 5,000 - 5,001 /month",6 Months,"google analytics, google adwords, ms-excel, google workspace, facebook ads, linkedin ads","i'm excited to announce that we're looking for a passionate and data-driven performance marketing intern to join the team at 91ninjas. if you're someone who loves digital marketing, enjoys working with numbers, and wants hands-on experience scaling campaigns, this could be a great opportunity.

role: performance marketing intern
location: remote
duration: 6 months
stipend: competitive



1. assist in planning, executing, and optimizing paid marketing campaigns across google ads, meta ads, linkedin ads, and other channels
2. monitor campaign performance and prepare reports on key metrics such as ctr, cpc, cpl, roas, and conversions
3. conduct keyword, audience, and competitor research
4. support a/b testing initiatives for creatives, landing pages, and ad copies
5. work closely with the content, design, and growth teams to improve campaign effectiveness
6. analyze data and generate actionable insights to improve marketing performance",No PPO Mentioned,Internshala
data-science,product intern,alyve health,"Faridabad, Delhi, Ghaziabad, Gurgaon, Mumbai, Noida, Bangalore","₹ 15,000 - 30,000 /month","₹ 15,000 - 30,000 /month","data analytics, product management, data interpretation, prototyping","1. translate client requirements into clear product requirements, user stories, and acceptance criteria
2. identify key product metrics, reporting metrics and build tools, and dashboards to track them continuously
3. identify usage patterns and come up with action plans to move metrics in the right direction
4. ensure swift and better product decisions using data and analytics
5. participate in client demos, internal presentations, and defect review meetings
6. contribute to backlog prioritization, sprint planning, and release readiness to ensure on-time delivery",Job offer upto ₹ 6LPA post internship,Internshala
data-science,artificial intelligence (ai),the product folks,Ahmedabad,"₹ 5,000 - 12,000 /month",6 Months,"artificial intelligence, chatgpt, claude","ai intern (generalist) –  internship

about the role
we’re looking for an ai intern (generalist) who loves exploring, experimenting, and building with ai tools. this role is ideal for someone who has recently graduated (or is about to), is deeply curious about ai, and wants to apply it to real business problems, not just demos.

you’ll work closely with multiple teams to automate manual workflows, improve efficiency, and build lightweight ai-powered systems that save time and scale impact.

what you’ll do
- identify repetitive or manual tasks across teams and design ai-driven solutions to automate them.
- experiment with and implement ai tools (llms, no-code/low-code tools, agents, apis) to improve productivity.
- build simple internal tools, workflows, or scripts that reduce human effort.
- work with teams to understand problems, prototype solutions, and iterate quickly.
document workflows, automations, and learnings so others can use and scale them.
- stay updated with new ai tools, frameworks, and best practices and proactively suggest improvements.


who you are
- recently graduated or final-year student in any field (engineering background is a plus, but not mandatory).
- strong interest in ai tools and applied ai use-cases (chatgpt, claude, cursor, zapier, make, notion ai, etc.).
- comfortable experimenting, breaking things, and figuring stuff out independently.
- high ownership mindset — you don’t wait for perfect instructions.
- able to think in workflows and systems, not just one-off tasks.
- basic scripting or technical comfort (python, javascript, apis, spreadsheets, or automation tools) is a plus.

what we’re looking for
- someone who can “play with ai” productively — test tools, connect systems, and ship usable solutions.
- practical mindset: “how can this save 5–10 hours a week for the team?”
- strong problem-solving and communication skills.
- willingness to learn fast and adapt in a high-ownership environment.

why this role is exciting
- hands-on exposure to real-world ai implementation, not theoretical work.
- opportunity to work across teams and functions.
- high impact  your work directly improves team efficiency.
- steep learning curve and mentorship in a fast-moving environment.
- potential for conversion to a full-time role based on performance.",No PPO Mentioned,Internshala
data-science,senior ai engineer (rag & generative ai),md shahbaz ansari,Work from home,"₹ 19,000 - 20,000 /month",3 Months,"python, sql, data structures, git, machine learning, docker, artificial intelligence","1. design, develop, and deploy production-grade retrieval-augmented generation (rag) applications using llms and vector databases.
2. build scalable ai pipelines for document ingestion, retrieval, indexing, and response generation.
3. integrate ai solutions with apis, databases, cloud platforms, and enterprise systems.
4. optimize model performance, retrieval accuracy, latency, and cost for real-world production environments.
5. monitor, troubleshoot, and maintain ai applications to ensure reliability, security, and scalability.
6. collaborate with product, engineering, and business teams to translate requirements into ai-powered solutions.
7. demonstrate proven experience delivering end-to-end ai/llm projects with measurable business impact.",No PPO Mentioned,Internshala
data-science,full stack development,time tours,Kolkata,"₹ 5,000 - 7,500 /month",6 Months,"css, javascript, mongodb, node.js, postgresql, react, artificial intelligence","•⁠ ⁠develop and maintain full-stack web applications.
•⁠ ⁠build and optimize backend apis and database systems.
•⁠ ⁠integrate ai services, llms, and automation workflows into applications.
•⁠ ⁠deploy and manage applications on cloud platforms.
•⁠ ⁠collaborate with the team to design and implement new features.
•⁠ ⁠debug, test, and improve application performance and reliability.
•⁠ ⁠participate in code reviews and follow engineering best practices.

technical skills

•⁠ ⁠strong knowledge of javascript/typescript.
•⁠ ⁠experience with react.js or similar frontend frameworks.
•⁠ ⁠experience with node.js, express.js, or similar backend technologies.
•⁠ ⁠good understanding of databases such as postgresql, mysql, or mongodb.
•⁠ ⁠familiarity with rest apis and backend architecture.
•⁠ ⁠basic knowledge of cloud platforms (aws, gcp, azure, railway, render, etc.).
•⁠ ⁠experience with git and version control.

ai & modern development

•⁠ ⁠basic understanding of ai apis and llms (openai, gemini, claude, etc.).
•⁠ ⁠familiarity with ai application development concepts such as prompt engineering, rag, or ai agents is a plus.
•⁠ ⁠interest in building ai-powered products and workflows.
•⁠ ⁠websockets and real-time applications.
•⁠ ⁠langchain, langgraph, vector databases, or ai agent frameworks.",No PPO Mentioned,Internshala
data-science,agentic engineer,cometchat,Work from home,"₹ 12,000 - 15,000 /month",3 Months,"javascript, typescript, claude, cursor (genai)","1. build and improve agentic onboarding workflows for the cometchat sdk across major ai coding platforms.
2. extend the mcp server with tools and resources required for setting up cometchat in different codebases.
3. develop and optimize workflows such as /cometchat-init, /cometchat-migrate, and /cometchat-debug for seamless end-to-end functionality.
4. execute real onboarding journeys across platforms, identify workflow bottlenecks, and resolve root causes.
5. enhance documentation readability for llms through structured references, runnable examples, and llms.txt implementation.
6. document successful implementations, challenges, and learnings for internal and public knowledge sharing.",No PPO Mentioned,Internshala
data-science,backend development,alemeno,Work from home,"₹ 15,000 - 20,000 /month",4 Months,"opencv, python, git, django, machine learning, node.js, nosql","we are looking for a motivated and curious software development engineer i (sde i) to join our engineering team. as an sde i, you will work alongside experienced engineers on production-grade systems, gain hands-on experience with modern devops practices, and support machine learning integrations. this is a great opportunity for someone who wants to build strong backend fundamentals while
also getting early exposure to devops and real-world ml applications.



1. assist in designing and building scalable apis and backend services.
2. write clean, maintainable, and testable code in python (django/flask) and javascript (node.js).
3. participate in code reviews and help improve system design and performance.
4. work with relational and nosql databases, including schema changes and optimization.
5. help maintain and enhance ci/cd pipelines and deployment workflows.
6. hands-on with containerization (docker) and cloud infrastructure (aws/gcp/digital ocean).
7. monitor application health, log performance metrics, and contribute to reliability improvements.
8. support integration of ml models and apis (e.g., opencv, llms like openai).
9. assist in model deployment, testing, and performance tuning in production environments.
10. collaborate with ml engineers and gain exposure to real-world machine learning systems.",Job offer starting ₹ 4.8LPA post internship,Internshala
data-science,full stack development,login2xplore,Work from home,"₹ 7,500 - 9,000 lump sum",3 Months,"java, php, html, css, javascript, python, data structures","selected intern's day-to-day responsibilities may include:

1. working on the full stack development of software/modules, coding, and exploring new technologies.
2. creating technical design documents and manuals.
3. working on software installation, execution, testing automation, and providing training & support.
4. working on r&d on various upcoming technologies, including ai/ml/big data, etc.

note: longer duration and part-time internships are also available in the similar profile.",No PPO Mentioned,Internshala
data-science,quant analyst,institute of digital risk,Work from home,"₹ 20,000 - 25,000 /month",3 Months,"data analytics, statistics, linear algebra, quantitative research, probability","1. build and maintain quantitative models for pricing, forecasting, signal generation, and risk analysis.
2. analyze large financial and market datasets to identify patterns, inefficiencies, and opportunities.
3. design, backtest, and evaluate trading strategies across multiple asset classes.
4. monitor model performance and recommend improvements based on results and market changes.
5. work with trading and technology teams to implement research into production workflows.",Job offer upto ₹ 10LPA post internship,Internshala
data-science,artificial intelligence (ai),gharpayy,Work from home,"₹ 3,000 - 4,000 /month",2 Months,"python, data structures, machine learning, data science, neural networks, natural language processing (nlp), deep learning","we are looking for a bright and innovative ai intern to join our team at gharpayy! as an ai intern, you will have the opportunity to work with cutting-edge technology and make a real impact on our company. if you are passionate about artificial intelligence, data science, and natural language processing, then this is the perfect opportunity for you! 



1. develop and implement ai models to improve our products and services.
2. analyze and interpret data to provide valuable insights for decision-making.
3. collaborate with cross-functional teams to optimize ai solutions.
4. research and stay updated on the latest trends in ai technology.
5. assist in the development of nlp algorithms for better customer interactions.
6. support in the testing and validation of ai models for accuracy and efficiency.
7. present findings and recommendations to senior management for strategic planning. 

join us at gharpayy and be a part of our exciting journey towards innovation and growth!",No PPO Mentioned,Internshala
data-science,ai/ml developer,bharatx genai private limited,Delhi,"₹ 10,000 - 30,000 /month",6 Months,"cloud computing, python, sql, machine learning, problem solving, natural language processing (nlp), pytorch","this is a 6‑month work-from-office internship. the selected intern(s) will work directly with the founding team on applied ai projects involving document intelligence, nlp pipelines, and rag‑based llm systems. expect hands‑on development, experimentation, and end‑to‑end model implementation.",No PPO Mentioned,Internshala
data-science,technical summer intern,"national e-governance division (negd), meity",Delhi,"₹ 20,000 /month",6 Months,"java, javascript, cloud computing, ui & ux design, technical analysis, database management system (dbms), cursor (genai)","1. assisting in conducting web application and server scans using tools like nessus, nmap, or burp suite, and prepare vapt risk reports.
2. writing initial plans, test cases, and test scripts for manual, automated, and ai bot testing using tools like selenium or postman.
3. tracking bugs, report issues, and perform regression, performance, and security testing to ensure software quality before deployment.
4. developing ai-based modules for governance platforms, including nlp for chatbots or document summarization.
5. developing chatbots (conversational rag, agentic rag, etc.) using genai models and handle data for knowledge base creations.
6. performing feature engineering, model tuning, and validation for specific use cases while evaluating open-source ai tools or apis.",No PPO Mentioned,Internshala
data-science,phd research intern,uber,Hyderabad,"₹ 1,20,000 - 1,60,000 /month",3 Months,"python, machine learning, problem solving, research and analytics","1. driving core research in specialized areas, including llm post-training (rlhf, grpo, instruction tuning) and data efficiency framework design.

2. formulating and constructing domain-specific evaluation benchmarks to test llm capabilities across security, reasoning, and safety thresholds.

3. designing and running rigorous technical machine learning experiments to validate research hypotheses and iteratively optimizing model concepts.

4. collaborating hand-in-hand with research scientists and cross-functional engineering teams to rapidly prototype and evaluating novel ai approaches.

5. authoring and producing publication-ready scientific papers targeting elite, top-tier ai/ml conferences.

6. advancing ongoing research tracks like agentic quality evaluation, few-shot grounding, and human-in-the-loop optimization to minimize manual data annotation check barriers.",No PPO Mentioned,Internshala
data-science,research scientist,adobe,"Noida, Bangalore",Not provided,3 Months,"machine learning, problem solving, artificial intelligence, research and analytics, graphic design","1. pursuing a specialized research problem under the guidance of an adobe research mentor to apply to adobe’s real-world products.
2. aiming for academic publication in leading journals and conferences based on your research findings.
3. developing cutting-edge new algorithms, designing and executing rigorous experiments, and producing working demonstration prototypes.
4. documenting and presenting research work comprehensively, both verbally and through written scientific reports.
5. applying and inventing innovative machine learning algorithms capable of processing and solving real-world problems with web-scale data.
6. collaborating with internal product teams to integrate research into high-profile adobe features and software offerings.",No PPO Mentioned,Internshala
data-science,product,cashkaro,Gurgaon,Competitive stipend,6 Months,"data analytics, marketing, data analysis","1. have to develop firebase remote config, a/b testing via whatsapp, push notifications, in-app messaging.
2. have to diagnose drop-offs in referral journeys, cashback lifecycle, activation & retention funnels; user segmentation and behavioral profiling.
3. develop prototype internal tools using claude, lovable, or antigravity; build automation workflows and ai-assisted utilities.
4. contribute to prds, define success metrics, coordinate with design and engineering, own features end-to-end.
5. automate repetitive workflows, build dashboards for experiment tracking, improve internal processes with ai.",No PPO Mentioned,Internshala
data-science,ventur build,ey,Bangalore,Competitive stipend,Not Provided,"sql, attention to detail, database management system (dbms), effective communication, alteryx","1. understand business problems and design creative, engaging, and easy-to-consume visual insights.
2. work on small and mid-size projects while ensuring smooth service delivery across assigned engagements and geographies.
3. develop and maintain positive, productive, and professional relationships with clients and stakeholders.
4. collaborate effectively with engagement team members and demonstrate strong teamwork.
5. utilize current technologies and tools to improve service effectiveness and delivery quality.
6. build and maintain strong professional relationships with ey global offices to support gds opportunities.
7. support report and dashboard design and development activities.
8. perform basic data analysis and modelling using tools like alteryx.
9. apply sql and database concepts to support analytics and reporting requirements.
10. continuously learn business methodologies, data models, and user personas to improve solutions.
11. interact effectively with senior stakeholders and communicate insights clearly.
12. explore and adapt to disruptive technologies and innovative solutions.",No PPO Mentioned,Internshala
data-science,"student researcher, 2026",google,Bangalore,Competitive stipend,3 Months,"data science, c++ programming, software development life cycle (sdlc)","1. participate in research projects focused on developing solutions for real-world, large-scale problems.",No PPO Mentioned,Internshala
data-engineer,reactjs / python developer,shrimayanand research and innovation( pvt. ltd ),Gwalior,"₹ 6,000 - 10,000 /month",2 Months,"javascript, python, node.js, react, rest api","as a reactjs / python developer intern at shrimayanand research and innovation( pvt. ltd ), you will have the opportunity to work on cutting-edge projects and gain hands-on experience in developing innovative solutions. you will collaborate with our experienced team to create scalable and robust applications using react, rest api, node.js, javascript, and python.



1. develop responsive and user-friendly web applications using reactjs.
2. design and implement restful apis for seamless communication between front-end and back-end systems.
3. utilize node.js/python for server-side development and efficient data handling.
4. write clean and efficient code in python for various functionalities and data processing tasks.
5. collaborate with team members to troubleshoot issues, debug code, and optimize performance.
6. stay updated on industry trends and best practices to continuously improve development processes.
7. assist in testing and deploying applications to ensure they meet quality standards and user requirements. 

join us and be part of a dynamic team working on exciting projects that push the boundaries of technology and innovation.",No PPO Mentioned,Internshala
data-engineer,full stack development,vaultboard consulting private limited,Work from home,"₹ 7,000 /month",2 Months,"php, mysql, html, javascript","wonderkids.club is an early-stage b2b2c and b2c ed-tech start-up.
 role is to create games and learning activities for students to learn and practicr maths.

selected intern's day-to-day responsibilities will include working with php, javascript, jquery, bootstrap, and mysql to design, develop, enhance, and debug games or integrate them with other modules.

pre placement offers to final year graduates, and direct offer to shortlisted candidates on successful completion of internship.

who can apply:

1. please apply if you are interested in working for a start-up, doing what it takes to get the job done, and have past experience working in the wamp/lamp/xamp stack",Job offer upto ₹ 3.6LPA post internship,Internshala
data-engineer,front end development,tjl dynamics,Work from home,"₹ 3,000 - 5,000 /month",6 Months,"react, tailwind css","we are hiring a frontend developer intern with a strong interest in building modern, responsive, and high performance digital interfaces. the candidate must have a basic understanding of react, tailwind css,  we are looking for someone eager to learn, detail oriented, and committed to writing clean, maintainable frontend code.



1. ui implementation & design fidelity: translate high-fidelity figma designs and wireframes into clean, responsive, and production-ready code, ensuring pixel-perfect alignment across web and mobile interfaces.
2. modern component development: build scalable, modular layouts using react and tailwind css, focusing on reusable components that maintain high standards of code quality and maintainability.
3. api integration & data handling: manage the interface-to-backend pipeline by integrating rest apis and efficiently handling complex json data to ensure dynamic, real-time updates within the application.
4. performance & cross-platform optimization: conduct rigorous testing to ensure cross-browser compatibility and optimize frontend performance, ensuring a smooth, fast, and accessible user experience across all devices.
5. collaborative iteration: partner closely with designers and backend engineers to iterate rapidly on feedback, refining ui behavior and user interactions to align with project goals and technical constraints.",No PPO Mentioned,Internshala
data-engineer,full stack development,experted nexus,Work from home,"₹ 11,000 - 13,001 lump sum",2 Months,"javascript, node.js, postgresql, react, tailwind css, redis, gemini","1. ai and data pipeline architecture: design and optimize the sophisticated data pipelines that continuously feed e-commerce data into our intelligent retrieval-augmented generation (rag) agents.
2. real-time systems engineering: architect seamless, low-latency chat interfaces by bridging our dynamic react.js frontend with our robust node.js backend utilizing socket.io.
3. asynchronous task management: implement and scale resilient background job processing pipelines using bullmq and redis, ensuring complex, long-running ai queries execute flawlessly without timing out the server.",No PPO Mentioned,Internshala
data-engineer,full stack development,medows ai,Work from home,"₹ 10,000 - 15,000 /month",1 Month,"node.js, postgresql, react, next.js","1. ship user-facing features for the medows clinical workspace used by doctors during ward rounds
2. work with technologies like next.js, typescript, tailwind, and supabase
3. own end-to-end delivery from idea/sketch to production deployment
4. collaborate directly with the founder and, when needed, design-partner doctors for feedback
5. read, understand, and improve the existing codebase by proposing and shipping changes
6. identify bugs and friction points and proactively improve product usability
7. contribute to product thinking by suggesting better feature implementations
8. write technical documentation explaining what was built and why for internal and portfolio use",No PPO Mentioned,Internshala
data-engineer,web development,good dopamine technologies private limited,Work from home,"₹ 3,000 - 15,000 /month",6 Months,"python, react, typescript, ai video generation","1. build an agentic video editor
2. automate video formats and workflows
3. integrate with company tools and systems
4. document progress and project updates",Job offer upto ₹ 7LPA post internship,Internshala
data-engineer,website development sales,alteringfuture,Work from home,"₹ 11,000 - 17,000 /month",5 Months,"cold calling, email marketing, client relationship management (crm), lead generation, english proficiency (spoken), english proficiency (written), sales","1. identify and research businesses (startups, restaurants, clinics, local enterprises) that need websites or web apps
2. reach out to prospects via email, linkedin, instagram dms, and cold calls
3. pitch aftr labs' website and web development services
4. follow up on leads and maintain an organized lead tracker
5. coordinate with the founding team on proposals and quotations
6. work towards monthly sales targets and close deals",No PPO Mentioned,Internshala
data-engineer,python development,xpertstim it services pvt. ltd.,Work from home,"₹ 1,000 - 10,000 /month",1 Month,python,"xpertstim it services pvt. ltd.
we are looking for motivated python developer interns to work on real-world projects involving backend development, apis, webhooks, automation, and databases.
requirements:
basic python knowledge
logical thinking and problem-solving skills
willingness to learn new technologies
responsibilities:
develop python applications
work with apis and webhooks
database operations
complete assigned projects and tasks
internship details:
remote internship
duration: 1–3 months
flexible working hours
internship certificate provided
top performers may receive future opportunities
freshers and students are welcome to apply.",No PPO Mentioned,Internshala
data-engineer,web development,zerqube labs,Work from home,"₹ 15,000 - 30,000 /month",1 Month,"javascript, node.js, react","1. work on our clients projects along with senior developers
2. complete daily tasks
3. get certificate for internship",Job offer upto ₹ 3.6LPA post internship,Internshala
data-engineer,devops,bestriptech solutions private limited,"Mangalore, Manipal, Udupi, Kundapura","₹ 5,000 - 10,000 /month",6 Months,"mysql, html, css, javascript, angularjs, microsoft visual studio, json","1. assisting in configuring the company's web application to meet specific client requirements. this may involve:
a. querying databases to retrieve and manipulate data.
b. modifying web application settings based on client needs.
c. creating or updating documentation for client-specific configurations.
2. participate in the deployment process for client applications on the cloud platform. this could include tasks like:
a. packaging the application for deployment and maintaining versioning.
b. executing deployment scripts or procedures.
c. monitoring deployments and troubleshooting any initial issues.
3. participating actively in the entire sdlc process:
a. handling client interactions and requirement analysis
b. contributing to the development team, especially in performance tuning and bug fixes
4. contributing towards the overall success of the company through stretch goals. this could include tasks like:
a. attending team meetings to stay updated on project progress and client requirements.
b. contributing in other areas of the business like finance, business development, etc.",No PPO Mentioned,Internshala
data-engineer,full stack development,sarkari  station,Work from home,"₹ 1,000 /month",2 Months,"html, css, javascript, mongodb, node.js, react, next.js","1. working on frontend development using react.js/next.js
2. fixing bugs, improving website performance, and optimizing user experience.
3. assisting in seo optimization and website scalability improvements.
4. collaborating with the team to design, develop, test, and deploy new features.
5. working on real-world projects and contributing to live production updates.",No PPO Mentioned,Internshala
data-engineer,data entry,awttn inc.,Work from home,"₹ 5,000 - 8,000 /month",2 Months,"python, ms-powerpoint, ms-excel, alteryx","are you a detail-oriented and tech-savvy individual looking to kickstart your career in data entry? look no further than awttn inc.! as a data entry intern, you will have the opportunity to work with tools such as ms excel, python, alteryx, and ai.



1. copy/paste content from urls and bi tools into excel to prepare an inventory of reports.
2. research online (chatgpt, claude, google, etc) based on the task assigned.
3. write python code occasionally. guidance will be provided, but basic knowledge of python is a must (beginner level).
4. create powerpoint slides.",No PPO Mentioned,Internshala
data-engineer,"forward deployed ai engineer, software engineering",dharatal ai systems pvt ltd,Jaipur,"₹ 15,000 - 20,000 /month","₹ 15,000 - 20,000 /month","python, mongodb, node.js, vibe coding, cursor (genai)","1. design, build, and deploy full-stack ai-powered applications and production-ready mvps using react, node.js, python, and modern web technologies.
2. develop and integrate advanced ai agents, multi-agent orchestration frameworks, customized rag systems, complex prompt engineering workflows, and secure third-party apis.
3. leverage cutting-edge ai-assisted development tools like cursor, claude code, and chatgpt to accelerate clean, maintainable software delivery and technical documentation.
4. participate actively in client discussions to translate complex business requirements into functional backend services, scalable data pipelines, and optimized database solutions.
5. debug, test, and deploy applications directly to cloud platforms while monitoring production systems and rapidly researching new ai frameworks to apply to active projects.",No PPO Mentioned,Internshala
data-engineer,web development,codershive,Jaipur,"₹ 3,000 - 5,000 /month",6 Months,"mysql, html, css, javascript","develop and maintain company website pages.
assist in designing responsive web pages using html, css, and javascript.
fix website bugs and troubleshoot technical issues.
test website functionality across different devices and browsers.
update website content, images, and product information.
collaborate with the team to implement new website features.
optimize website performance and loading speed.
maintain proper documentation of development work.",No PPO Mentioned,Internshala
data-engineer,web development  (wordpress & ai specialist),nikharv consultancy,Work from home,"₹ 7,000 - 22,000 /month",1 Month,"wordpress, ui & ux design, generative ai tools","are you a tech-savvy individual with a passion for web development, wordpress, and ai? nikharv consultancy is seeking a dynamic web development intern to join our team! 



1. create and maintain engaging, user-friendly wordpress websites for our clients.
2. collaborate with our design team to implement ui/ux best practices for optimal user experience.
3. utilize generative ai tools to enhance website functionality and aesthetics.
4. assist in the development of innovative ai solutions to automate and streamline processes.
5. conduct thorough testing and debugging to ensure website functionality and performance.
6. stay up-to-date on the latest web development trends and technologies.
7. effectively communicate project updates and progress to the team.

if you are a motivated self-starter with a strong understanding of wordpress, ui/ux design, and generative ai tools, we want to hear from you! this internship offers valuable hands-on experience and the opportunity to work on exciting projects. apply now and take your web development skills to the next level!",No PPO Mentioned,Internshala
data-engineer,full stack development,w3ai,Work from home,"₹ 5,000 - 7,000 /month",1 Month,"mysql, html, javascript, python, node.js, github, react","because this is a hybrid role, the intern will spend about half their time building and maintaining standard web applications, and the other half setting up modern ai pipelines to automate business processes.



a. daily & weekly workflows:
1. participate in daily virtual stand-ups via slack, microsoft teams, or zoom to share daily goals, blockers, and updates.
2. track, update, and manage assigned coding tasks and automation sprints using project management tools like jira, trello, or clickup.
3. submit and review code changes independently via github pull requests (prs), ensuring everything aligns with team standards before merging.

b. frontend implementation:
1. convert design mockups (from figma or adobe xd) into clean, modern, and interactive user interfaces using react.js, vue.js, or html5/tailwind css.
2. connect the user interface to backend services, handling data flow smoothly using tools like axios or fetch api.

c. backend & database management:
1. write and maintain robust server-side logic and design restful apis using frameworks like node.js (express), python (fastapi/django), or java.
2. write optimized queries to store, retrieve, and update application data across relational databases (postgresql/mysql) or nosql databases (mongodb).

d. workflow & api automation:
1. build, test, and maintain automated business pipelines using visual automation platforms like make.com (formerly integromat), zapier, or n8n.
2. connect third-party saas tools to automate workflows, such as pulling assets from google drive, passing them to ai apis, and pushing outputs to youtube studio, gmail, or a crm.

e. genai implementation & prompt engineering:
1. integrate foundational ai models such as openai gpt-4, anthropic claude, or google gemini into internal web tools using python or node.js.
2. systematize, test, and refine complex prompt instructions to ensure reliable and high-quality outputs, including text, structured json data, or creative assets.
3. set up automated text-to-image or text-to-video pipelines using apis such as stable diffusion, midjourney, or dall-e to generate brand-specific digital content and social media assets.

typical tech stack the intern will use:
1. frontend: html5, css3, javascript (es6+), react.js/next.js, tailwind css.
2. backend & db: node.js, python, express, mongodb, postgresql.
3. ai integration: openai api, anthropic api, langchain (optional).
4. automation: make.com, zapier, n8n, webhooks.
5. devops & versioning: git, github, postman (api testing), vercel, aws.",No PPO Mentioned,Internshala
data-engineer,backend engineering,anantnetra technologies,Work from home,"₹ 4,000 - 5,000 /month",6 Months,"java, mysql, python, git, node.js, postgresql, json","we are looking for a backend engineering intern to help build scalable backend systems, secure apis, and ai-powered cybersecurity solutions. you will work closely with developers, ai engineers, and cybersecurity professionals to create robust applications that support threat analysis, reporting, security alerts, and ai-driven workflows.



1. design and develop scalable backend apis and services.
2. build secure rest apis for frontend applications and ai integrations.
3. design database schemas and optimize database queries.
4. implement authentication, authorization, and role-based access control.
5. integrate ai/llm services into backend workflows.
6. develop and maintain services for user management, threat analysis, reporting, and security alerts.
7. work with security log and event data pipelines.
8. write clean, maintainable, and well-tested code.
9. debug production issues and improve application performance.
10. collaborate with cybersecurity and ai teams to implement security requirements.",No PPO Mentioned,Internshala
data-engineer,full stack development,sss corporation private limited,Work from home,"₹ 3,000 - 8,000 /month",3 Months,"php, mysql, html, javascript, mongodb, node.js, express.js","1. assist in designing, developing, and maintaining software applications.
2. write clean, efficient, and maintainable code.
3. debug and troubleshoot software issues.
4. collaborate with team members on development projects.
5. participate in code reviews and testing activities.
6. learn and implement industry-standard development practices.
7. support the development and enhancement of web and software solutions.
8. document technical processes and project updates.",No PPO Mentioned,Internshala
data-engineer,front end development,retax infotech private limited,Work from home,"₹ 3,000 - 3,001 /month",6 Months,"html, javascript, react, rest api, tailwind css, next.js","as a front-end development intern at retax infotech private limited, you will have the exciting opportunity to hone your skills in html, javascript, tailwind css, rest api, react, and next.js while working on real-world projects with our experienced team. your role will be pivotal in bringing our innovative digital solutions to life and ensuring a seamless user experience across our platforms.



1. collaborate with the design and development teams to implement visually appealing and functional user interfaces.
2. write clean, efficient, and maintainable code that adheres to best practices and coding standards.
3. assist in the integration of rest apis to fetch and display dynamic data on the front end.
4. work closely with backend developers to ensure smooth communication between the front and back end systems.
5. test and debug front-end applications to ensure optimal performance and user experience across different devices and browsers.
6. stay updated on emerging technologies and trends in front-end development to continuously improve our products.
7. contribute ideas and insights to enhance the overall design and functionality of our digital solutions.",No PPO Mentioned,Internshala
data-engineer,full stack development,scalyx,Work from home,"₹ 5,000 - 8,000 /month",1 Month,"mongodb, postgresql, web development, express.js, typescript, next.js","1. assist in developing and maintaining web applications using modern technologies under the guidance of senior developers.
2. collaborate with the team to debug issues, implement new features, and write clean, well-documented code.
3. participate in code reviews, team discussions, and learn industry best practices in software development and version control.",No PPO Mentioned,Internshala
data-engineer,web development,federation of ramya educational institutions,Work from home,Unpaid,1 Month,"node.js, react, vs code","1. update and maintain the ngo website regularly.
2. fix bugs, broken links, and technical issues.
3. improve website speed, responsiveness, and user experience.
4. ensure the website works properly on mobile, tablet, and desktop devices.",No PPO Mentioned,Internshala
data-engineer,product management,precizoncare technology private limited,Work from home,"₹ 10,000 - 20,000 /month",3 Months,product management,"as a product management intern at precizoncare technology private limited, you will have the opportunity to work with a dynamic team to drive the success of our cutting-edge healthcare technology solutions. your knowledge of product management will be invaluable as you assist in developing and implementing product strategies to meet our customers' needs. 

key responsibilities:
1. conduct market research and analysis to identify trends and opportunities in the healthcare industry
2. collaborate with cross-functional teams to define product requirements and features
3. assist in creating product roadmaps and timelines to ensure timely delivery
4. work closely with the engineering team to prioritize and manage product development tasks
5. support product launches and coordinate marketing efforts to promote product awareness
6. gather feedback from customers and stakeholders to continuously improve product performance
7. contribute to product documentation and training materials to ensure successful product adoption

if you are a proactive and innovative individual with a passion for product management, we invite you to join us in revolutionizing the healthcare technology sector. gain hands-on experience and make a real impact with precizoncare technology private limited!",Job offer upto ₹ 6LPA post internship,Internshala
data-engineer,software development engineering (web),trendyworks technologies private limited,Work from home,"₹ 15,000 - 30,000 /month",2 Months,"java, php, css, javascript, python","as a software development engineering (web) intern at trendyworks technologies private limited, you will have the opportunity to work with cutting-edge technologies and gain hands-on experience in a fast-paced environment. you will be part of a dynamic team that values innovation and creativity, while providing mentorship and guidance to help you grow and develop your skills.



1. collaborate with team members to design, develop, and test web applications using java, php, css, javascript, and python.
2. assist in the implementation of new features and functionalities to enhance the user experience.
3. troubleshoot and debug issues to ensure the smooth functioning of web applications.
4. participate in code reviews and provide constructive feedback to improve code quality.
5. stay updated on industry trends and best practices to contribute to the continuous improvement of our products.
6. work closely with cross-functional teams to deliver projects on time and within budget.
7. take ownership of assigned tasks and demonstrate a strong work ethic to meet project deadlines.",No PPO Mentioned,Internshala
data-engineer,flutter development,printila services private limited,Work from home,"₹ 2,500 - 3,500 /month",3 Months,"flutter, rest api, dart, ios, android, firebase, cloud firestore","1. develop cross-platform mobile applications using flutter and dart.
2. build responsive, user-friendly, and visually appealing mobile interfaces.
3. integrate rest apis and third-party services into applications.
4. debug, test, and fix application issues.
5. optimize app performance to ensure a smooth user experience.
6. collaborate with designers and senior developers throughout the development lifecycle.
7. participate in code reviews and implement feedback to improve code quality.
8. write clean, reusable, maintainable, and well-documented code.
9. assist in publishing applications to the google play store and apple app store, if required.
10. stay updated with the latest flutter framework, dart language, and mobile development trends.",No PPO Mentioned,Internshala
data-engineer,software testing,best code technology,Work from home,"₹ 5,000 /month",3 Months,"software testing, manual testing, test automation, usability testing","1. test websites and web applications to identify bugs and usability issues
2. report defects clearly using appropriate bug tracking tools
3. perform basic functional and exploratory testing on features
4. collaborate with developers to ensure issues are understood and resolved
5. maintain detailed documentation of test cases and results
6. analyze product behavior and provide feedback to improve quality
7. ensure attention to detail while validating features and updates",No PPO Mentioned,Internshala
data-engineer,website admin,altslash studio,Work from home,"₹ 1,500 - 2,000 /month",3 Months,"wordpress, web design","as a website admin intern at altslash studio, you will have the opportunity to work with a dynamic team of creatives in a fast-paced environment. your expertise in wordpress and web design will be essential in maintaining and updating our company website to ensure a seamless user experience. 



1. assist in managing and updating content on the website to keep it fresh and engaging.
2. implement design changes and updates as needed to improve the user interface and experience.
3. troubleshoot any technical issues that may arise with the website to ensure functionality.
4. take initiative to suggest and implement improvements to enhance the overall website performance.

if you are a proactive and motivated individual looking to gain hands-on experience in website administration and design, this internship is perfect for you. join us at altslash studio and make a lasting impact on our online presence!",No PPO Mentioned,Internshala
data-engineer,web development,linguisthubs,Work from home,"₹ 2,000 - 3,100 /month",3 Months,"java, mysql, html, css, javascript, wordpress, css3","are you a talented and ambitious web development intern with skills in css, html, javascript, mysql, angular, java, spring boot, css3, mongodb, bootstrap and wordpress. linguisthubs is looking for someone like you to join our dynamic team and contribute to the growth of our innovative language learning platform.

key responsibilities:
1. develop and maintain interactive and user-friendly web applications using the latest technologies.
2. collaborate with the design and product teams to implement new features and enhance user experience.
3. optimize web applications for maximum speed and scalability.
4. debug and troubleshoot issues to ensure seamless performance across different platforms.
5. create and maintain databases to store and retrieve user data efficiently.
6. stay up-to-date with emerging technologies and trends in web development.
7. assist in website maintenance and updates including content management and site optimization.

if you are passionate about web development and eager to gain hands-on experience in a fast-paced environment apply now to be part of our exciting journey at linguisthubs!",No PPO Mentioned,Internshala
data-engineer,mobile app testing,luxere,Work from home,"₹ 1,001 - 37,000 /month",1 Month,"mobile application development, flutter, ios, firebase","1. understand the core functionalities of the app and contribute their time and knowledge to making the app scalable.
2. testing the app in the ui and figuring out errors and making it reliable.",Job offer upto ₹ 5LPA post internship,Internshala
data-engineer,flutter development,rashivashi,Work from home,"₹ 6,000 - 12,000 /month",3 Months,"flutter, dart, android, firebase","1. build engaging flutter animations and interactive ui experiences using rive, lottie, and native flutter animation frameworks.
2. apply gamification principles and motion design fundamentals to create delightful, immersive user experiences.
3. collaborate with designers to transform visual concepts into high-quality, production-ready mobile interactions.
4. use git and github for version control, code reviews, branching, and collaborative development workflows.
5. optimize animations, assets, and rendering performance to deliver smooth experiences while maintaining a small app footprint.",No PPO Mentioned,Internshala
data-engineer,flutter development,siksha360,Work from home,"₹ 5,000 /month",6 Months,"mobile application development, flutter, dart","1. develop mobile applications for siksha360
2. implement and execute design requirements
3. coordinate and close contracts with the backend team",No PPO Mentioned,Internshala
data-engineer,mobile app testing,sumanth aleti,Work from home,"₹ 1,000 - 8,000 /month",3 Months,software testing,"are you passionate about mobile apps and software testing? join us as a mobile app testing intern for app ! as part of our dynamic team, you will have the opportunity to work on cutting-edge mobile applications and gain valuable hands-on experience in the software testing field. please note this is an internship to teach about app development and qa



1. conducting thorough testing of mobile applications to identify bugs and defects.
2. developing and executing test cases to ensure the functionality and usability of the app.
3. collaborating with developers and designers to troubleshoot issues and improve app performance.
4. providing detailed reports on testing results and recommendations for enhancements.
5. contributing to the overall success of the company by delivering high-quality, bug-free mobile apps.",No PPO Mentioned,Internshala
data-engineer,mobile app development,yantron technology private limited,Work from home,"₹ 2,000 - 5,000 /month",3 Months,"microsoft azure, react, react native, ios, android, firebase, spring boot","1. architecture & system design
2. backend engineering (java-centric
3. frontend engineering (react) + mobile
4. cloud, ci/cd, docker & kubernetes 
5. observability & feature-level monitoring
6. quality, performance & scale",No PPO Mentioned,Internshala
data-engineer,full stack development,autom8ai,Aligarh,"₹ 10,000 - 12,000 /month",4 Months,"data structures, postgresql, react, rest api, oauth, typescript, next.js","1. design and build full-stack features across our next.js frontend and node.js backend.
2. write clean, typed typescript across the entire stack.
3. design and maintain postgresql schemas using prisma orm.
4. build and maintain trpc apis and server-side logic.
5. integrate third-party apis and oauth flows (google, gmail, linkedin, etc.).
6. work with background jobs, scheduled workflows, and event-driven execution.
7. contribute to system design decisions including queue architecture, scheduling, and data modeling.
8. debug production issues and own fixes end to end.",No PPO Mentioned,Internshala
data-engineer,full stack development,mezenga holidays,Work from home,"₹ 4,000 - 5,000 /month",3 Months,"mongodb, node.js, react","1. add features in our saas platform.
2. understanding the requirement and building features.
3. work with the team and fix bugs if any.",No PPO Mentioned,Internshala
data-engineer,reactjs development,odisoft technology private limited,Work from home,"₹ 10,000 - 20,000 /month",6 Months,"javascript, react, react native, redux","we are seeking a dynamic reactjs development intern to join our team at odisoft technology private limited. if you are passionate about react, react native, javascript, and redux, this is the perfect opportunity for you to gain hands-on experience and grow your skills in a supportive and innovative environment.



1. collaborate with the development team to build and maintain high-quality web and mobile applications using react.
2. assist in designing and implementing user interfaces that are responsive, user-friendly, and visually appealing.
3. work on optimizing application performance and ensuring a seamless user experience across different devices.
4. participate in code reviews, testing, and debugging to ensure the quality and stability of the applications.
5. stay updated on the latest trends and technologies in web development to contribute fresh ideas and insights to the team.
6. communicate effectively with team members and stakeholders to understand project requirements and deliver results on time.
7. take ownership of assigned tasks and proactively seek feedback to improve your skills and contribute to the success of the projects.",Job offer upto ₹ 12LPA post internship,Internshala
data-engineer,full stack development,divya sangam,Work from home,"₹ 5,000 - 10,000 /month",2 Months,"php, mysql, html, css, javascript, python, mongodb","1. work on frontend development using react or next.js to build user-facing features.
2. assist in backend development using node.js, php, or laravel.
3. contribute to building an online puja booking platform with a smooth user experience.
4. develop and maintain user and admin dashboards.
5. integrate payment gateway solutions for secure transactions.
6. implement whatsapp automation workflows for user engagement and notifications.
7. support crm and customer management system development and maintenance.
8. collaborate with the founding team to build and improve a live, production-ready product.",No PPO Mentioned,Internshala
data-engineer,cloud computing,sai computech,Work from home,"₹ 3,000 - 5,000 /month",6 Months,"cloud computing, python, microsoft azure, amazon web services (aws), google cloud platforms (gcp)","are you a tech-savvy individual with a passion for cloud computing? sai computech is seeking a dynamic intern to join our team and assist with cutting-edge projects in the world of cloud technology. as an intern, you will have the opportunity to work with industry-leading platforms such as amazon web services (aws), microsoft azure, and google cloud platforms (gcp). if you have a strong background in python and a keen interest in expanding your knowledge of cloud computing, this is the perfect opportunity for you.



1. assist in the design, implementation, and maintenance of cloud-based applications.
2. work closely with senior engineers to troubleshoot and optimize cloud infrastructure.
3. develop scripts and automation tools using python to streamline cloud operations.
4. monitor and analyze cloud performance metrics to identify areas for improvement.
5. collaborate with cross-functional teams to integrate cloud solutions into existing systems.
6. stay up-to-date on the latest trends and technologies in cloud computing.
7. contribute to the overall success of the team by taking on additional tasks as needed.",No PPO Mentioned,Internshala
data-engineer,backend development,sproutxp,Work from home,"₹ 3,000 - 6,000 /month",4 Months,"java, php, mysql, html, javascript, python, django","1.  
2. work on existing backend projects by developing new features, fixing bugs, and improving performance.
3. build and maintain apis and backend services.
4. assist with database management and third-party api integrations.
5. identify and fix basic security vulnerabilities in applications.
6. work with ai-powered automations and backend workflows.
7. collaborate with the development team to deliver scalable solutions.",No PPO Mentioned,Internshala
data-engineer,mobile app development,mukul arora,Work from home,"₹ 10,000 - 30,000 /month",3 Months,"node.js, flutter, react native, android, firebase","selected intern will work on the following during the mobile app development internship:

1. developing mobile app screens using react native and expo for ios and android
2. integrating front-end screens with supabase backend (database, authentication, storage)
3. building and testing ai-powered features using the anthropic claude api
4. writing clean, reusable javascript/typescript components across the app
5. testing features on real devices and fixing bugs as they're identified
6. collaborating with the core team to translate product requirements into working features
7. maintaining code quality and documenting work for handoff and future development
8. building app screens in react native (expo)
9. wiring up features against our supabase backend, helping integrate ai-driven flows, testing on real devices.",No PPO Mentioned,Internshala
data-engineer,front end development,digitalex solutions,Visakhapatnam,"₹ 6,000 - 12,000 /month",6 Months,"html, css, javascript, wordpress, bootstrap, problem solving, teamwork","design user interfaces using figma
convert figma designs into responsive web pages
develop websites using html, css, bootstrap & wordpress
maintain and optimize existing websites
research and implement modern web technologies
collaborate with designers and developers on live projects",No PPO Mentioned,Internshala
machine-learning,python development,basti ki pathshala foundation,Work from home,Unpaid,1 Month,"html, css, python, django, machine learning, rest api, flask","are you a python enthusiast looking to make a difference in the world of education? join us at basti ki pathshala foundation as a python development intern! 

key responsibilities:
1. collaborate with the development team to design and implement python-based solutions for educational platforms.
2. assist in troubleshooting and debugging code to ensure optimal performance.
3. research and propose innovative ideas to enhance the functionality of our educational tools.
4. work on data analysis and visualization projects to improve student learning outcomes.
5. contribute to the development of automation tools to streamline processes within the organization.
6. participate in code reviews and provide constructive feedback to peers for continuous improvement.
7. stay updated on the latest trends and technologies in the python development community to bring fresh ideas to the table.

if you are eager to learn, grow, and make a positive impact on education through python development, apply now and be a part of our dynamic team!",No PPO Mentioned,Internshala
machine-learning,python development,amrata,Work from home,"₹ 12,500 - 20,000 /month",3 Months,"html, css, python, django, machine learning, rest api, flask","are you passionate about software development and looking to kickstart your career in python coding? look no further! join amrata company as a python development intern and gain hands-on experience working on cutting-edge projects. as an intern, you will have the opportunity to collaborate with experienced developers, learn new skills, and make a real impact on our technology solutions. 

key responsibilities:
1. assist in developing and maintaining python applications
2. participate in code reviews and provide feedback
3. work closely with the development team to troubleshoot issues
4. contribute to the design and architecture of software systems
5. help improve the performance and scalability of existing code
6. stay up-to-date on industry trends and best practices in python development
7. take on additional tasks and projects as needed to support the team

if you are a self-motivated individual with a strong desire to learn and grow in a fast-paced environment, this is the perfect opportunity for you. apply now and take the first step towards a rewarding career in python development with amrata company.",No PPO Mentioned,Internshala
machine-learning,content writing (research associate in computer science),megaminds it services,Work from home,"₹ 6,000 - 15,000 /month",6 Months,"ms-office, content writing, python, ms-word, latex, logical reasoning, machine learning","1. researching the article and writing research articles like scopus indexed, sci, and ieee conference papers for computer science related 
2. proofreading research content related to computer science
3. building algorithms for research papers
4. evaluating research content in computer science",Job offer upto ₹ 3LPA post internship,Internshala
machine-learning,python development,qubixo,Work from home,"₹ 10,000 - 20,000 /month",3 Months,"html, css, python, django, machine learning, rest api, flask","we are seeking a talented python development intern to join our dynamic team at qubixo. if you are passionate about leveraging your skills in html, css, python, django, machine learning, rest api, and flask to create innovative solutions, then this is the perfect opportunity for you. 

key responsibilities:
1. collaborate with the development team to design and implement new features for our web applications using python and django.
2. utilize your knowledge of machine learning to enhance the functionality of our products.
3. develop and maintain restful apis to ensure seamless communication between different components of our applications.
4. work on building scalable web applications using flask framework.
5. assist in troubleshooting and debugging any technical issues that arise during the development process.
6. stay current on industry trends and best practices in python development to continuously improve our products.
7. contribute to the overall success of the team by actively participating in team meetings and offering creative solutions to challenges.

if you are looking to gain hands-on experience and make a real impact in the tech industry, apply now to join our innovative team at qubixo.",No PPO Mentioned,Internshala
machine-learning,python development,nayepankh foundation,Work from home,Unpaid,1 Month,"html, css, python, django, machine learning, rest api, flask","are you a driven individual with a passion for using technology for social good? nayepankh foundation is seeking a python development intern to join our dynamic team! as an intern, you will have the opportunity to work on projects that directly impact our mission of empowering underprivileged communities through education and technology.

key responsibilities:
1. collaborate with senior developers to design and implement web applications using python and html.
2. assist in testing, debugging, and maintaining existing software systems.
3. participate in code reviews and provide constructive feedback to improve code quality.
4. research and implement best practices in software development to optimize performance.
5. document code and processes to ensure knowledge transfer within the team.
6. support in troubleshooting and resolving technical issues as needed.
7. stay updated on the latest trends and technologies in python development to contribute fresh ideas to the team.

if you are enthusiastic about making a difference through technology and eager to enhance your python development skills, apply now to join our innovative team at nayepankh foundation!",Job offer post internship,Internshala
machine-learning,full stack development,factech automation solutions private limited,Work from home,"₹ 5,000 - 10,000 /month",3 Months,"php, mysql, css, javascript, python, angularjs, machine learning","1. understanding requirements.
2. creating prototypes and low-level designs.
3. writing code with the help of ai tools for new features.",No PPO Mentioned,Internshala
machine-learning,full stack development,floneo,Work from home,"₹ 10,000 - 20,000 /month",3 Months,"html, css, javascript, python, git, machine learning, node.js","1. build and improve frontend interfaces using *react.js, javascript, html, and css.
2. develop backend apis and application logic using node.js.
3. work with *postgresql* for database design, queries, and integration.
4. help integrate ai features into the platform using technologies related to python, machine learning, deep learning, nlp, rag, and llms.
5. assist in building ai-powered features such as prompt-based ui generation, chatbot flows, data extraction, and smart automation.
6. create clean, modern, and creative ui components with a strong focus on user experience.
7. work with containers, *docker, and **docker compose* for application setup and deployment.
8. debug frontend and backend issues and improve overall platform performance.
9. collaborate with the team to convert product requirements into working features.
10. maintain clean, readable, and scalable code.",No PPO Mentioned,Internshala
machine-learning,python development,twilearn edutech private limited,Work from home,"₹ 10,000 - 20,000 /month",3 Months,"html, css, python, django, machine learning, rest api","as a python development intern at twilearn edutech private limited, you will have the opportunity to work on cutting-edge projects in the field of education technology. your knowledge in html, css, python, django, machine learning, and rest api will be put to the test as you collaborate with our team of experienced developers. this internship will provide you with hands-on experience and valuable skills that will enhance your career in the tech industry.



1. assist in the development and maintenance of web applications using python, django, html, and css.
2. implement machine learning algorithms to improve the functionality of our education platforms.
3. collaborate with team members to design and develop rest apis for seamless integration of various systems.
4. troubleshoot and debug issues in the existing codebase to ensure the smooth functioning of our applications.
5. research and stay updated on the latest trends and technologies in the field of software development.
6. participate in code reviews and provide constructive feedback to improve code quality.
7. contribute innovative ideas to enhance the user experience and overall performance of our products.",No PPO Mentioned,Internshala
machine-learning,full stack development,humanity founders,Work from home,"₹ 3,000 - 5,000 /month",6 Months,"php, mysql, html, css, javascript, python, mongodb","are you a tech-savvy problem solver with a passion for artificial intelligence and a desire to make a positive impact on the world? at humanity founders, we are seeking a dynamic full stack developer intern to join our innovative team. if you have a strong foundation in python, rest api, nlp, aiml, neural networks, llm evaluation, chatgpt, prompt engineering, node.js, react, next.js, sqlite, and postgresql, we want to hear from you!



1. develop and implement cutting-edge ai solutions to support our mission of advancing humanity.
2. collaborate with cross-functional teams to design, build, and deploy ai-powered applications.
3. utilize your expertise in nlp and aiml to create intelligent chatbots and virtual assistants.
4. enhance neural networks for improved performance and accuracy in our ai algorithms.
5. conduct llm evaluation to optimize our ai models and algorithms.
6. work on chatgpt and prompt engineering to enhance conversational ai capabilities.
7. utilize node.js, react, next.js, sqlite, and postgresql to build scalable and efficient ai applications.

join us in revolutionizing the future with ai technology and be a part of our mission to create a better world for all. apply now and let your skills shine at humanity founders!",No PPO Mentioned,Internshala
machine-learning,technical content curation,tech analogy,Work from home,"₹ 2,000 - 2,500 /month",6 Months,"content writing, opencv, python, solidworks, arm microcontroller, robotics, search engine optimization (seo)","1. conducting comprehensive research on industry 4.0 and 5.0 to identify viable product ideas and learning programs for development.
2. assisting in creating and formatting technical content such as presentations (ppt), articles, research papers, and case studies.
3. functioning as a teaching assistant, supporting subject experts with designing and evaluating assignments/projects, and providing learner feedback.
4. operating and managing the learning management system for seamless learner engagement and content delivery.
5. collaborating with mentors and internal teams to support the end-to-end academic delivery process.
6. upskilling continuously in relevant domains as required by the organization.",No PPO Mentioned,Internshala
machine-learning,python development,neurasys,Work from home,"₹ 7,500 - 15,000 /month",3 Months,"html, css, python, django, machine learning, rest api, flask","as a python development intern at neurasys, you will have the opportunity to work on cutting-edge projects that leverage your skills in html, css, python, django, machine learning, rest api, and flask. you will be part of a dynamic team that is dedicated to pushing the boundaries of technology and innovation.



1. assist in the development and maintenance of web applications using python and django.
2. collaborate with team members to implement machine learning algorithms and models.
3. design and implement restful apis to enhance the functionality of our applications.
4. work on projects involving flask to build scalable and efficient web solutions.
5. conduct thorough testing and debugging to ensure the quality and reliability of the code.
6. participate in code reviews and provide constructive feedback to improve coding standards.
7. stay up-to-date on the latest trends and technologies in the field of python development. 

if you are a motivated and enthusiastic individual with a passion for coding and a desire to learn and grow in a fast-paced environment, then this internship opportunity at neurasys is perfect for you. join us and be a part of our exciting journey towards innovation and excellence. apply now!",No PPO Mentioned,Internshala
machine-learning,executive assistance- office assistance,house of couton private limited,Lucknow,"₹ 4,000 - 5,000 /month",2 Months,"machine learning, operations, effective communication, artificial intelligence markup language (aiml)","selected intern's day-to-day responsibilities include independently executing

1. oversee communications with venture capitalists and distribute the pitch deck via email.
2. coordinate events, track deadlines, and manage scheduling and timelines.
3. provide support for day-to-day operational activities.",No PPO Mentioned,Internshala
machine-learning,campus ambassador,house of couton private limited,Work from home,Performance Based,1 Month,"negotiation, machine learning, english proficiency (spoken), english proficiency (written), artificial intelligence, machine learning operations (mlops)","selected campus ambassadors' day-to-day responsibilities include: 

1. connect to their college placement cell and get our ai hire studio in a trial run during recruitment.
2. work on getting a steadiness certificate for their college-mate.
3. connect to hr's of mncs in india to get our ai hire studio in trial run.",No PPO Mentioned,Internshala
machine-learning,computer vision,vyorius drones private limited,Work from home,"₹ 3,000 - 5,000 /month",2 Months,"opencv, linux, algorithms, mathematics, machine learning, c++ programming, neural networks","1. support the development and refinement of vision-based models to improve overall system performance.
2. explore learning techniques that enable models to generalize well with limited, noisy, or unseen data.
3. assist in evaluating model behavior across different configurations and environments, including simulation-based setups.
4. work extensively with image data, contributing to data preparation, annotation, organization, and quality enhancement.
5. help design, integrate, and test improvements to internal computer vision pipelines, including ros-based workflows.
6. document experimental results, observations, and performance metrics, and share insights with the broader technical team.
7. collaborate with peers to align on performance goals, integration constraints, and deployment requirements.
8. participate in regular check-ins, technical discussions, and reviews to provide progress updates and receive guidance.
9. write clean, modular scripts to support training, evaluation, testing, and ros node integration for vision components.",No PPO Mentioned,Internshala
machine-learning,computer science engineering / information technology / artificial intelligence / computer engineering,defence research and development organisation (drdo),Kanpur,"₹ 5,000 /month",6 Months,"python, machine learning, problem solving, artificial intelligence, research and analytics, data analysis","1. participate in research and development projects related to computer science, information technology, artificial intelligence, and computer engineering.
2. assist scientists and engineers in developing innovative defence technologies and software solutions.
3. support the design, testing, and implementation of technical solutions for ongoing research projects.
4. conduct technical analysis, data processing, and experimentation under the guidance of project mentors.
5. contribute to project documentation, technical reports, and research findings.
6. collaborate with multidisciplinary teams to solve engineering and technology challenges.
7. perform literature reviews and study emerging technologies relevant to assigned projects.
8. assist in developing prototypes, simulations, and proof-of-concept solutions.
9. follow organizational guidelines, security protocols, and research procedures during the internship period.
10. complete assigned project work and submit a final project report upon completion of the internship.",No PPO Mentioned,Internshala
artificial-intelligence,creative design,sacom innovations and technologies private limited,Mumbai,"₹ 10,000 - 15,000 /month",1 Month,"adobe photoshop, coreldraw, adobe illustrator, adobe premiere pro, artificial intelligence, digital illustration","if you are a passionate and creative individual with a keen eye for detail and excellent design skills, we invite you to join our dynamic team and contribute to the success of the team

key responsibilities:
ai content generator:-
1. creating engaging graphic designs for digital and print materials (thumbnails, collaterals, social media posts) using ai softwares
2. editing videos for youtube & instagram
3. manage end to end image processing (color correction, balancing, and archiving)
4. working to adapt high-end presentations in regional languages (hindi, marathi)
5. develop creative concepts and visual solutions, work closely with the creative team to brainstorm and contribute ideas for projects and campaigns
6. assist on photo shoots to help adapt creative concepts in coordination with the photographer and production team",No PPO Mentioned,Internshala
artificial-intelligence,social media & content,p&m,Gurgaon,"₹ 10,000 /month",6 Months,"content writing, video editing, creative thinking, video making, storytelling, artificial intelligence, instagram marketing","are you a creative and tech-savvy individual looking to gain hands-on experience in the world of social media and content creation? join our team at p&m company as a social media & content intern! 

as an intern with us, you will have the opportunity to work on exciting projects that involve video editing, content writing, video making, instagram marketing, artificial intelligence, video marketing, digital marketing tools, storytelling, and creative thinking. 



1. collaborating with our team to create engaging social media content that resonates with our target audience
2. assisting with video editing and production using programs like capcut
3. developing and executing instagram marketing strategies to increase our online presence
4. utilizing artificial intelligence tools to analyze data and optimize content performance
5. implementing video marketing campaigns to drive brand awareness and engagement
6. utilizing digital marketing tools to track and measure the success of our campaigns
7. applying creative thinking and storytelling techniques to craft compelling content that tells our brand's story

if you are passionate about social media, content creation, and digital marketing, this is the perfect opportunity for you to gain valuable experience and make a real impact. apply now to join our dynamic team at p&m company!",No PPO Mentioned,Internshala
artificial-intelligence,content and social media marketing,karvvi jewels,Jaipur,"₹ 5,000 - 10,000 /month",3 Months,"social media marketing, video editing, creative thinking, ms-excel, photography, canva, shopify","are you a creative and tech-savvy individual with a passion for content and social media marketing? karvvi jewels is seeking a talented intern to join our team!  as a content and social media marketing intern, you will have the opportunity to work with cutting-edge tools like canva, shopify, and gemini to create engaging content, optimize social media campaigns, and drive performance marketing initiatives. your role will involve video editing, photography, and utilizing artificial intelligence tools like chatgpt to enhance our marketing strategy. 



1. create and design compelling visual content using canva and other graphic design tools.
2. manage social media platforms, engage with followers, and analyze performance metrics using ms excel.
3. assist in video editing and photography projects to enhance our brand presence.
4. implement performance marketing strategies to drive traffic and conversions on our shopify site.
5. utilize artificial intelligence tools like chatgpt to personalize and optimize our marketing campaigns.
6. collaborate with the team to brainstorm creative ideas and execute innovative marketing initiatives.
7. stay updated on industry trends and technologies to continuously improve our marketing efforts.

if you are ready to gain hands-on experience in content and social media marketing while working with a dynamic team, apply now to join karvvi jewels.",Job offer upto ₹ 3LPA post internship,Internshala
artificial-intelligence,founders office,vaibhav agarwal,Work from home,"₹ 3,000 - 6,000 /month",2 Months,"artificial intelligence, sales, marketing, effective communication","as a founder's office intern at our company, you will have the unique opportunity to work closely with the founder himself and gain valuable insights into the world of entrepreneurship. your role will be dynamic and diverse, requiring a blend of effective communication, artificial intelligence knowledge, sales, and marketing skills.



1. assist in managing the founder's schedule and appointments, ensuring all meetings are organized and efficient.
2. research industry trends, competitors, and potential business opportunities to support decision-making.
3. collaborate with the marketing team to develop and implement strategies to promote the company's products and services.
4. support the sales team in identifying and reaching out to potential clients, as well as managing customer relationships.
5. utilize artificial intelligence tools and technologies to streamline processes and improve overall efficiency.
6. draft clear and compelling communications, including emails, presentations, and reports, on behalf of the founder.
7. take on ad hoc tasks and projects as needed to contribute to the overall success of the company.

this role is perfect for a proactive and driven individual who is passionate about startups and eager to learn from a seasoned entrepreneur like vaibhav agarwal. join us and be part of a dynamic team dedicated to innovation and growth.",No PPO Mentioned,Internshala
artificial-intelligence,video editing/making,omlogic consulting private limited,Delhi,"₹ 10,000 - 18,000 /month",3 Months,"video editing, adobe premiere pro, video making, adobe after effects, artificial intelligence","edit and produce engaging video content for social media, marketing campaigns, youtube, websites, and digital platforms.
use ai-powered tools for video editing, motion graphics, voice generation, subtitle creation, background removal, and content enhancement.
create short-form and long-form video content optimized for different platforms.
generate and refine ai-assisted visual assets, animations, and effects.
collaborate with marketing, creative, and content teams to develop compelling visual stories.
color-correct, audio-balance, and optimize videos for professional-quality output.
create captions, thumbnails, and promotional assets using ai-assisted design tools.
maintain brand consistency across all video content.
stay updated on emerging ai technologies and video production trends.
manage multiple projects and meet deadlines in a fast-paced environment.
experience using ai tools such as:
runway
descript
capcut
midjourney
chatgpt",No PPO Mentioned,Internshala
artificial-intelligence,video editing/making,snetaj solutions,Work from home,"₹ 3,000 - 5,000 /month",6 Months,"video editing, adobe premiere pro, videography, creative thinking, canva, artificial intelligence, capcut","1. edit videos with captions, effects, and transitions.
2. deliver 8-12 high-quality, engaging videos within the assigned timelines, aligned with campaign objectives.",No PPO Mentioned,Internshala
artificial-intelligence,software development engineering (web),sallet it soft private limited,Bhubaneswar,Unpaid,4 Months,"java, php, mysql, html, css, javascript, jquery","1. working with php and mysql to design, develop, and debug web applications.
2. integrating back-end services with php/javascript based front end needs.
3. working with the team to manage, optimize, and customize multiple web applications.
4. creating and maintaining technical documentation.",No PPO Mentioned,Internshala
artificial-intelligence,brand management,bhola jewellers,Chandigarh,"₹ 11,000 - 16,000 /month",3 Months,"social media marketing, digital marketing, creative thinking, search engine optimization (seo), english proficiency (spoken), artificial intelligence, marketing strategies","1. content creation: assist in creating high-quality, engaging content for our social media platforms, including photos, videos, and graphics.
2. social media management: help manage our social media accounts (instagram, facebook, pinterest, tiktok, etc.), including scheduling posts, monitoring engagement, and responding to comments and messages.
3. campaign development: collaborate with the marketing team to develop and execute social media campaigns that align with our brand’s goals and objectives.
4. analytics and reporting: track and analyze the performance of social media posts and campaigns, providing insights and recommendations for improvement.
5. trend research: stay up-to-date with the latest social media trends, tools, and best practices to ensure our brand remains relevant and innovative.
6. community engagement: engage with our online community, building relationships with followers, influencers, and potential customers using broadcasting on email, whatsapp, and sms.",No PPO Mentioned,Internshala
artificial-intelligence,operations,kanji sweets,Jaipur,"₹ 5,500 - 6,500 /month",3 Months,"ms-office, english proficiency (written), canva, artificial intelligence","1. maintain smooth and efficient operational workflows.
2. prepare reports and presentations summarizing findings and recommendations.
3. contribute innovative ideas and suggestions for operational improvements.
4. communicate with vendors for outcomes and new opportunities
5. identify new industry trends",No PPO Mentioned,Internshala
artificial-intelligence,startup growth,youdontworry wellness private limited,Mumbai,"₹ 4,000 - 10,000 /month","₹ 4,000 - 10,000 /month","social media marketing, lead generation, linkedin marketing, business development, canva, artificial intelligence, research and analytics","1. researching target companies, hr leaders, founders, and decision-makers to support business development activities.
2. building and maintaining lead databases, conducting linkedin outreach, and assisting with follow-ups and meeting coordination.
3. creating and repurposing content for linkedin and other social media platforms to support marketing and brand-building initiatives.
4. conducting market and competitor research to identify growth opportunities and industry trends.
5. assisting in the planning and promotion of webinars, workshops, and workplace wellbeing programs.
6. maintaining crm records, tracking outreach activities, and preparing reports on business development and marketing efforts.
7. supporting the founders in day-to-day growth initiatives, strategic projects, and startup operations.",No PPO Mentioned,Internshala
artificial-intelligence,email copywriter and gtm expert,jaipur seo company,Jaipur,"₹ 5,000 - 20,000 /month",6 Months,"email marketing, copywriting, lead generation, linkedin marketing, english proficiency (spoken), english proficiency (written), artificial intelligence","selected intern's day-to-day responsibilites include:

a. cold email campaign management:
1. setting up and managing cold email campaigns using tools like instantly, smartlead, or similar.
2. monitoring deliverability, open rates, reply rates, and overall campaign performance.
3. a/b testing subject lines, email copies, and sending strategies.
4. ensuring proper inbox warm-up and domain health.

b. linkedin outreach:
1. executing personalised linkedin connection and messaging campaigns.
2. managing daily outreach activities (connection requests, follow-ups, replies).
3. optimizing messaging based on response rates and engagement.

c. data and list building:
1. researching and building targeted prospect lists based on icp (industry, job role, geography, etc.).
2. using tools like apollo, linkedin sales navigator, google, etc.
3. verifying email addresses using tools like neverbounce, zerobounce, etc.
4. maintaining clean, organised, and up-to-date databases.

d. copywriting:
1. writing clear, concise, and personalised cold email copies.
2. creating linkedin message sequences (connection message, follow-ups, etc.).
3. continuously improving messaging based on campaign performance.

e. reporting and analytics:
1. tracking key metrics like open rates, reply rates, and conversion rates.
2. preparing weekly and monthly performance reports.
3. identifying insights and suggesting improvements.

f. other tasks:
1. assisting in campaign strategy and planning.
2. coordinating with the team for targeting and messaging.
3. staying updated with the latest outreach trends and best practices.",No PPO Mentioned,Internshala
artificial-intelligence,education and field research,cherysh trust,Bangalore,"₹ 3,000 - 3,500 /month",3 Months,artificial intelligence,"1. conduct school visits across rural bengaluru.
2. interview teachers, headmasters, students, and community stakeholders.
3. support stem, english, foundational ai, and digital learning sessions.
4. assist with curriculum development, lesson planning, and educational content.
5. contribute to data collection, analysis, and program monitoring activities.
6. support teacher engagement and capacity-building initiatives.",No PPO Mentioned,Internshala
artificial-intelligence,founders office,frudo,Mumbai,"₹ 3,000 - 5,000 /month",3 Months,"content writing, adobe photoshop, video editing, e-commerce, search engine optimization (seo), video making, image editing","as a 'founder's office intern' at frudo, you will have the unique opportunity to work closely with our innovative team and gain hands-on experience in various aspects of the business. if you have a passion for image and video editing, marketing, e-commerce, and more, this is the perfect role for you.



1. assist in creating engaging visual content for our social media platforms using adobe photoshop and video editing tools.
2. support the marketing team in developing and implementing video marketing strategies to drive growth and engagement.
3. contribute to the creation of video content for product launches, promotions, and advertising campaigns.
4. work on optimizing our shopify website for improved user experience and increased conversions.
5. conduct market research and analytics to identify trends, opportunities, and areas for improvement.
6. collaborate with the content writing team to develop seo-friendly copy for the website and social media.
7. utilize artificial intelligence tools to analyze customer behavior and preferences for targeted marketing efforts.

if you are a creative and driven individual looking to gain valuable skills in a fast-paced startup environment, apply now for this exciting internship opportunity at frudo!",No PPO Mentioned,Internshala
artificial-intelligence,full stack & cloud engineering,gray mobility,Bangalore,"₹ 15,000 - 20,000 /month",6 Months,"java, javascript, python, web development, flutter, golang, backend development","1. develop and maintain full-stack web applications for internal and customer-facing platforms.
2. design, develop, and deploy backend apis and microservices.
3. build and manage cloud-native applications and infrastructure on amazon web services (aws).
4. develop secure rest apis and integrate them with web and mobile applications.
5. design and optimize databases for scalability and performance.
6. support authentication, authorization, user management, and security implementation.
7. build dashboards, analytics tools, and internal engineering applications.
8. integrate vehicle telemetry, iot, and cloud services where applicable.
9. participate in code reviews, debugging, testing, and performance optimization.
10. collaborate with product, electronics, embedded, and vehicle engineering teams to deliver end-to-end software solutions.",No PPO Mentioned,Internshala
artificial-intelligence,video editing/making,nirogstreet,Work from home,"₹ 3,000 - 10,000 /month",3 Months,"video editing, adobe premiere pro, videography, creative thinking, canva, artificial intelligence, capcut","1. edit videos with captions, effects, and transitions.
2. deliver 8–12 high-quality, engaging videos within the assigned timelines, aligned with campaign objectives.",Job offer upto ₹ 5LPA post internship,Internshala
artificial-intelligence,social media content creation,safalta setu,Work from home,Unpaid,4 Months,"social media marketing, english proficiency (written), canva, artificial intelligence, research and analytics, effective communication, generative ai tools","1. convert approved scripts into publish-ready content.
2. generate ai assets, including images, videos, and voice-overs.
3. edit videos and design carousels.
4. ensure brand consistency and maintain high content quality.
5. export and upload finalized content to designated drive folders.",No PPO Mentioned,Internshala
artificial-intelligence,business development,neura dynamics,Work from home,"₹ 10,000 - 12,000 /month",3 Months,"cold calling, problem solving, client relationship management (crm), lead generation, linkedin marketing, business development, artificial intelligence","identify and research potential clients and target companies
-generate qualified leads through linkedin, email campaigns, cold calling, and outbound outreach.
-assist in scheduling product demos and discovery calls
-support the sales team in managing the sales pipeline and crm updates
-understand the company’s saas product offerings and effectively communicate value propositions to prospects
-follow up with leads and maintain regular communication with potential customers
-assist in preparing proposals, presentations, and sales materials
-conduct market and competitor research to identify new opportunities",Job offer upto ₹ 6LPA post internship,Internshala
artificial-intelligence,marketing,kapil chhabra,Work from home,"₹ 3,600 - 5,100 /month",4 Months,"social media marketing, ms-office, wordpress, ms-powerpoint, creative writing, video making, copywriting","1. assist in the planning, design, and continuous improvement of digital presence, experiences, systems, content, and online platforms, and actively contribute to digital marketing initiatives that enhance audience engagement and meaningful value delivery.
2. craft visually appealing and engaging content for presentations, blogs, posts, keynotes, carousels, infographics, web pages, promotions, and other digital assets using ms office, canva, and similar tools.
3. perform video editing (trimming, subtitling, and pacing) to convert long-form webinars or podcasts into concise, high-engagement reels and youtube shorts.
4. assist in enhancing wordpress-based websites through page design, content publishing, plugin configuration, integrations, and digital workflow automations.
5. collaborate in designing and implementing marketing and outreach initiatives to expand brand awareness, audience reach, and engagement.
6. conduct research to identify trends and insights that inform digital experiences, content creation, and audience engagement.
7. proactively use ai and digital tools to enhance productivity, clarity, creativity, and workflow efficiency.",No PPO Mentioned,Internshala
artificial-intelligence,product management,propyaar,Work from home,"₹ 3,500 - 5,000 /month",3 Months,"python, product management, production engineering, english proficiency (spoken), artificial intelligence, product strategy","1.conduct market, competitor, and customer research to identify product opportunities.
2.assist product managers in defining product requirements and writing product requirement documents (prds).
3.gather business requirements from stakeholders and convert them into user stories.
perform user research and analyze customer feedback to improve product usability.
4.create wireframes and low-fidelity prototypes using figma.
coordinate with engineering, design, and qa teams throughout the product development lifecycle.",No PPO Mentioned,Internshala
artificial-intelligence,digital marketing using ai,atul gupta,Delhi,"₹ 10,000 - 12,500 /month",6 Months,"social media marketing, email marketing, linkedin marketing, english proficiency (spoken), english proficiency (written), artificial intelligence","1. linkedin authority building: lead the end-to-end management of our linkedin presence, focusing on thought leadership, professional networking, and strategic outreach to position the brand as an industry authority.
2. targeted email marketing: conceptualize and execute high-converting email sequences-from newsletters to nurture campaigns-ensuring every touchpoint is data-driven, personalized, and designed to drive engagement.
3. cross-platform content orchestration: design and deploy a cohesive content strategy across various social media channels, ensuring consistent brand storytelling that resonates with our audience and drives measurable community growth.",No PPO Mentioned,Internshala
artificial-intelligence,business documentation,formium alliance,Work from home,"₹ 3,000 /month",6 Months,"ms-office, attention to detail, google docs, report writing, english proficiency (written), canva, artificial intelligence","1. convert founders’ ideas into structured company documents, sops, workflows, and policies.
2. create job descriptions (jds), kpis, role definitions, onboarding documents, and training manuals for new positions.
3. design professional documents and presentations using canva while following formium’s brand guidelines.
4. build and maintain the company’s internal knowledge base and documentation library.
5. research industry best practices and incorporate them into company documentation wherever applicable.
6. create process documents, checklists, templates, and standard operating procedures for different departments.
7. draft blogs, internal articles, and educational content based on topics provided by the founders.
8. continuously improve and organize documentation so every business process is easy to understand and scalable.",No PPO Mentioned,Internshala
artificial-intelligence,business development & client relations,takeoff entertainment llp,Work from home,"₹ 6,000 - 11,000 /month",2 Months,"event management, networking, creative thinking, client interaction, marketing strategy, client relationship, artificial intelligence","about takeoff media:

takeoff media is an ai-powered video production company creating premium cinematic films for weddings, families, businesses, and brands.

we are building india's largest storytelling network and are looking for passionate college students to represent takeoff media across the country.

about the role:

as a story partner intern, you will introduce takeoff media's ai-powered storytelling services to potential clients in your city, college, family network, and community.

you will generate qualified leads, connect interested clients with our team, and serve as the client's local relationship partner throughout the project, ensuring they feel comfortable, informed, and supported.

the takeoff media team will handle pricing, creative discussions, production, editing, and final delivery.



1. generate qualified leads through your personal and professional network.
2. introduce takeoff media's services to potential clients.
3. connect with wedding planners, photographers, event organizers, families, entrepreneurs, and businesses.
4. schedule introductory calls or meetings with our team.
5. act as the client's local relationship partner throughout the project.
6. coordinate communication, collect basic requirements, gather feedback, and ensure timely follow-ups.
7. build long-term relationships that can lead to repeat business and referrals.

join the takeoff media story partner program
be part of india's largest storytelling network!",No PPO Mentioned,Internshala
artificial-intelligence,business development (sales),career launcher,Delhi,"₹ 10,000 - 15,000 /month","₹ 10,000 - 15,000 /month","ms-powerpoint, ms-excel, english proficiency (spoken), english proficiency (written), artificial intelligence","• lead generation (corporate & university): identify and build outreach pipelines for target universities
(edcil's 143-institution mandate) and corporates for mysathi, career compass and talevate; research
vc/registrar/placement-head/hr contacts and draft first-touch outreach.
• client onboarding: support onboarding of signed university and corporate partners — account setup, data
collection, scheduling onboarding/demo calls, and sop adherence (per mysathi/talevate onboarding
playbooks).
• platform build & testing: assist in testing and qa of talevate, mysathi 4c and career compass; log
bugs/ux feedback (customer-journey style) and coordinate fixes with the product team.
• pilot execution: coordinate logistics for diagnostic (d&d), placement and opm pilots — student/faculty
onboarding, test-window scheduling, score-report tracking and follow-ups.
• crm & reporting: maintain and update the prospective-client tracker, task tracker and mis dashboards;
prepare weekly status notes for review.
• content & event support: support creation of decks, moms, proposals, one-pagers and outreach emails for
university/corporate conversations and conclaves/events.",No PPO Mentioned,Internshala
artificial-intelligence,sales and marketing,conscious humanity network foundation,"Delhi, Gurgaon, Noida","₹ 3,000 - 20,000 /month","₹ 3,000 - 20,000 /month","content writing, video editing, creative writing, problem solving, video making, report writing, teamwork","as a sales and marketing intern at conscious humanity network foundation, you will have the opportunity to gain hands-on experience in sales, marketing, sales management, sales support, email marketing, and more. your role will play a crucial part in helping us grow our impact and reach our goals.



1. assist in developing and implementing sales strategies to drive revenue growth.
2. provide support to the sales team in managing client relationships and sales processes.
3. help create and execute email marketing campaigns to generate leads and promote our services.
4. collaborate with team members to optimize sales processes and improve efficiency.
5. utilize google docs to track and analyze sales data, performance metrics, and customer feedback.
6. communicate with clients and stakeholders in a professional and effective manner, both written and verbally.
7. contribute innovative ideas and solutions to help us achieve our mission of creating positive change in the world through conscious business practices.

if you are a motivated and enthusiastic individual with a passion for sales and a desire to make a difference, we want to hear from you! join us in our mission to create a better future for all.",No PPO Mentioned,Internshala
artificial-intelligence,journalism,conscious humanity network foundation,"Delhi, Gurgaon, Noida","₹ 3,000 - 20,000 /month","₹ 3,000 - 20,000 /month","content writing, video editing, creative writing, problem solving, video making, report writing, teamwork","are you a talented wordsmith with a passion for storytelling and a drive to make a positive impact on the world? look no further! join us at conscious humanity network foundation as a journalism intern and unleash your creative potential.



1. produce compelling and thought-provoking articles on various topics, including ngos, csr, foundations, conscious living, social justice, and environmental sustainability.
2. conduct in-depth research and interviews to gather information for news stories and reports.
3. assist in the production of engaging video content for our online platforms, including anchoring and script writing.
4. collaborate with our team to brainstorm and develop innovative ideas for new content and campaigns.
5. edit and proofread written content to ensure accuracy, clarity, and adherence to our editorial standards.
6. attend and cover events, interviews, and press conferences to gather news and insights for our audience.
7. contribute to the development of our overall content strategy and help us grow our audience and impact.

if you're a motivated self-starter with excellent writing skills and a commitment to social change, we want to hear from you! join us in our mission to spark conversations, inspire action, and create a more conscious world. apply now and be a part of something truly meaningful.",No PPO Mentioned,Internshala
artificial-intelligence,game designer,smarrtif ai,Delhi,"₹ 10,000 /month",6 Months,"adobe photoshop, autodesk maya, ms-excel, google docs, blender 3d, unreal engine, design thinking","spaak kai llp, established on 2nd july 2025, is a subsidiary of the spaak group, marking its strategic entry into the gaming and interactive entertainment industry. the studio focuses on immersive experiences, advanced technology integration, and creative innovation. hiring for spaak kai llp  is managed by smarrtif ai, an edtech consulting company specializing in ai-driven education and career development, providing personalized learning pathways for transitioning into technical roles such as artificial intelligence and machine learning.

about hiring company (smarrtif ai):

smarrtif ai is an edtech consulting company that provides ai-driven education, digital services, and personalized learning experiences to help individuals from non-technical backgrounds transition into ai/ml, data analytics, and business analytics roles.

 

a. game design and documentation 

1. design and document gameplay systems, mechanics, loops, and progression structures. 
2. develop engaging levels, missions, and challenges that align with the narrative and core mechanics. 
3. create and maintain comprehensive game design documents (gdds), flowcharts, and wireframes. 

b. collaboration and implementation 

1. work closely with developers, artists, and producers to bring designs into implementation. 
2. ensure designs are well-optimized, balanced, and consistent with the project’s vision. 
3. participate in cross-functional brainstorming sessions for new ideas and feature concepts. 

c. analysis and iteration 

1. analyze playtest data and user feedback to enhance the player experience. 
2. adjust gameplay balance, pacing, and difficulty based on testing insights. 
3. ensure gameplay aligns with narrative tone, player psychology, and engagement objectives.",No PPO Mentioned,Internshala
artificial-intelligence,creative design,roi luxe international,Delhi,"₹ 3,000 - 7,500 /month","₹ 3,000 - 7,500 /month","adobe photoshop, coreldraw, adobe illustrator, adobe premiere pro, adobe creative suite, adobe indesign, adobe after effects","1. create visual creatives for digital platforms
2. perform video editing for marketing and social media content
3. generate new and engaging content ideas",No PPO Mentioned,Internshala
artificial-intelligence,digital marketing,nutanxt technologies,Pune,"₹ 10,000 - 15,000 /month","₹ 10,000 - 15,000 /month","social media marketing, leadership, search engine marketing (sem), search engine optimization (seo), creative writing, linkedin marketing, artificial intelligence","1) support creation of executive linkedin content, including thought leadership posts, storytelling narratives, and leadership communication assets.
2) work with tools such as adobe photoshop, adobe illustrator, adobe indesign, and/or similar design tools to support marketing and branding activities.
3) create visually engaging digital assets including social media creatives, presentations, infographics, and campaign visuals.
4) work with senior leaders to translate ideas into engaging digital content that strengthens personal and company brand positioning.
5) support linkedin marketing initiatives, including campaign execution, analytics tracking, performance reporting, and engagement optimization.
6) currently enrolled in a master’s degree in marketing, communications, journalism, technology, or related discipline.",No PPO Mentioned,Internshala
artificial-intelligence,content creation & ai creative,sarah & sandeep,Mumbai,"₹ 9,000 - 10,000 /month",4 Months,"social media marketing, content writing, videography, photography, artificial intelligence","1. conduct high-quality in-store product and lifestyle photo/video shoots.
2. capture engaging reels, product videos, and behind-the-scenes content for social media platforms.
3. edit videos and images for social media, websites, and marketing campaigns using tools like canva, inshot, vn reel editor, or similar platforms.
4. create short-form content optimized for instagram and other digital platforms.
5. use ai tools and creative ai platforms to improve editing workflows, generate content ideas, enhance visuals, and streamline content production.
6. collaborate with marketing and creative teams to plan and execute content calendars and campaigns.
7. ensure consistency in brand style, visual identity, and overall content quality.
8. experiment with new content formats, trends, and creative approaches to improve audience engagement.
9. maintain organised content files and manage project assets effectively.
10. work independently on assigned projects while meeting deadlines and quality standards.",No PPO Mentioned,Internshala
artificial-intelligence,graphic design,zeos india private limited,Hyderabad,"₹ 15,000 /month",3 Months,"adobe photoshop, adobe illustrator, video editing, adobe premiere pro, adobe after effects, artificial intelligence, capcut","as a graphic design intern at zeos, you will have the opportunity to showcase your creativity and skills in adobe photoshop, adobe illustrator, video editing using adobe premiere pro and after effects, capcut, and artificial intelligence. you will be part of a new launch of a new exciting brand in india, and can be a part of the learning process. your key responsibilities will include:

1. collaborating with the marketing team to create visually appealing graphics for social media, website, and promotional materials.
2. designing and editing videos to enhance our brand presence and engage our audience.  work on video editing projects using adobe after effects and capcut to create engaging visual content.
3. using artificial intelligence tools to optimize and automate design processes and/or use ai prompts to generate images.
4. assisting in the development of marketing campaigns and strategies through innovative visual concepts.
5. contributing to the overall design direction of the company and ensuring brand consistency across all platforms.
6. researching and implementing new design trends and techniques to stay ahead in the industry.
7. taking on ad hoc design projects and tasks as assigned by the creative team.
8. help maintain and update the company's brand guidelines to ensure consistency across all platforms.

if you are a passionate and talented graphic designer looking to gain hands-on experience in a dynamic and fast-paced environment, we want to hear from you! join us at zeos and be a part of our creative team.

a full time job may be offered at the end of the internship.",No PPO Mentioned,Internshala
artificial-intelligence,creative content & video/graphics designer,vaultboard consulting private limited,Work from home,"₹ 10,000 /month",2 Months,"video making, content marketing, artificial intelligence, graphic design, video marketing","1. create reels and short-form videos for platforms such as instagram, facebook, and youtube.
2. design social media creatives, banners, and promotional graphics.
3. edit videos by adding captions, animations, and motion graphics.
4. create promotional videos targeted toward schools and parents.
5. produce product demos and app walkthrough videos.
6. design marketing materials, presentations, and other visual content.",No PPO Mentioned,Internshala
artificial-intelligence,graphic design,storytech,Hyderabad,"₹ 15,000 - 20,000 /month",6 Months,"social media marketing, adobe photoshop, coreldraw, adobe illustrator, video editing, adobe premiere pro, adobe creative suite","1. conceptualize and design digital creatives for websites, social media, and ads (meta, google, amazon, etc.)
2. design visual assets for campaigns, festive promotions, and influencer collaborations
3. create packaging layouts, product labels, and print collaterals aligned with brand guidelines
4. develop visuals for email campaigns, newsletters, and product launch materials
5. collaborate with marketing and content teams to ensure brand consistency across platforms
6. keep a close eye on d2c trends, visual storytelling styles, and competitor design languages
7. adapt creatives for multiple formats- static, motion, and video (if basic motion skills available)",Job offer upto ₹ 5LPA post internship,Internshala
artificial-intelligence,seo and martech specialist,illuminati fragrances,Work from home,"₹ 3,000 /month",3 Months,"search engine marketing (sem), search engine optimization (seo), client relationship management (crm), automation, artificial intelligence, google cloud platforms (gcp), apis","1. do extensive research about seo, web crawling and mar tech related technologies to find industry trends.
2. optimize our digital footprint, drive organic growth, and streamline our marketing technology ecosystem. bridge the gap between traditional search optimization and social media infrastructure. 
3. manage how platform crawlers like linkedin bot and metabot interact with our social channels, utilize meta & google developers apis for automation, and master technical seo framework elements—such as tracking googlebot, managing crawl budgets, and diagnosing indexation errors via google search console—to ensure our brand dominates digital spaces.",No PPO Mentioned,Internshala
artificial-intelligence,content and social media marketing,abhimanyu  singhal,Faridabad,"₹ 7,000 - 25,000 /month",2 Months,"canva, artificial intelligence","as a content and social media marketing intern at abhimanyu singhal company, you will have the opportunity to showcase your creative skills and knowledge of canva and artificial intelligence. your responsibilities will include:

1. creating engaging content for social media platforms to increase brand visibility and engagement.
2. developing and implementing social media campaigns to drive traffic and generate leads.
3. utilizing canva to design visually appealing graphics for social media posts and marketing materials.
4. analyzing social media metrics to track the success of campaigns and make data-driven decisions.
5. collaborating with the marketing team to brainstorm new ideas and strategies for content creation.
6. staying up-to-date on social media trends and best practices to ensure the company remains competitive.
7. assisting with other marketing tasks as needed to support the overall goals of the company. 

if you are a creative and tech-savvy individual looking to gain hands-on experience in the world of content and social media marketing, this internship is the perfect opportunity for you to grow and learn in a fast-paced environment. join us and make a real impact on our brand's online presence!",No PPO Mentioned,Internshala
artificial-intelligence,digital marketing,mappy resources,Mumbai,"₹ 5,000 - 10,000 /month",3 Months,"social media marketing, search engine marketing (sem), digital marketing, search engine optimization (seo), creative writing, content marketing, orm","job title: digital marketing intern
company: mappy global resources
location: malad (west), mumbai
 
position overview:
we are seeking a forward-thinking digital presence & linkedin marketing intern to elevate our b2b brand voice. if you understand professional networking, thought leadership, and how to leverage modern ai tools to accelerate content creation, this role is for you. you will gain hands-on experience in corporate communications and executive branding.
 


1. ai-assisted content strategy: utilize ai prompting techniques (chatgpt, claude) to brainstorm hooks, outline articles, and optimize linkedin copy while maintaining our authentic brand voice.
2. content & copywriting: write professional linkedin posts and newsletters. create polished accompanying visuals (carousels, graphics) using canva.
3. page management: own the linkedin content calendar, scheduling posts and maintaining a consistent brand presence.
4. engagement & analytics: monitor notifications, interact with industry partners, and track weekly metrics to optimize performance.

qualifications:
1. strong understanding of linkedin’s professional ecosystem, algorithms, and features.
2. familiarity with ai writing tools and effective prompt engineering for content generation.
3. exceptional written communication skills with a sophisticated corporate tone.
4. basic graphic design skills (canva) and high attention to detail.

what we offer:
1. direct mentorship from experienced marketers.
2. paid stipend / college credit options.",No PPO Mentioned,Internshala
artificial-intelligence,brand and graphic design,drink better private limited,Surat,"₹ 7,500 - 13,500 /month","₹ 7,500 - 13,500 /month","adobe photoshop, adobe illustrator, wordpress, adobe creative suite, adobe indesign, wireframing, animation","selected intern’s day-to-day responsibilities include:

1. create instagram posts, stories, carousels, campaign creatives, and other social media graphics.
2. design brand collaterals such as posters, banners, standees, flyers, menu cards, pitch decks, presentations, and event creatives.
3. work on visual branding requirements including logo usage, logo formats, color variations, partner logo lockups, and brand templates.
4. assist in refining and maintaining openpop’s visual identity across different platforms.
5. create graphics for product launches, sampling campaigns, influencer collaborations, café partnerships, and offline activations.
6. design print-ready creatives for offline marketing and promotional use.
7. collaborate with the content, social media, and video teams to support campaigns visually.
8. help create consistent design templates for social media, ads, presentations, and internal brand use.
9. research design trends, beverage brands, packaging aesthetics, and modern d2c brand visuals.
10. take ownership of different design requirements and deliver high-quality creatives within timelines.",Job offer upto ₹ 7LPA post internship,Internshala
artificial-intelligence,e-commerce catalog management,society stores,Mumbai,"₹ 10,000 - 15,000 /month",3 Months,"video editing, ms-excel, image editing, artificial intelligence","are you passionate about e-commerce and ready to take on new challenges? look no further! society stores is seeking a dynamic e-commerce catalog management intern to join our team. as an intern, you will have the opportunity to work with cutting-edge technology and gain valuable experience in the e-commerce industry. 



1. generate, update, and maintain product listings on our e-commerce platform using ms excel.
2. utilize artificial intelligence tools to enhance product descriptions and optimize search results.
3. edit images to ensure high quality and consistency across all product listings.
4. assist in the creation of engaging product videos through video editing software.
5. collaborate with cross-functional teams to ensure accuracy and efficiency in catalog management.
6. analyze data to identify trends and opportunities for product improvements.
7. stay up-to-date on e-commerce trends and best practices to continuously improve catalog management strategies. 
8. finally, upload all the content onto our website and publish the skus live.

if you are detail-oriented, tech-savvy, and eager to learn, this internship opportunity is perfect for you. join us at society stores and take the first step towards a successful career in e-commerce! apply now!",No PPO Mentioned,Internshala
artificial-intelligence,search engine optimization (seo),atgn corporation private limited,Work from home,"₹ 5,000 - 7,000 /month",6 Months,"content writing, wordpress, search engine optimization (seo), artificial intelligence, ai image generation","1. optimize pages with on-page seo (titles, meta, headings, internal links)
2. write and edit seo-friendly content for our websites
3. use ai tools and prompts to draft content faster, then polish it
4. track rankings and improve pages that aren't performing
5. upload and format content yourself in wordpress",No PPO Mentioned,Internshala
artificial-intelligence,operations,mundra consumer product,Mumbai,"₹ 5,000 /month","₹ 5,000 /month","social media marketing, ms-office, event management, ms-excel, english proficiency (spoken), english proficiency (written), artificial intelligence","1. assist founders in day-to-day business operations
2. coordinate with vendors, partners, and internal teams
3. help manage operational workflows and execution tasks
4. support in planning and handling brand events, pop-ups, exhibitions, and activations
5. assist in inventory coordination and operational tracking
6. help in research, documentation, reporting, and follow-ups
7. coordinate across marketing, operations, and founder-level activities
8. handle basic communication and task management
9. work on special projects and startup growth initiatives",No PPO Mentioned,Internshala
artificial-intelligence,sales & business development – ai courses and programs,decoding data science,Work from home,"₹ 15,000 - 40,000 /month",2 Months,"social media marketing, business development, artificial intelligence, sales","1. identify and reach out to potential learners, professionals, founders, students, and working professionals who may benefit from our ai courses, bootcamps, and programs.
2. support lead generation through linkedin, whatsapp communities, email outreach, social media, and other online channels.
3. explain decoding data science programs to interested candidates and guide them toward the right course, bootcamp, or community offering.
4. follow up with leads, answer basic queries, and maintain a simple tracker of interested prospects, conversations, and conversions.
5. support promotion of ai workshops, bootcamps, webinars, challenges, and community events.
6. help in building partnerships with colleges, communities, student groups, professional networks, and startup communities.
7. share feedback from prospects with the internal team to improve messaging, offers, and program positioning.
8. use ai tools such as chatgpt, canva, notion, google sheets, and linkedin to improve outreach and productivity.",Job offer starting ₹ 6LPA post internship,Internshala
artificial-intelligence,integration engineer,cleartax,Bangalore,"₹ 30,000 /month",6 Months,"sql, ms-excel, artificial intelligence, apis","as an integration engineer intern at cleartax, you will have the opportunity to work with cutting-edge technology and gain hands-on experience in the field of software integration. we are looking for a talented individual who is proficient in apis, sql, and ms excel to join our dynamic team.



1. collaborate with the development team to integrate external apis into our software platform.
2. design and implement data mapping and transformation processes using sql.
3. assist in troubleshooting and resolving integration issues to ensure smooth operation.
4. develop and maintain documentation for integration processes and configurations.
5. work closely with cross-functional teams to gather and analyze data requirements.
6. participate in testing and quality assurance processes to ensure seamless integration.
7. stay current on industry trends and best practices related to software integration.

if you are passionate about technology and eager to learn, this internship opportunity at cleartax is perfect for you. join us in revolutionizing the way businesses manage their financial data through seamless integration solutions. apply now and be a part of our innovation-driven team!",No PPO Mentioned,Internshala
artificial-intelligence,long form video editor,shreya  rajvanshi,Work from home,"₹ 5,000 - 5,500 /month",6 Months,"video editing, adobe after effects, artificial intelligence, generative ai tools, ai video generation, ai image generation","1. edit and deliver 30–31 long-form videos per month
2. ensure videos are optimized for audience engagement and retention
3. create visually appealing edits using ai-generated assets when required
4. add subtitles, transitions, motion graphics, and sound design
5. follow brand guidelines and creative directions
6. meet agreed deadlines consistently
7. organize project files and maintain a smooth workflow
8. incorporate feedback and revisions promptly",No PPO Mentioned,Internshala
artificial-intelligence,"brand, content & growth",triumph sustainability private limited,Work from home,"₹ 7,000 - 12,000 /month",3 Months,"social media marketing, content writing, branding, interviewing, market analysis, b2b sales, design thinking","as a brand, content & growth intern, you will gain hands-on exposure to branding, content creation, design, marketing, partnerships, business development, and startup operations while contributing across multiple functions in a fast-paced, high-growth environment. 

 

1. create, design, publish, and manage content across social media and digital platforms.
2. develop graphics, carousels, reels, short-form videos, and other visual assets.
3. research trends, topics, brands, personalities, and market opportunities.
4. conduct outreach to founders, creators, brands, influencers, and potential partners.
5. assist with content writing, branding, marketing, social media, business development, and special projects.
6. execute tasks assigned by the founder and take ownership of deliverables.
7. contribute ideas for growth, engagement, content, and brand building.
8. support day-to-day operations and work across functions as required.",No PPO Mentioned,Internshala
artificial-intelligence,content & e-commerce management,glamwiz,Delhi,"₹ 12,000 - 18,000 /month","₹ 12,000 - 18,000 /month","social media marketing, content management, english proficiency (spoken), english proficiency (written), artificial intelligence, generative ai tools, gemini","are you passionate about content creation, e-commerce management, and the latest trends in ai technology? if so, we have the perfect opportunity for you! join our team at glamwiz as a content & e-commerce management intern and get hands-on experience with cutting-edge ai tools such as gemini and generative ai. 

as our intern, you will have the chance to work on exciting projects involving ai video generation, ai voiceover, social media marketing, and content management. your english proficiency, both spoken and written, will be put to the test as you help us create engaging and compelling content for our online platforms.

key responsibilities:
1. utilize ai tools such as gemini and generative ai for content creation
2. manage e-commerce platforms and optimize product listings
3. create ai-generated videos and voiceovers for marketing purposes
4. develop and implement social media marketing strategies to increase brand visibility
5. curate and publish engaging content on our website and social media channels
6. collaborate with team members to brainstorm creative ideas for content campaigns
7. monitor and analyze the performance of content and e-commerce initiatives to drive growth and engagement

if you are a creative and tech-savvy individual looking to gain valuable experience in the fast-paced world of content and e-commerce management, apply now to join our dynamic team at glamwiz!",No PPO Mentioned,Internshala
artificial-intelligence,vibe coder,queens of change foundation,Work from home,Unpaid,1 Month,"java, html, javascript, sql, node.js, c programming, frontend development","as a vibe coder intern at queens of change foundation, you will have the exciting opportunity to bring positive change through technology. you will work closely with our team to develop innovative solutions that promote empowerment and equality for women and girls around the world. 



1. collaborate with team members to brainstorm and develop coding projects that align with the foundation's mission.
2. design and implement user-friendly interfaces for web and mobile applications.
3. conduct testing and troubleshooting to ensure the functionality and performance of coded projects.
4. stay up-to-date on coding languages and industry trends to enhance the foundation's technological capabilities.
5. assist in maintaining and updating existing software systems and databases.
6. analyze data and provide insights to improve the user experience of our digital platforms.
7. participate in team meetings and contribute ideas for improving the foundation's digital presence. 

join us as a vibe coder intern and make a meaningful impact through your coding skills! apply now to be part of our mission to empower and uplift women and girls globally.",Job offer post internship,Internshala
artificial-intelligence,graphic design & ai video editing,compendious med works,Work from home,"₹ 15,000 - 25,000 /month",6 Months,"adobe photoshop, adobe illustrator, project management, video editing, multitasking, web design, design thinking","we are looking for a highly dynamic, skilled, and versatile graphic designer & ai media creator to join our team. if you are someone who treats design as an experience, knows how to leverage modern ai tools to accelerate workflows, and thrives in a fast-paced environment, this role is for you.

you will be working simultaneously across multiple exciting projects (including our question bank/q-bank project, aesthetic brand assets, and platform layouts). you must be a self-starter who possesses a stellar portfolio and a cv that speaks volumes about your creativity.



1. design clean, engaging ui/ux concepts and frontend layouts for web pages and digital platforms.
2. create, edit, and enhance ai-generated videos using modern ai-powered media tools.
3. produce high-quality graphic design assets for multiple in-house projects, including the q-bank platform.
4. develop visual content that aligns with brand guidelines and premium design standards.
5. collaborate with the core team to brainstorm, refine, and deliver creative solutions.
6. manage multiple design and media projects simultaneously while meeting deadlines.
7. participate in team discussions and coordinate with stakeholders during us business hours (night shift).",No PPO Mentioned,Internshala
artificial-intelligence,generalist (marketing),stirring minds,Work from home,"₹ 10,000 - 15,000 /month",6 Months,"social media marketing, google adwords, search engine optimization (seo), artificial intelligence, facebook ads, performance marketing","1. assist in planning and executing performance marketing campaigns across meta (facebook & instagram) ads and google ads.
2. monitor campaign performance metrics such as cpl, roas, ctr, and conversion rates, and identify optimization opportunities.
3. support the creation and testing of ad creatives, including copy, headlines, hooks, and landing page variations.
4. manage meta pixel events and audience segments while assisting in conversion tracking and campaign optimization.
5. conduct a/b tests on ad creatives, targeting strategies, and landing pages, and document key insights and learnings.
6. research competitors, keywords, and market trends to support campaign planning and strategy.
7. prepare and maintain weekly campaign performance reports for the marketing team.",Job offer upto ₹ 4LPA post internship,Internshala
artificial-intelligence,content and social media marketing,iflame consulting,Pune,"₹ 5,000 - 7,000 /month",6 Months,"social media marketing, creativity, digital marketing, google adwords, content marketing, linkedin marketing, english proficiency (spoken)","company name:

life leadership school by dr. hon. ridhima dua

website:

www.ridhimadua.com

about dr. hon. ridhima dua:

dr. hon. ridhima dua is a globally recognized life leadership & human behaviour expert, international speaker, leadership mentor, author, and entrepreneur. through initiatives such as the life leadership school, leadership labs, and ai transformation programs, she helps individuals, professionals, entrepreneurs, coaches, and organizations unlock their full potential and achieve transformational growth.

this internship provides an opportunity to gain practical experience in business development, sales, client relationship management, lead generation, and growth strategy while working directly with a fast-growing leadership and learning ecosystem.

key responsibilities:

social media management:

manage and maintain social media platforms including linkedin, instagram, facebook, youtube, and other relevant channels.
schedule and publish content across multiple platforms.
monitor comments, messages, and engagement activities.
support audience growth and community engagement initiatives.

content creation:

assist in creating social media content, captions, posts, stories, reels, and short-form videos.
coordinate with designers and video editors to ensure timely content delivery.
develop content ideas aligned with leadership, coaching, personal development, ai, and entrepreneurship themes.
assist in planning and maintaining monthly content calendars.

digital marketing:

support digital marketing campaigns and promotional activities.
assist in lead generation and audience acquisition initiatives.
research industry trends, competitor activities, and audience preferences.
support website content updates and basic seo initiatives.

personal branding support:

contribute to strengthening the online presence of dr. hon. ridhima dua.
support branding initiatives related to speaking engagements, workshops, webinars, coaching programs, and leadership events.
identify opportunities for collaborations and digital visibility.

analytics & reporting:

track social media performance metrics and campaign effectiveness.
prepare weekly and monthly reports.
suggest improvements based on analytics and audience insights.

working days & timings:

working days

monday to saturday

office timings

10:00 am ist to 7:00 pm ist

work mode

work from office (mandatory)

leave & work from home policy

work-from-home requests may be considered only in urgent or exceptional circumstances and require prior approval from management.",No PPO Mentioned,Internshala
artificial-intelligence,marketing & automation,purebath interiotech private limited,Gurgaon,"₹ 15,000 - 18,000 /month",3 Months,"social media marketing, digital marketing, ms-excel, english proficiency (spoken), english proficiency (written), artificial intelligence","as a marketing intern at purebath interiotech private limited (brand name: yds india), you will have the exciting opportunity to apply your knowledge in social media marketing and digital marketing to help drive the growth of our brand. your proficiency in spoken and written english will be essential in creating engaging content for our online platforms. additionally, your skills in ms excel will be valuable in analyzing marketing data and trends. 



1. creating and scheduling social media posts to increase brand awareness and engagement
2. conducting market research to identify new opportunities for growth
3. assisting in the development and implementation of digital marketing campaigns
4. monitoring and analyzing the performance of marketing campaigns
5. collaborating with the marketing team to brainstorm new ideas and strategies
6. providing support in organizing and executing marketing events and promotions
7. assisting in the creation of marketing materials such as brochures, flyers, and presentations. 

additional learning opportunities :

1. build marketing systems
2. create ai-powered workflows
3. support founder projects
4. research competitors
5. create sops
6. manage crm
7. support content creation
8. prepare weekly dashboards

this internship will provide you with valuable hands-on experience in the field of marketing and the opportunity to contribute to the success of a growing company. join us and make a difference in the world of interior design!",No PPO Mentioned,Internshala
artificial-intelligence,social media marketing,next2one realty,Noida,"₹ 5,000 - 8,000 /month","₹ 5,000 - 8,000 /month","social media marketing, video editing, search engine optimization (seo), acting, artificial intelligence, instagram marketing, youtube ads","are you a creative and dynamic individual with a passion for social media marketing? do you have a knack for video editing, youtube ads, acting, instagram marketing, seo, and artificial intelligence? if so, we want you to join our team as a social media marketing intern at next2one realty!



1. create compelling video content for our social media platforms.
2. manage and optimize youtube ad campaigns to drive traffic and engagement.
3. utilize your acting skills to create engaging and authentic content for our audience.
4. develop and implement instagram marketing strategies to increase brand awareness and engagement.
5. implement seo tactics to improve our online visibility and drive organic traffic.
6. utilize artificial intelligence tools to analyze data and optimize our social media marketing efforts.
7. collaborate with the marketing team to brainstorm and execute innovative ideas for social media campaigns.

if you are ready to gain hands-on experience in the exciting world of real estate marketing and social media, apply now to join our team at next2one realty!",Job offer upto ₹ 2.3LPA post internship,Internshala
artificial-intelligence,executive - brand & social media,optifib industries private limited,Greater Noida,"₹ 10,000 /month",6 Months,"content writing, digital marketing, image editing, content marketing, digital advertising, english proficiency (spoken), english proficiency (written)","1. conceptualize, draft, and execute high-impact multimedia content assets to reinforce the core brand narrative and drive long-term brand equity.
2. oversee the scheduling and multi-channel distribution of content across all official social media platforms to maintain a consistent digital presence.
3. monitor platform algorithms, track engagement metrics, and deploy targeted organic growth strategies to scale and nurture active online communities.
4. design professional marketing and promotional collaterals, including digital banners, graphics, and campaign layouts, ensuring strict alignment with brand guidelines.
5. collaborate on cross-functional marketing initiatives, providing strategic design support and trend research to optimize overall campaign performance.",No PPO Mentioned,Internshala
artificial-intelligence,software development and product management,karuna,Work from home,"₹ 20,000 - 40,000 /month",3 Months,"mysql, python, node.js, web development, product development, react, flutter","1. build and enhance the consumer app by developing features such as otp login, service booking flows, live gps tracking, and razorpay payment integration.
2. develop and improve the caregiver app, including check-in/check-out functionality, shift logs, and family updates.
3. build and maintain order scheduling and dispatch systems to ensure timely caregiver assignments.
4. manage and update the company website, including landing pages, content updates, and performance optimization.
5. integrate third-party apis such as razorpay, twilio, digilocker ekyc, and background verification services.
6. develop and maintain backend infrastructure, including apis, data models, and admin tools.
7. continuously improve products and features based on real-world pilot feedback and user insights.",Job offer upto ₹ 20LPA post internship,Internshala
artificial-intelligence,wordpress development,grivaa consultancy services,Work from home,"₹ 5,000 - 8,000 /month",2 Months,"wordpress, search engine optimization (seo), content management, web development, artificial intelligence","are you a wordpress whiz with a passion for seo? grivaa capital is seeking a talented wordpress development intern to join our dynamic team! as an intern, you will have the opportunity to work on exciting projects and gain hands-on experience in website development and optimization. 



1. collaborating with our team to design and develop custom wordpress websites  
2. implementing seo best practices to improve website visibility and ranking  
3. troubleshooting and resolving any technical issues that may arise  
4. assisting in content creation and optimization for maximum impact  
5. staying updated on the latest trends and technologies in wordpress and seo  
6. supporting in website maintenance and updates  
7. contributing creative ideas to enhance user experience and drive engagement

if you are a self-motivated individual with a keen eye for detail and a strong desire to learn and grow, this internship is perfect for you! join us at grivaa capital and take your wordpress skills to the next level. apply now and kickstart your career in web development and seo!",No PPO Mentioned,Internshala
artificial-intelligence,sebi/securities law,grivaa consultancy services,Work from home,"₹ 6,000 - 10,000 /month",1 Week,"ms-office, legal research, legal drafting, artificial intelligence, statutory compliances, chatgpt, legal writing","1. research sebi regulations, circulars, master circulars, enforcement orders, and related regulatory frameworks.
2. study and analyze case laws from sat, high courts, supreme court, nclt/nclat, and other relevant legal forums.
3. assist in drafting complaints, legal notices, representations, and regulatory submissions.
4. prepare issue-wise legal notes on securities law, investor rights, disclosure violations, fund governance, intermediary obligations, and mis-selling practices.
5. analyze investment documents, investor communications, agreements, offer documents, and compliance disclosures.
6. track recent sebi orders, regulatory developments, and market-related legal updates.
7. prepare structured briefs and legal summaries for senior lawyers, regulators, and internal strategy discussions.",No PPO Mentioned,Internshala
artificial-intelligence,accounting & taxation,saumya thakkar & associates,Mumbai,"₹ 8,000 - 10,000 /month",6 Months,"ms-word, tally, ms-excel, canva, artificial intelligence","we are thrilled to offer an exciting internship opportunity with saumya thakkar & associates for a talented individual with knowledge of tally, ms-excel, ms-word, and canva. as an accounting & taxation intern, you will gain hands-on experience in various aspects of accounting and taxation while working with a dynamic team of professionals. 

key responsibilities:
1. assist in preparing financial statements and reports using tally and ms-excel.
2. utilize artificial intelligence tools to analyze financial data and trends.
3. support in tax preparation and filing for clients.
4. maintain accurate records of financial transactions and update databases.
5. collaborate with team members to optimize accounting processes.
6. develop presentations and reports using ms-word and canva.
7. stay updated on industry trends and regulations to ensure compliance in all financial activities.

this internship will provide you with valuable skills and knowledge in the field of accounting and taxation, as well as the opportunity to work on challenging projects. if you are a motivated and detail-oriented individual looking to kickstart your career in accounting, we encourage you to apply for this internship position.",No PPO Mentioned,Internshala
artificial-intelligence,aeo marketing,antraweb technologies private limited,Mumbai,"₹ 5,000 - 10,000 /month",3 Months,"artificial intelligence, research and analytics, chatgpt, perplexity, gemini, google search console","1. research customer questions and ai-search queries related to our services.
2. track responses on chatgpt, perplexity, gemini, and google ai results.
3. check brand and competitor visibility in ai-generated answers.
4. help improve faq, summary, and answer-first content on website pages.
5. maintain trackers, reports, and documentation for prompts, findings, and content gaps.",No PPO Mentioned,Internshala
artificial-intelligence,marketing,olympia industries limited,Mumbai,"₹ 10,000 - 10,001 /month",6 Months,"social media marketing, artificial intelligence","1. assist in planning and executing social media content across various platforms.
2. coordinate and participate in outdoor shoots for product, lifestyle, and promotional content.
3. capture photos and videos as per content requirements.
4. support content creation, including reels, stories, and short-form videos.
5. work closely with the marketing team to ensure timely content delivery.
6. monitor social media trends and suggest creative content ideas.
7. assist in organizing and managing content assets for future campaigns.
8. ensure brand guidelines are followed during content creation and publishing.",No PPO Mentioned,Internshala
artificial-intelligence,e-commerce operations & marketing,techsaaz solutions llp,Delhi,"₹ 5,000 - 10,000 /month",3 Months,"video editing, shopify, artificial intelligence, research and analytics, graphic design","1. manage and update products on our shopify store.
2. create and optimize product listings, including titles, descriptions, images, and pricing.
3. conduct competitor research for new products and marketing opportunities.
4. research high-performing video content and creative ideas for advertisements.
5. assist in creating ad creatives.
6. organize and maintain product and ad-related data.
7. support the team in e-commerce operations and campaign execution.",No PPO Mentioned,Internshala
artificial-intelligence,vibe coder,she can foundation,Work from home,Unpaid,1 Month,"java, html, python, ui & ux design, web development, artificial intelligence, chatgpt","1. collaborate with team members to develop and implement vibe coding solutions.
2. create and maintain code repositories for vibe coding projects.
3. test and debug vibe coding applications to ensure functionality and user-friendliness.
4. assist in the development of new vibe coding initiatives and projects.
5. provide support and training to internal staff on vibe coding concepts and techniques.
6. stay up-to-date on the latest trends and developments in vibe coding technology.
7. contribute to the overall success and growth of she can foundation through your work as a vibe coder intern.",Job offer post internship,Internshala
artificial-intelligence,video editing/making,openrootai innovations private limited,Rohtak,"₹ 2,000 - 10,000 /month",3 Months,"video editing, video making, artificial intelligence, chatgpt, claude, gemini, heygen (genai)","are you passionate about video editing and making? do you have knowledge of cutting-edge technologies like artificial intelligence and tools like claude, chatgpt, heygen (genai), and gemini? if so, we have the perfect opportunity for you as a video editing/making intern at openrootai innovations private limited! 

as an intern with us, you will have the chance to work with cutting-edge technologies and tools to create engaging and innovative video content. you will also have the opportunity to collaborate with our team of experts to bring your creative vision to life. 



1. create and edit high-quality video content using video editing software.
2. utilize artificial intelligence tools like claude, chatgpt, heygen (genai), and gemini to enhance video content.
3. collaborate with the creative team to brainstorm and develop new video ideas.
4. assist with video shoots and post-production tasks.
5. stay up-to-date on the latest video editing trends and technologies.
6. ensure all video content aligns with the company's brand and messaging.
7. provide feedback and suggestions for improving video content quality. 

if you are a creative and tech-savvy individual looking to gain hands-on experience in video editing and making, apply now to join our dynamic team at openrootai innovations private limited!",Job offer upto ₹ 7LPA post internship,Internshala
artificial-intelligence,software development,rusaka technologies pvt. ltd.,Mumbai,"₹ 3,000 - 5,000 /month",3 Months,"software testing, mongodb, mobile application development, automation, web development, react, react native","we are looking for a dynamic software development intern to join our team at rusaka technologies pvt. ltd. if you have a strong background in react, mongodb, react native, vercel, software testing, mobile application development, web development, artificial intelligence, and automation, then this is the perfect opportunity for you to gain hands-on experience and enhance your skills in a real-world setting.

key responsibilities:
1. collaborate with the development team to create and maintain cutting-edge software applications using react, react native, mongodb, and vercel.
2. assist in software testing procedures to ensure high quality and performance of all applications.
3. contribute to mobile application development projects, utilizing your knowledge of mobile technologies.
4. work on web development tasks, focusing on user interface design and functionality.
5. explore the field of artificial intelligence and its applications in software development.
6. implement automation techniques to streamline processes and improve efficiency within the team.
7. participate in brainstorming sessions, code reviews, and team meetings to foster collaboration and innovation.

if you are eager to learn, passionate about technology, and ready to make an impact in the software development industry, then apply now to be a part of our exciting team at rusaka technologies pvt. ltd.",No PPO Mentioned,Internshala
artificial-intelligence,digital marketing,splashgain technology solutions private limited,Pune,"₹ 8,000 - 12,000 /month","₹ 8,000 - 12,000 /month","social media marketing, search engine optimization (seo), email marketing, video making, english proficiency (written), artificial intelligence, claude","1. assist in seo research using google search console data, keyword opportunities, search intent, low ctr pages, declining pages, and internal linking ideas.
2. support blog content creation and optimization by preparing blog outlines, meta titles, meta descriptions, faqs, cta suggestions, and content refresh ideas.
3. create and repurpose content for linkedin, instagram, youtube shorts/reels, email campaigns, and landing pages.
4. write short-form video scripts with hooks, captions, b-roll ideas, and clear calls to action.
5. edit simple videos using tools such as canva, veed, capcut, adobe premiere pro, davinci resolve, filmora, or similar tools.
6. assist in email marketing activities such as nurture sequences, subject lines, preview text, segmentation ideas, cta copy, and follow-up workflows.
7. use ai tools, especially claude, to support research, content drafting, content repurposing, campaign planning, and quality improvement.
8. work with the marketing super agent to generate blogs, social posts, carousels, email sequences, seo audits, cro audits, and video scripts.
9. help update website/blog content in wordpress as drafts, including basic yoast seo or rank math optimization where required.
10. research competitor content, serp results, people also ask questions, and content gaps for future blog and campaign ideas.
11. track simple campaign and content performance using google sheets, excel, or other reporting formats.
12. explore ai and automation workflows using tools such as claude, n8n, make.com, zapier, or similar platforms.",No PPO Mentioned,Internshala
artificial-intelligence,smart home automation engineer,hrita,Mumbai,"₹ 20,000 /month",6 Months,"embedded systems, arduino, circuit design, internet of things (iot), artificial intelligence, esp32","1. assist in installation, commissioning, and testing of smart home automation systems at residential and commercial client sites across mumbai and nearby cities
2. configure and troubleshoot smart devices including lighting controllers, motorized blinds, sensors, smart switches, and av systems
3. support site surveys and pre-installation assessments alongside the engineering team
4. work on in-house automation device prototypes- from concept to working model using microcontrollers such as arduino and esp32
5. experiment with wireless communication protocols like zigbee and mqtt for device integration
6. document r&d experiments, build test rigs, and iterate on prototypes based on real project feedback",Job offer starting ₹ 3.5LPA post internship,Internshala
artificial-intelligence,field sales,openbiz,Gwalior West,"₹ 20,000 - 30,000 /month","₹ 20,000 - 30,000 /month","digital marketing, strategy, artificial intelligence, sales, marketing, chatgpt","as a field sales intern at openbiz, you will have the opportunity to work with cutting-edge technologies and strategies in sales and marketing. you will also gain experience in digital marketing, artificial intelligence, and chatgpt. your role will involve collaborating with the sales team to identify new business opportunities and develop innovative sales strategies. you will also have the chance to work on marketing campaigns and assist with customer outreach efforts. this is a dynamic and fast-paced role that will provide you with valuable hands-on experience in the field of sales and marketing.

1. conduct market research to identify potential customers and market trends.
2. assist in developing sales strategies and tactics to increase revenue.
3. collaborate with the marketing team to create engaging campaigns and promotional materials.
4. utilize artificial intelligence tools to analyze customer data and improve sales performance.
5. engage with customers through chatgpt to provide personalized and efficient service.
6. participate in sales meetings and presentations to pitch products and services.
7. provide support to the sales team in various administrative tasks to ensure smooth operations.",Job offer upto ₹ 10LPA post internship,Internshala
artificial-intelligence,business development (sales),outsourcify india private limited,Patna,"₹ 5,000 - 17,000 /month",6 Months,"social media marketing, digital marketing, canva, artificial intelligence, investing, financial literacy, financial planning","1. market penetration: identify prospective retail investors, high-net-worth individuals (hnis), and small business owners in key cities/towns across bihar (e.g., patna, muzaffarpur, gaya, bhagalpur) who are looking to invest in mutual funds and sips.
2. financial awareness & onboarding: educate potential clients on the benefits of mutual funds, systematic investment plans (sips), and long-term wealth creation, and guide them through the digital onboarding/kyc process.
3. lead generation & outreach: organize small-scale awareness drives, leverage local networks, and use social media to generate quality leads.
4. client relationship management: maintain regular communication with acquired clients, sharing portfolio performance updates and building long-term trust.",No PPO Mentioned,Internshala
artificial-intelligence,international business development,outsourcify india private limited,Work from home,"₹ 6,000 - 1,10,000 /month",6 Months,"digital marketing, email marketing, english proficiency (spoken), english proficiency (written), canva, artificial intelligence","1. conduct market research to identify potential clients and target industries in the usa market.
2. research outsourcing opportunities and business requirements of american startups and smes.
3. execute lead generation campaigns through linkedin, professional emails, and digital outreach platforms.
4. support international b2b sales and outreach activities.
5. prepare pitch decks, proposals, and marketing collateral tailored for western markets.
6. assist in sales support and client communication activities.
7. maintain and update crm systems and sales pipelines regularly.
8. follow up with prospective leads and support relationship-building activities.",No PPO Mentioned,Internshala
artificial-intelligence,growth & digital operations (global trade),great indian trade alliance,Gurgaon,"₹ 7,000 - 12,000 /month",3 Months,"content writing, digital marketing, data analytics, email marketing, google docs, client relationship management (crm), copywriting","1. executing the linkedin content calendar, including post scheduling, formatting, and basic content creation using ai tools
2. researching and identifying potential global buyers (importers, distributors, procurement heads) across target markets
3. building and maintaining structured lead databases in google sheets (company, contact person, email, linkedin, etc.)
4. using various tools and platforms to extract and verify contact details (email ids, phone numbers)
5. setting up and managing cold email campaigns, including personalization and sequencing
6. monitoring email campaign performance (open rates, replies, conversions) and optimizing accordingly
7. setting up automated follow-up sequences and tracking responses 
8. managing inbound leads, including initial screening and organizing responses 
9. supporting outbound outreach via email and linkedin
10. ensuring data accuracy, cleanliness, and regular updates across all sheets and records
11. assisting in creating simple marketing creatives using tools like canva and ai image generators
12. maintaining proper documentation of workflows, campaigns, and lead pipelines in google docs",No PPO Mentioned,Internshala
business-intelligence,international business development,head hunter,Work from home,"₹ 7,000 - 10,000 lump sum",6 Weeks,"social media marketing, digital marketing, email marketing, business research, business development, customer acquisition","1. research and identify fortune 1000, mid-sized, and emerging growth companies worldwide.
2. build and maintain a database of hr heads, talent acquisition leaders, and cxo-level contacts.
3. generate leads through linkedin, company websites, industry directories, and other online sources.
4. assist in client mapping, market intelligence, and business development activities.
5. support outreach campaigns through email, linkedin, and direct calls, including phone outreach to prospective clients.
6. maintain accurate records of prospects and interaction histories.

desired skills:

1. strong internet research and analytical skills.
2. good written and verbal communication in english.
3. comfortable with outbound calls and client-facing conversations.
4. familiarity with linkedin and online business research tools.
5. self-driven, detail-oriented, and eager to learn.",No PPO Mentioned,Internshala
business-intelligence,business development (sales),pixrity private limited,Work from home,"₹ 6,000 - 22,000 /month",4 Months,"email marketing, client relationship, english proficiency (spoken), market research, sales, marketing, effective communication","* identify potential customers and business opportunities
* understand customer challenges and requirements
* present and pitch ai-powered business solutions
* generate and qualify leads
* schedule meetings and demos
* follow up with prospects
* build professional client relationships
* support business growth initiatives",No PPO Mentioned,Internshala
business-intelligence,outreach,trackmyprep,Work from home,"₹ 5,000 - 6,000 /month",3 Months,"ms-excel, research and analytics, effective communication","1. research and shortlist telegram, youtube, and whatsapp creators in the govt job exam space and maintain a structured database
2. find contact details of shortlisted creators and reach out to gather promotion quotations
3. track all outreach activity and share weekly progress reports",No PPO Mentioned,Internshala
business-intelligence,sales and marketing,2coms consulting private limited,Work from home,"₹ 17,000 - 20,000 /month",2 Months,"presentation skills, market research, sales, marketing","1. execute daily outreach campaigns across designated channels (email, professional networks, or phone) to identify and engage qualified prospects.
2. conduct structured research on industry trends and competitor landscapes to map out potential business opportunities and areas for growth.
3. maintain and update sales trackers, lead databases, and documentation with an exceptional standard of accuracy and attention to detail.
3. manage daily tasks independently in a remote environment to ensure time-sensitive objectives and project deadlines are consistently met.
4. identify workflow bottlenecks or data discrepancies and proactively suggest logical, resource-efficient solutions to the team.",No PPO Mentioned,Internshala
business-intelligence,cybersecurity research & content,nexoryn security,Work from home,"₹ 2,000 - 2,002 /month",1 Month,"ms-office, content writing, technical writing, linkedin marketing, cybersecurity, research and analytics","are you passionate about cybersecurity and looking to gain hands-on experience in research, content creation, and marketing? look no further! join us at nexoryn security as a cybersecurity research & content intern. as an intern with us, you will have the exciting opportunity to deepen your knowledge of cybersecurity while honing your skills in technical writing, research and analytics, content creation, and linkedin marketing. you will work closely with our team to develop engaging and informative content for our audience, as well as assist with research projects and marketing initiatives.



1. conduct in-depth research on cybersecurity trends, threats, and best practices
2. create compelling and informative content for our blog, website, and social media channels
3. assist with the development and execution of linkedin marketing campaigns
4. analyze data and metrics to optimize content performance and reach
5. collaborate with team members to brainstorm new ideas and strategies
6. stay up-to-date on the latest cybersecurity news and developments
7. utilize ms office tools to organize and present research findings

if you are a proactive and detail-oriented individual with a passion for cybersecurity and a knack for writing, we want to hear from you! apply now to kickstart your career in cybersecurity research and content creation with nexoryn security.",No PPO Mentioned,Internshala
business-intelligence,business development (sales),basicsfoto productions,Work from home,"₹ 8,000 - 12,000 /month",6 Weeks,"ms-office, attention to detail, english proficiency (spoken), english proficiency (written), market research, google workspace, sales","a. business development:
1. research potential clients and organizations.
2. build and maintain a lead database.
3. identify opportunities in tourism, hospitality, government projects, ngos, startups, educational institutions, corporate organizations and personal branding clients.
4. reach out through email, linkedin, whatsapp, and phone calls.
5. schedule discovery meetings and follow-ups.
6. track conversations and sales pipeline.

b. proposal & pitch development:
1. create customized client proposals.
2. design presentations and pitch decks.
3. prepare project briefs.
4. develop capability documents.
5. conduct competitor and industry research.
6. assist in preparing tenders and project submissions.

c. client communication:
1. draft professional emails and follow-up messages.
2. coordinate meetings and presentations.
3. maintain records of discussions and requirements.
4. ensure timely communication with clients.",No PPO Mentioned,Internshala
business-intelligence,marketing and outreach,insight it,Work from home,"₹ 1,500 - 12,000 /month",2 Months,"social media marketing, sales management, market research, effective communication, marketing automation, sales strategy","are you passionate about marketing and looking to gain hands-on experience in a fast-paced tech environment? insight it is seeking a dynamic marketing and outreach intern to join our team! as an intern, you will have the opportunity to work closely with our marketing and sales teams to develop and implement strategies that drive growth and engagement.



1. conduct market research to identify target markets and customer needs
2. assist in the implementation of marketing automation tools to streamline processes
3. manage and create engaging content for social media platforms
4. communicate effectively with internal teams and external partners
5. support sales management in developing and executing sales strategies
6. assist in the planning and execution of marketing campaigns and events
7. analyze data and provide insights to optimize marketing and outreach efforts

if you have a strong understanding of market research, marketing automation, social media marketing, effective communication, sales management, and sales strategy, we want to hear from you! this internship offers the opportunity to work on real projects and make a meaningful impact on our business. apply now to join our innovative team at insight it!",Job offer upto ₹ 7LPA post internship,Internshala
business-intelligence,growth marketing,unfoldd,Work from home,"₹ 10,000 - 15,000 /month",2 Months,"social media marketing, content writing, search engine optimization (seo), copywriting, canva, market research","1. plan and execute digital marketing campaigns across various channels.
2. create and publish engaging content for social media platforms.
3. conduct market research and competitor analysis.
4. generate leads through outreach, networking, and community engagement.
5. support seo optimization efforts for website and content.
6. monitor campaign performance and prepare analytical reports.
7. assist in email marketing and user engagement campaigns.
8. collaborate with product and growth teams to implement marketing strategies.
9. identify new growth opportunities and propose innovative ideas.
10. maintain marketing databases, trackers, and performance dashboards.",No PPO Mentioned,Internshala
business-intelligence,market research,ravi singh,Work from home,"₹ 9,000 - 17,000 /month",2 Weeks,"english proficiency (spoken), research and analytics, effective communication","visit popular tourist locations across mumbai.
approach australian and other international tourists professionally.
conduct short interviews (5–10 minutes).
record responses using a mobile phone or survey form.
submit daily interview reports and insights.
maintain a friendly, respectful, and professional approach throughout the research.
requirements",No PPO Mentioned,Internshala
business-intelligence,marketing,meevoo,Work from home,"₹ 1,000 - 5,000 /month",1 Week,social media marketing,"meevoo is seeking a dynamic and communicative market research intern to join our team for an exciting 7-day sprint! as a market research intern, you will have the unique opportunity to work directly on the front lines, interacting with potential users to gather valuable feedback and data. this fast-paced, hands-on experience is the perfect opportunity to learn the ropes of user research, improve your communication skills, and help shape the future of our product.



1. engage potential users: reach out to and initiate conversations with potential users to introduce them to meevoo and invite their feedback.
2. conduct surveys & interviews: ask targeted questions through short surveys, one-on-one chats, or casual interviews to understand user needs, preferences, and pain points.
3. gather & organize data: systematically collect, record, and organize the feedback and data gathered during your daily user interactions.
4. identify trends: analyze the responses you receive to spot common themes, market trends, and areas where our product can improve.
5. represent the brand: act as the friendly, professional, and approachable voice of meevoo during all your interactions with the public.
6. report findings: compile your data into clear, easy-to-read daily updates and present your final insights to the core team at the end of your 7-day program.",No PPO Mentioned,Internshala
business-intelligence,content research & development,bssdc,Work from home,"₹ 10,000 - 12,000 /month",3 Months,"content writing, research and analytics, chatgpt, claude","1. identifying and sourcing targeted content according to provided briefs.
2. conducting deep-dive research and critical analysis on selected topics.
3. drafting clear, professional documentation to present research findings effectively.",No PPO Mentioned,Internshala
business-intelligence,business development (sales),stackfordge,Work from home,"₹ 1,000 - 3,000 /month",3 Months,"lead generation, client relationship, effective communication, organizational development","1. research potential clients and business opportunities.
2. generate leads through linkedin, email outreach, and online platforms.
3. build and maintain prospect databases.
4. initiate conversations with potential clients.
5. schedule meetings and discovery calls.
6. assist in preparing proposals and presentations.
7. support partnership and networking initiatives.
8. track sales activities and maintain crm records.
9. conduct market and competitor research.",Job offer upto ₹ 3.5LPA post internship,Internshala
business-intelligence,data analytics,i can i will foundation,Ahmedabad,"₹ 7,000 - 13,000 /month",3 Months,"python, sql, data analytics, ms-excel, data science, power bi, tableau","are you a data enthusiast looking to make a positive impact in the world? we are seeking a dynamic data analytics intern to join our team at i can i will foundation. as an intern, you will have the opportunity to work on meaningful projects that directly contribute to our mission of empowering individuals to achieve their full potential.

key responsibilities:
1. utilize your expertise in data analytics, ms-excel, power bi, tableau, sql, python, and data science to analyze and interpret complex data sets.
2. collaborate with cross-functional teams to gather requirements and develop data visualization solutions.
3. assist in identifying trends, patterns, and insights to drive data-driven decision making.
4. support the development and implementation of data models and algorithms to improve data quality and accuracy.
5. conduct research on emerging trends and technologies in the field of data analytics to enhance our capabilities.
6. present findings and recommendations to stakeholders in a clear and concise manner.
7. contribute to the overall success of the organization by actively participating in team meetings and initiatives.

join us in our mission to create a positive impact through data analytics! apply now to kickstart your career in a dynamic and rewarding environment.",No PPO Mentioned,Internshala
business-intelligence,sales and marketing,uday kiran,Work from home,"₹ 5,000 - 10,000 /month",6 Months,"lead generation, conversion rate optimization, sales strategy","as a sales and marketing intern at uday kiran, you will have the opportunity to dive headfirst into the world of sales strategy, conversion rate optimization, and lead generation. this hands-on role will provide you with invaluable experience and skills that will set you apart in the competitive business world. 

your key responsibilities will include:
1. assisting in developing and implementing sales strategies to drive revenue growth.
2. analyzing and optimizing conversion rates to improve overall sales performance.
3. generating leads through various channels such as cold calling, email campaigns, and social media.
4. supporting the sales team in identifying new business opportunities and potential clients.
5. conducting market research to identify trends and opportunities for growth.
6. collaborating with the marketing team to create engaging content and promotional materials.
7. providing regular reports and analysis on sales and marketing metrics to track progress and identify areas for improvement.

if you are a motivated and ambitious individual looking to gain hands-on experience in sales and marketing, this is the perfect opportunity for you. join us at uday kiran and take the first step towards a successful career in the dynamic world of business.",No PPO Mentioned,Internshala
business-intelligence,inside sales,adneto technology private limited,Delhi,"₹ 10,000 - 15,001 /month",2 Months,"operations, client relationship management (crm), sales management, sales, effective communication","as an inside sales intern at adneto technology private limited, you will have the exciting opportunity to learn and develop your skills in sales, sales management, effective communication, operations, and client relationship management (crm). you will work closely with our experienced sales team to drive revenue growth and build strong relationships with our clients. 

key responsibilities:
1. conducting market research to identify potential clients and opportunities for growth.
2. assisting in the development and implementation of sales strategies and tactics.
3. communicating with clients to understand their needs and provide solutions.
4. managing client accounts and maintaining accurate records in our crm system.
5. collaborating with the sales team to achieve sales targets and objectives.
6. participating in sales meetings and training sessions to enhance your skills.
7. providing excellent customer service and support to ensure client satisfaction. 

if you are a motivated and enthusiastic individual with a passion for sales and technology, we want to hear from you! join us at adneto technology private limited and kickstart your career in the exciting world of inside sales. apply now and take the first step towards a successful future in sales.",Job offer upto ₹ 6.5LPA post internship,Internshala
business-intelligence,marketing,brilliant approach private limited,Ahmedabad,"₹ 7,000 - 10,000 /month",6 Months,"ms-office, ms-excel, english proficiency (spoken), english proficiency (written)","1. conduct market research and analyze trends in the mepf engineering sector
2. assist in lead generation, including identifying and qualifying prospects
3. help create content for blogs, social media, and marketing materials
4. support social media campaigns and engage with our online community
5. assist in organizing and coordinating marketing events and activities
6. track and analyze the performance of marketing campaigns",No PPO Mentioned,Internshala
business-intelligence,sales and marketing,venue,"Delhi, Ghaziabad, Gurgaon, Noida","₹ 6,000 - 10,000 /month",4 Months,"digital marketing, lead generation, market research, sales, effective communication, customer acquisition","1. do lead generation and outreach to potential clients.
2. research potential clients and companies that may require it services.
3. communicate with prospects through email, linkedin, or call.
4. help in preparing marketing campaigns and promotional strategies.
5. maintain and update lead tracking sheets / crm data.
6. assist in branding and digital marketing initiatives for the company.",No PPO Mentioned,Internshala
business-intelligence,content and social media marketing,nedlloyd logistics private limited,Delhi,"₹ 8,001 - 10,002 /month",6 Months,"social media marketing, content writing, ms-word, ms-powerpoint, email marketing, ms-excel, canva","1. assist in planning and executing marketing campaigns across digital and offline channels
2. create and schedule content for social media platforms (instagram, linkedin, etc.)
3. conduct market research and competitor analysis
4. support email marketing campaigns
5. track campaign performance and prepare reports
6. collaborate with design and content teams on marketing materials",No PPO Mentioned,Internshala
business-intelligence,market research & ecosystem,crazy for success foundation,Work from home,Unpaid,3 Months,"english proficiency (spoken), english proficiency (written), market research, effective communication","​1. startup research: find and study growing startups, industries, and business trends.
2. ​founder profiling: gather and organize background details on companies and their founders.
3. ​lead list building: build and maintain clean lists of target contacts in excel or sheets.
4. ​cold outreach: send the first message to founders via linkedin or email to introduce us.
5. ​data analysis: review your research to spot the best business opportunities.
6. ​meeting setup: coordinate and schedule initial calls between founders and our team.",No PPO Mentioned,Internshala
business-intelligence,sales,technobotix private limited,Bhusawal,"₹ 5,000 - 8,000 /month",6 Months,"attention to detail, interpersonal skills, effective communication, self-learning","1.assist the sales team in identifying and generating new business opportunities. 
2.conduct market research to identify potential customers and industry trends. 
3.maintain and update customer databases and crm records. 
4.support lead generation activities through calls, emails, and social media outreach. 
5.schedule meetings and follow-ups with prospective clients. 
6.prepare sales reports, presentations, and proposals. 
7.assist in customer relationship management and client communication. 
8.track sales performance metrics and provide regular updates. 
9.collaborate with internal teams to ensure smooth customer onboarding and support. 
10.perform other sales-related tasks as assigned by the supervisor.",No PPO Mentioned,Internshala
business-intelligence,lead generation,xtechon,Work from home,"₹ 3,000 - 5,000 /month",4 Months,"email marketing, ms-excel, client relationship management (crm), english proficiency (spoken), english proficiency (written), market research","conduct market research to identify potential clients and business opportunities.
2. generate leads through linkedin, email outreach, and online research.
3. initiate communication with potential clients via emails, calls, and professional messages.
4. assist in scheduling meetings and follow-ups with interested prospects.
5. maintain and update lead data, client interactions, and activity reports in spreadsheets/crm tools.
6. support the team in preparing proposals, presentations, and business documents.
7. build and maintain professional relationships with potential clients and partners.
8. collaborate with internal teams to ensure smooth communication and project coordination.",No PPO Mentioned,Internshala
business-intelligence,market research,centre for responsible business(crb),Delhi,"₹ 10,000 - 15,000 /month","₹ 10,000 - 15,000 /month","data analytics, ms-excel, report writing, english proficiency (written), research and analytics, market research","1. conduct in-depth secondary research on topics related to sustainability and esg practices.
2. support preparatory work and questionnaire design for upcoming primary field surveys.
3. assist project teams in data collection from multiple sectors and stakeholder groups. 
4. clean, organize, and perform basic analysis on collected project data.
5. assist in drafting research notes, project briefs, and comprehensive reports.
6. support the team in knowledge management and documentation activities.
7. leverage digital and ai tools to enhance research efficiency and project delivery.",No PPO Mentioned,Internshala
business-intelligence,sales,scalexpert,Work from home,"₹ 6,000 - 15,000 /month",3 Months,"lead generation, english proficiency (spoken), sales","are you a go-getter with a passion for sales and lead generation? look no further! scalexpert is seeking a dynamic sales intern to join our team for a paid internship opportunity. as a sales intern, you will have the chance to gain valuable hands-on experience while working closely with our sales team to drive growth and revenue. if you have excellent english proficiency and a desire to excel in a fast-paced environment, we want to hear from you!



1. assist in identifying potential clients and developing new leads
2. conduct research to understand market trends and customer needs
3. collaborate with the sales team to create and implement sales strategies
4. communicate effectively with clients through phone calls and emails
5. track and analyze sales data to identify opportunities for improvement
6. attend sales meetings and training sessions to enhance your skills
7. provide administrative support to ensure smooth sales operations

don't miss out on this exciting opportunity to kickstart your career in sales with scalexpert! apply now to join our innovative team.",No PPO Mentioned,Internshala
business-intelligence,perfomance marketing,khanna gems private limited,Work from home,"₹ 8,000 - 10,000 /month",6 Months,"social media marketing, business analysis, performance testing, performance marketing, performance monitoring, performance management","1. assist in setting up, launching, and monitoring paid advertising campaigns across platforms such as google, meta, and linkedin.
2. track and analyze key performance metrics, including roi, ctr, and cpa, using tools such as google analytics to evaluate campaign effectiveness.
3. conduct a/b testing of ad creatives, copy, and landing pages to optimize conversion rates and campaign performance.
4. perform competitor analysis and keyword research to identify emerging trends and growth opportunities.
5. prepare daily and weekly performance reports to provide insights into budget utilization and campaign outcomes.
6. collaborate with design and content teams to develop and optimize high-converting advertising assets.",No PPO Mentioned,Internshala
business-intelligence,sales and marketing,teknnova software solutions private limited,Noida,"₹ 14,000 - 23,000 /month",3 Months,"sales management, sales, marketing, sales strategy","are you passionate about sales and marketing? do you have a strong understanding of sales management and strategy? teknnova software solutions private limited is looking for a sales and marketing intern to join our dynamic team. as an intern, you will have the opportunity to learn and grow in a fast-paced environment while gaining valuable hands-on experience in the tech industry. 



1. assist in developing and implementing sales and marketing strategies to drive business growth
2. conduct market research to identify potential clients and industry trends
3. support the sales team in lead generation and prospecting activities
4. collaborate with marketing team to create engaging content for various platforms
5. assist in managing crm database and tracking sales metrics
6. participate in sales meetings and presentations to potential clients
7. provide general administrative support to the sales and marketing departments",No PPO Mentioned,Internshala
business-intelligence,franchise sales,khanna gems private limited,Work from home,"₹ 8,000 - 10,000 /month",6 Months,"client interaction, lead generation, b2b sales, sales management, client relationship, sales support, sales","1. assisting in identifying and reaching out to potential franchise prospects
2. conducting market research to identify new opportunities for expansion
3. creating and maintaining a database of leads and contacts
4. supporting the sales team in organizing meetings and presentations
5. collaborating with the marketing team to develop promotional materials
6. assisting in drafting and sending out franchise agreements
7. providing administrative support to ensure smooth operations",No PPO Mentioned,Internshala
business-intelligence,business development (sales),nocap ventures pvt ltd,Jaipur,"₹ 8,000 - 9,000 /month",6 Months,"client relationship management (crm), sales","1. identify and reach out to potential b2b clients, including cafés, gyms, offices, and retail stores
2. pitch nocap products and onboard new partners
3. assist in closing sales deals and achieving revenue targets
4. build and maintain strong relationships with clients and distributors
5. conduct market research to identify new sales opportunities
6. coordinate with internal teams for smooth order fulfillment and operations
7. track and report sales activities and performance
8. product research and procurement",No PPO Mentioned,Internshala
business-intelligence,operations & growth,four carpool,Ahmedabad,"₹ 2,000 - 2,500 /month",4 Weeks,"interpersonal skills, effective communication","1. analyze data and generate insights to support decision-making and optimize business performance
2. communicate effectively with team members and stakeholders to ensure alignment and smooth execution
3. implement growth hacking strategies and contribute innovative ideas to scale operations
4. support sales and business development activities, including lead generation and client interactions
5. manage projects, track progress, and ensure timely completion of tasks and goals
6. take initiative in problem-solving with a proactive and self-driven approach
7. contribute to initiatives focused on sustainable and innovative transportation solutions",No PPO Mentioned,Internshala
business-intelligence,lead generation,libertystack solutions,Work from home,"₹ 3,000 - 5,000 /month",4 Weeks,effective communication,"1. generating leads 
2. reaching clients
3. converting leads",No PPO Mentioned,Internshala
business-intelligence,sales and marketing,orglance technologies llp,Ahmedabad,"₹ 5,000 - 6,000 /month",6 Months,"negotiation, digital marketing, client relationship management (crm), lead generation, client relationship, business development, market research","we are looking for enthusiastic and motivated interns to promote hmis (hospital management information system) software solutions. this internship is an excellent opportunity for candidates who want to gain practical experience in healthcare software sales, digital marketing, lead generation, and client communication. 
the intern will work closely with the business development team and learn real-time sales and marketing strategies in the healthcare it industry. 

  

1. promote hmis software to hospitals, clinics, diagnostic centers, and healthcare professionals. 
2. generate leads through social media, emails, calls, online research, and field visits. 
3. do client follow-ups and meetings. 
4. help in scheduling software demonstrations and presentations. 
5. conduct market research and competitor analysis. 
6. assist in creating marketing campaigns and promotional activities. 
7. maintain lead records and update crm/database regularly. 
8. support digital marketing activities, including linkedin, whatsapp, and email marketing. 
9. build professional communication through client interaction.",No PPO Mentioned,Internshala
business-intelligence,lead generation,magicteal,Work from home,"₹ 5,000 - 24,000 /month",6 Months,"digital marketing, cold calling, email marketing, client relationship management (crm), lead generation, sales","as a lead generation intern at magicteal, you will play a crucial role in driving business growth through your expertise in email marketing, digital marketing, lead generation, client relationship management (crm), cold calling, and sales. your responsibilities will include:

1. conducting market research to identify potential leads and target audiences.
2. creating and executing email marketing campaigns to generate leads and engage with prospects.
3. utilizing digital marketing strategies to attract and convert leads into customers.
4. managing client relationships through effective communication and follow-ups.
5. making cold calls to effectively pitch products/services and generate leads.
6. collaborating with the sales team to ensure smooth lead handoff and conversion.
7. tracking and analyzing lead generation metrics to optimize strategies and improve results.

if you are passionate about driving business growth, excelling in lead generation strategies, and eager to learn and grow in a dynamic environment, then this internship opportunity at magicteal is perfect for you. join us and be a part of our exciting journey towards success!",No PPO Mentioned,Internshala
business-intelligence,business development (sales),kartilio technology llp,Work from home,"₹ 13,000 - 18,500 /month",2 Months,"ms-office, presentation skills, time management, analytical thinking, ms-excel, problem solving, teamwork","1. conduct market research and competitor analysis.
2. support business development and lead generation activities.
3. assist in talent acquisition and recruitment processes.
4. coordinate with internal teams to ensure smooth project execution.    
5. prepare presentations, reports, and documentation.
6. participate in client interactions and follow-up activities.
7. support marketing campaigns and social media initiatives.
8. analyze business data and provide actionable insights.
9. assist in operational and administrative tasks as required.
10. contribute ideas for process improvement and organizational growth.",Job offer upto ₹ 7LPA post internship,Internshala
business-intelligence,lead generation,careerivy,Work from home,"₹ 2,000 /month",3 Months,ms-office,"1. seek new business opportunities in the market.
2. create and maintain a list of prospective clients.
3. conduct market research on various job portals.
4. generate relevant leads.",No PPO Mentioned,Internshala
business-intelligence,presales,dhwani rural information systems private limited,Work from home,"₹ 8,000 - 10,000 /month",2 Months,"ms-word, ms-powerpoint, cold calling, ms-excel, interpersonal skills, market research, effective communication","we are looking for a proactive, research-oriented, and confident 'presales intern' for a 2-month remote internship. the primary focus of this role is market research, stakeholder mapping, lead generation, and outreach. this role is ideal for someone interested in the social impact sector, technology-enabled solutions, business development, stakeholder engagement, and consulting.



a. market research & lead generation:
1. research ngos, csr foundations, donor agencies, social enterprises, government programs, and development sector organizations.
2. understand organizational priorities, thematic focus areas, ongoing programs, and potential technology or consulting needs.
3. conduct market research to identify potential opportunities and partnership prospects.
4. build and maintain structured databases of organizations and stakeholders.
5. maintain accurate lead trackers and outreach records.

b. stakeholder mapping:
1. identify key decision-makers such as csr heads, program directors, operations leads, m&e leads, hr heads, technology leads, and cxos.
2. use linkedin, company websites, csr reports, annual reports, and other public sources for stakeholder research.
3. gather relevant organizational and stakeholder insights to support outreach efforts.

c. outreach & relationship building:
1. conduct outreach through emails, linkedin messages, and cold calls.
2. introduce dhwani's technology and consulting services to prospective organizations.
3. build meaningful first-level connections with stakeholders.
4. schedule meetings and discovery conversations for the business development team.
5. follow up with leads and maintain engagement records.

d. presales support:
1. support the preparation of presentations, proposals, organization profiles, and meeting briefs.
2. conduct background research for prospective clients and partnerships.
3. assist in maintaining opportunity pipelines and business development trackers.
4. support the team with ad hoc presales and business development initiatives.",No PPO Mentioned,Internshala
business-intelligence,fundraising,aerosearch technologies,Work from home,"₹ 2,000 /month",2 Months,"english proficiency (spoken), english proficiency (written)","are you passionate about technology and looking to gain hands-on experience in fundraising and startup venture rounds? aerosearch technologies is seeking a dynamic fundraising intern to join our innovative team. you will have the opportunity to work closely with our fundraising team to support our mission of revolutionising the aviation industry. if you are a motivated self-starter with a desire to learn about the startup fundraising, we want to hear from you. join us at aerosearch technologies and be a part of shaping the future of aviation. apply now to kick-start your career in fundraising!



1. assist in finalizing our current fund-raising round and due-diligence
2. assist in developing fundraising strategies and campaigns
3. research potential vcs, angels and other investors
4. create engaging fundraising materials and communications
5. support grant writing, application and submission process
7. collaborate with team members on fundraising initiatives and projects",No PPO Mentioned,Internshala
business-intelligence,ai growth & business development,scalyft ai,Work from home,"₹ 4,000 - 20,000 /month",2 Months,"leadership, market analysis, sales, effective communication, collaboration, generative ai tools","at scalyft ai, you will work directly with the founders to help scale an ai-powered saas startup serving businesses globally.",No PPO Mentioned,Internshala
business-intelligence,content and social media marketing,kargatox knowledge partners,Work from home,"₹ 8,000 - 11,000 /month",3 Months,"social media marketing, ms-office, digital marketing, linkedin marketing, english proficiency (written)","we are a business research and knowledge services firm that helps startups, financial institutions, and businesses make better decisions through high-quality research, market intelligence, and business support services. we work as an extended knowledge partner, enabling our clients to focus on strategic growth.

selected intern’s day-to-day responsibilities include:

1. helping manage and grow the company's linkedin presence by planning, creating, and publishing engaging content. 
2. research trending topics across business, finance, startups, technology, and other relevant industries to identify content opportunities.
3. write compelling linkedin posts, thought leadership content, and marketing copy aligned with the company's brand and objectives. 
4. develop and maintain a monthly content calendar to ensure consistent and timely posting. 
5. monitor post performance, engagement metrics, and audience insights to improve future content strategies. 
6. conduct competitor and industry research to identify emerging trends and best practices. 
7. assist in developing digital marketing strategies to improve brand visibility and audience engagement.
8.  prepare presentations, reports, and marketing documents using microsoft office (excel, word, and powerpoint). collaborate with the team on branding and marketing initiatives.",Job offer upto ₹ 4LPA post internship,Internshala
business-intelligence,marketing & business development,netfranex marketing private limited,Work from home,"₹ 2,000 /month",3 Months,"team management, presentation skills, english proficiency (spoken), marketing strategies, marketing campaigns","we are looking for a motivated marketing & business development intern to support lead generation, market research, client outreach, and digital marketing activities. 



1. assisting in identifying business opportunities.
2. building client relationships.
3. supporting marketing campaigns.",No PPO Mentioned,Internshala
business-intelligence,business development,professional pulse,Work from home,"₹ 13,000 - 30,000 /month",3 Months,"effective communication, email management, chatgpt","1. lead generation & research: identify potential schools, colleges, coaching institutes, career coaches, and other target audiences. research decision-makers and collect relevant contact information. maintain and update lead databases.
2. outreach & communication: reach out to prospects through calls, emails, linkedin, whatsapp, and other channels. initiate conversations and build relationships with potential clients and partners. schedule meetings, demos, and discussions
3. product & system demonstrations: present professional pulse solutions and partner programs to prospective clients. conduct online demos and explain benefits, features, and opportunities. answer basic questions and address concerns.
4. follow-ups & relationship management: follow up with leads and prospects regularly. maintain communication throughout the sales process. build trust and long-term relationships.
5. sales & conversion support: understand prospect requirements. help move prospects through the decision-making process. support conversion activities and deal closures.
6. onboarding support: assist newly onboarded students, institutions, or partners. ensure smooth onboarding and handholding. coordinate with internal teams when required.",No PPO Mentioned,Internshala
business-intelligence,marketing,bleep education,Work from home,"₹ 5,000 - 10,000 /month",1 Month,"interpersonal skills, effective communication","1. assist in planning and executing digital marketing campaigns across various channels.
2. conduct market research and competitor analysis to identify growth opportunities.
3. support lead generation activities through organic and paid marketing initiatives.
4. manage and grow online communities, including whatsapp groups and student communities.
5. coordinate with the design, sales, and operations teams to ensure smooth campaign execution.
6. monitor campaign performance and prepare weekly reports with key insights and recommendations.",No PPO Mentioned,Internshala
python,flutter development,padosiagent servtech pvt ltd,Ahmedabad,"₹ 3,000 - 12,000 /month",3 Months,"java, mysql, python, flutter, firebase","1. collaborate with our experienced developers to design and build innovative mobile applications using flutter.
2. assist in debugging and troubleshooting any issues that arise during the development process.
3. participate in code reviews and provide feedback to ensure high quality and efficient code.
4. stay up-to-date with the latest trends and best practices in flutter development.
5. work closely with the design team to implement user-friendly interfaces.
6. conduct thorough testing to ensure the functionality and performance of the applications.
7. learn and grow through hands-on experience and mentorship from industry professionals.
2.
3.",No PPO Mentioned,Internshala
python,research and documentation,vaibhav wakade,Work from home,"₹ 5,000 - 7,000 /month",6 Months,"content writing, python, ms-word, ms-powerpoint, latex, report writing, literature review","as a research and documentation intern at road2tech company, you will have the opportunity to work on exciting projects and gain hands-on experience in the field. 



1. conducting thorough literature reviews to support research projects
2. writing detailed reports and documentation using ms word, latex, and powerpoint
3. assisting with content writing for various company publications
4. utilizing python for data analysis and research purposes
5. collaborating with team members to collect and analyze data for research projects
6. presenting research findings in a clear and concise manner
7. assisting with any other tasks related to research and documentation as needed

this internship will provide you with valuable skills and experience that will benefit you in your future career. if you are a motivated individual with a passion for research and documentation, we want to hear from you! apply now to join our dynamic team.",No PPO Mentioned,Internshala
python,aws/azure cloud operations,thynk cloud,Mumbai,"₹ 10,000 - 12,000 /month",6 Months,"python, linux, networking, microsoft azure, amazon web services (aws), devops","we are looking for a cloud operations intern to support the cloud infrastructure monitoring team. you will gain hands-on experience with aws, azure, linux servers, cloud monitoring tools, and managed cloud operations while working under the guidance of senior cloud engineers.



1. monitor aws cloud infrastructure alerts during the day shift using aws cloudwatch, zabbix, site24x7, and internal monitoring dashboards.
2. check the basic health of aws ec2 instances, including availability, cpu, memory, disk usage, uptime, connectivity, and service status.
3. perform l1 troubleshooting as per defined sops, including ping, ssh, rdp checks, disk space verification, basic log review, and service status checks under supervision.
4. report high resource utilization, downtime alerts, repeated warnings, or unusual cloud activity to senior cloud engineers.
5. create clear incident updates with screenshots, timestamps, affected resource details, alert summaries, and troubleshooting steps performed.
6. escalate unresolved or critical issues to senior engineers with proper context and priority.
7. assist in basic azure vm monitoring and l1 health checks whenever required.
8. prepare daily monitoring reports, shift handover notes, and status updates for the cloud operations team.
9. follow company security, access control, documentation, and client support processes.
10. learn and support cloud operations related to aws, azure, linux servers, monitoring, managed services, devops, and internal automation under senior guidance.",No PPO Mentioned,Internshala
python,embedded systems,vaibhav wakade,Pune,"₹ 5,000 - 7,000 /month",6 Months,"python, arm microcontroller, raspberry pi, embedded systems, arduino, circuit design, c programming","we are looking for a talented embedded systems intern to join our team at vaibhav wakade company! if you have experience with arm microcontroller, circuit design, c programming, embedded systems, c++ programming, python, raspberry pi, arduino, internet of things (iot), and eagle, we want to hear from you. as an intern, you will work on exciting projects and gain valuable hands-on experience in the field. 

key responsibilities:
1. assist in the design and development of embedded systems for various applications
2. collaborate with team members to troubleshoot and debug hardware and software issues
3. conduct testing and validation of embedded systems to ensure functionality and performance
4. develop and implement code for arm microcontrollers using c and c++ programming languages
5. work on raspberry pi and arduino projects for iot applications
6. design pcb layouts using eagle software for prototyping and production
7. stay updated on industry trends and technologies to contribute innovative ideas to projects.",No PPO Mentioned,Internshala
python,robotics,discover technologies,"Thane, Mira Bhayandar","₹ 6,000 - 20,000 /month",6 Months,"python, ms-powerpoint, robotics, arduino, internet of things (iot), english proficiency (spoken), english proficiency (written)","1. training kids in robotics and coding.
2. creating and maintaining technical documentation.
3. working with the team to manage, optimize, and customize multiple training sessions.
4. visiting schools and centers for robot demos.",Job offer upto ₹ 3LPA post internship,Internshala
python,backend development,empoweru (promorph solutions private limited),"Bokaro Steel City, Dhanbad, Jamshedpur, Ranchi, Ramgarh, Jharkhand","₹ 3,000 - 5,000 /month",3 Months,"python, mongodb, git, node.js, express.js, rest api, computer networks","1. developing applications using node.js and integrating ai/machine learning algorithms.
2. understand project requirements, user interface designs, and user experience goals.
3. integrate with restful apis, firebase for backend web services, third-party libraries, and ad services to fetch and display data within the app.",Job offer upto ₹ 4LPA post internship,Internshala
python,full stack development,cogzin technology,Siliguri,"₹ 8,000 - 12,000 /month",6 Months,"mysql, html, css, javascript, python, mongodb, node.js","are you ready to dive into the world of full stack development with a dynamic tech company? cogzin technology is seeking a talented intern to join our team and gain hands-on experience with cutting-edge technologies. if you are proficient in html, css, javascript, node.js, react, express.js, mongodb, mysql, postgresql, rest api, and python, we want to hear from you!

key responsibilities:
1. collaborate with the development team to create and maintain web applications using the latest technologies.
2. assist in designing and implementing user-friendly interfaces for optimal user experience.
3. participate in code reviews and provide constructive feedback to improve code quality.
4. work on database management tasks, including data modeling and maintenance.
5. develop and integrate restful apis to enhance system functionality.
6. troubleshoot and debug issues to ensure seamless performance of web applications.
7. stay updated on industry trends and best practices to contribute innovative ideas to projects.

join us at cogzin technology and kickstart your career in full stack development! apply now to be part of our innovative team.",Job offer upto ₹ 3.5LPA post internship,Internshala
python,sap cloud developer - trainee - fresher,crossover it consulting services llp,Pondicherry,"₹ 10,000 - 15,000 /month",6 Months,"java, javascript, python, c programming, c++ programming","we are looking for candidates from pondicherry who are interested in pursuing a career in sap and seeking job opportunities after completing the internship.



1. collaborating with senior developers to learn, design and implement sap cloud solutions.
2. writing clean, efficient, and maintainable code in various programming languages.
3. participating in code reviews and providing constructive feedback to improve code quality.
4. troubleshooting and debugging issues in existing applications to ensure optimal performance.
5. assisting in the integration of sap cloud applications with other systems.
6. keeping up-to-date with the latest trends and best practices in sap cloud development.
7. contributing to a positive and collaborative team environment.",No PPO Mentioned,Internshala
python,software development,quicket solutions,Gurgaon,"₹ 15,000 - 30,000 /month",6 Months,"java, mysql, html, css, javascript, python, .net","job title: technical intern (1-year internship)- walking face to face interview

duration: 12 months
location: gurugram
employment type: full-time internship
about the internship
we are looking for enthusiastic and motivated technical interns to join our engineering team for a one-year internship program. this internship offers hands-on experience in software development, testing, cloud technologies, data management, and emerging technologies while working on real-world projects under the guidance of experienced professionals.
eligibility
applicants must be pursuing or have completed one of the following:
b.tech (computer science, information technology, electronics, or related disciplines)
m.tech (computer science, information technology, or related disciplines)
mca (master of computer applications)
key responsibilities
assist in designing, developing, testing, and maintaining software applications.
write clean, efficient, and well-documented code.
participate in code reviews and debugging activities.
collaborate with cross-functional teams to deliver project milestones.
support application testing, deployment, and maintenance.
learn and work with modern development tools, frameworks, and cloud platforms.
prepare technical documentation and reports as required.
follow coding standards, security guidelines, and development best practices.
required skills
basic knowledge of programming languages such as java, python, c++, or javascript.
understanding of object-oriented programming concepts.
familiarity with sql and relational databases.
basic understanding of web technologies (html, css, javascript).
knowledge of software development lifecycle (sdlc).
good analytical and problem-solving skills.
strong communication and teamwork abilities.
willingness to learn new technologies and adapt to a fast-paced environment.

what you'll gain
hands-on experience on live projects.
mentorship from experienced technology professionals.
exposure to modern software development practices.
opportunity to enhance technical and professional skills.
certificate of internship upon successful completion.
potential opportunity for full-time employment based on performance and business requirements.",No PPO Mentioned,Internshala
python,cyber security,amrata,Work from home,"₹ 8,500 - 15,000 /month",3 Months,"python, computer networking, linux, ethical hacking, vapt, web application security","are you a tech-savvy individual with a passion for cyber security? look no further! join our team at amrata as a cyber security intern and gain hands-on experience in the field. as an intern, you will have the opportunity to work with cutting-edge technologies and collaborate with experienced professionals. 



1. conduct security assessments and vulnerability testing.
2. implement security measures to protect the company's network and systems.
3. assist in the development of security protocols and policies.
4. monitor and analyze security incidents to prevent future breaches.
5. work on penetration testing and ethical hacking projects.
6. provide support in web application security testing.
7. collaborate with the team to ensure compliance with industry standards and regulations.

if you know python, computer networking, linux, ethical hacking, vapt, and web application security, this internship is perfect for you. take the next step in your cyber security career with amrata! apply now and be part of a dynamic team dedicated to protecting our company's digital assets.",No PPO Mentioned,Internshala
python,embedded systems,baby dino,Work from home,"₹ 1,000 - 5,000 /month",3 Months,"python, arm microcontroller, raspberry pi, embedded systems, arduino, circuit design, c programming","1. create physical ai based iot products 
2. design circuit systems
3. execute the design",No PPO Mentioned,Internshala
python,robotics,3infotechsolution,Work from home,"₹ 20,000 - 25,000 /month",6 Months,python,"as a robotics intern at 3infotechsolution, you will have the opportunity to work with cutting-edge technology and gain hands-on experience in the field of robotics. we are looking for a talented individual who is proficient in python and passionate about robotics. 



1. assist in developing and testing robotic systems using the python programming language.
2. collaborate with our team of engineers to design, build, and integrate robotic systems.
3. research the latest advancements in robotics technology and provide recommendations for implementation.
4. troubleshoot and debug code to ensure the smooth operation of robotic systems.
5. participate in brainstorming sessions to generate innovative ideas for improving robotic functionalities.
6. assist in documenting the development process and writing technical reports.
7. engage in continuous learning and skill development to stay up-to-date with industry trends. 

if you are a motivated individual with a strong technical background and a passion for robotics, we want to hear from you. join us at 3infotechsolution and be a part of our exciting journey towards revolutionizing the robotics industry.",No PPO Mentioned,Internshala
python,product management,ridvig technologies,Work from home,"₹ 7,500 /month",1 Month,"php, mysql, css, python, data analytics, logical reasoning, node.js","profile: product management intern (ai, research & growth)
about ridvig
ridvig is a service-based company that helps clients solve real business problems through smart execution. we're a lean, fast-moving team — no bureaucracy, no layers, just meaningful work delivered well. because we're small, everyone here wears multiple hats and gets exposure to how a business actually runs: clients, operations, research, content, and increasingly, ai-driven workflows. we believe ai is changing how service businesses operate, and we want people who are excited to be at the front of that shift.
about the role
this is a hands-on generalist role working directly with the founder. you won't be limited to one narrow function — you'll do research, content, ai experimentation, and real execution across the business. if you're an aspiring product manager or founder yourself, this is the closest you'll get to seeing how things actually work from the inside, before you build your own thing.
what you'll do

conduct deep research on markets, competitors, and clients — and turn findings into clear, structured summaries and recommendations
write and edit content: documents, proposals, social posts, and internal playbooks
experiment with ai tools (llms, agents, automation platforms) to make our work faster and better — and document what works
own tasks end-to-end across operations and client projects: coordination, follow-ups, and execution that doesn't need chasing
work directly with the founder on new initiatives and see decisions being made in real time

who should apply

you're sharp, disciplined, and dependable — deadlines mean something to you, and things assigned to you get done
you're curious by default: when you hit something you don't know, you figure it out first and ask smart questions after
you use ai tools daily and can show at least one thing you've built, automated, or seriously experimented with
you write clearly in english — structured thinking shows in structured writing
bonus: you can code (python/js) or use no-code tools like zapier, make, or n8n

what you'll get

direct mentorship from the founder — learn how a real business finds clients, delivers work, and grows
genuine ownership from day one, not shadow work or coffee runs
a clear growth path: we invest seriously in people who invest in us, with strong potential for a full-time role for the right person
certificate, letter of recommendation, and a flexible working style for consistent performers",No PPO Mentioned,Internshala
python,full stack development,metnmat research,Mumbai,"₹ 10,000 - 10,001 /month",6 Months,"python, mongodb, node.js, postgresql, react, vector dynamics, next.js","1. develop and ship features for live products, including control tower dashboards, fleet telematics, analytics reports, and whatsapp bot workflows.
2. build responsive dashboards and internal tools using react, next.js, and tailwind css.
3. design and develop rest apis using node.js and manage data with mongodb.
4. integrate third-party services such as whatsapp business api, gps and telematics platforms, payment gateways, and erp systems.
5. develop ai-powered solutions using prompt engineering, retrieval-augmented generation (rag), vector databases, and natural language-to-sql systems.
6. write python scripts for data processing, automation, testing, and web scraping using playwright.
7. collaborate closely with the core team to deliver production-ready features in an agile environment.",No PPO Mentioned,Internshala
python,software development,queens of change foundation,Work from home,Unpaid,1 Month,"java, mysql, html, css, javascript, python, .net","are you a tech-savvy individual with a passion for creating innovative software solutions? queens of change foundation is seeking a talented software development intern to join our dynamic team. if you have a strong foundation in java, html, and software testing, this internship is perfect for you!



1. collaborate with senior developers to design and implement software solutions.
2. develop and maintain high-quality code in java and html for various projects.
3. conduct thorough software testing to ensure functionality and performance.
4. assist in troubleshooting and debugging software issues as needed.
5. participate in team meetings and contribute ideas for process improvement.
6. stay up-to-date on industry trends and technologies to enhance skills.
7. support the overall goals of the foundation through your software development expertise.

join us at queens of change foundation and gain valuable hands-on experience in the software development field. apply now and take your career to the next level!",Job offer post internship,Internshala
python,information technology,citius communications private limited,Mumbai,"₹ 15,000 /month",6 Months,"java, python, computer networking, internet of things (iot)","1. technical project management
2. conduct market and technology research
3. prepare reports, presentations, and documentation",No PPO Mentioned,Internshala
python,technical content writer,tutorialforgeeks,Work from home,"₹ 2,000 /month",2 Months,"java, python, algorithms, data structures, c programming, c++ programming","are you a tech-savvy individual with a passion for writing and a strong background in c programming, c++ programming, java, python, algorithms, and data structures? look no further! tutorialforgeeks is seeking a talented technical content writer intern to join our dynamic team.



1. create clear and engaging technical content for our website and blog.
2. research and stay up-to-date on the latest trends and advancements in the tech industry.
3. collaborate with the team to develop high-quality tutorials, guides, and articles.
4. help in editing and proofreading technical content to ensure accuracy and clarity.
5. assist in creating code snippets, examples, and demos to accompany written content.
6. participate in brainstorming sessions to generate new ideas for content.
7. contribute to the overall success and growth of tutorialforgeeks through your creativity and technical expertise.

if you are a self-motivated individual with excellent communication skills and a strong understanding of programming languages and concepts, then we want to hear from you! this is an exciting opportunity to gain hands-on experience in technical writing and make a meaningful impact in the tech community. apply now and take the first step towards a rewarding career in tech content creation!",No PPO Mentioned,Internshala
python,full stack development,adiyog technologies,Nagpur,"₹ 3,000 - 5,000 /month",6 Months,"php, mysql, html, css, javascript, python, mongodb","1. project lifecycle ownership: take full ownership of allotted projects, transitioning from initial briefing to final delivery with a focus on high-quality outcomes.
2. applied practical mastery: engage in hands-on practice, applying theoretical knowledge directly to project tasks to develop tangible technical and operational expertise.
3. continuous learning & capability development: maintain an unwavering focus on personal and professional development, actively seeking to bridge knowledge gaps and master new skill sets throughout the internship.
4. operational accountability & reporting: maintain a meticulous daily work log to track progress, document key learnings, and ensure transparency, fostering a disciplined habit of professional self-reflection.",No PPO Mentioned,Internshala
python,cyber security,qubixo,Work from home,"₹ 10,000 - 20,000 /month",3 Months,"python, computer networking, linux, ethical hacking, vapt, web application security","as a cybersecurity intern at qubixo, you will have the opportunity to work on cutting-edge projects and gain valuable hands-on experience in the field. your expertise in python, computer networking, ethical hacking, vapt, web application security, and linux will be put to the test as you work alongside our team of experienced professionals.



1. conduct security assessments and penetration testing to identify vulnerabilities in our systems.
2. develop and implement security measures to protect our network and data from cyber threats.
3. collaborate with the it team to ensure that security best practices are being followed.
4. monitor and analyze security logs to detect and respond to security incidents.
5. stay up-to-date on the latest cybersecurity trends and technologies.
6. assist in the development of security policies and procedures.
7. participate in security training and awareness programs to educate employees about cybersecurity best practices.

if you are passionate about cyber security and eager to learn, then this internship is the perfect opportunity for you to kickstart your career in this fast-growing field. apply now and join us in our mission to secure the digital world!",No PPO Mentioned,Internshala
python,software development,she can foundation,Work from home,Unpaid,1 Month,"java, mysql, html, css, javascript, python, .net","as a software development intern at she can foundation, you will have the opportunity to work on a variety of projects that make a positive impact on women's empowerment. with your strong knowledge of java, mysql, html, css, javascript, python, .net, node.js, c++ programming, react, and expertise in the software development life cycle, software testing, troubleshooting, project management, product development, product strategy, product lifecycle management, product management, product marketing, and production planning, you will contribute to the success of our organization. 



1. collaborate with the development team to design and implement software solutions using various programming languages and technologies.
2. assist in testing and debugging software applications to ensure high quality and performance.
3. support project management activities, including planning, scheduling, and tracking progress.
4. contribute to product development by providing innovative ideas and solutions.
5. work closely with product management and marketing teams to understand customer needs and market trends.
6. assist in production planning and optimization to ensure efficient operations.
7. contribute to the overall success of the organization through your technical expertise and dedication to our mission of empowering women.",Job offer post internship,Internshala
python,software development,tempzsoft,Bhubaneswar,"₹ 2,000 - 5,000 /month",2 Months,"mysql, html, css, javascript, python, .net, node.js","about the company:
we are committed to fostering a learning environment where interns can gain practical experience and contribute to real-world projects.
responsibilities:
assist in the design, development, and testing of software applications.
collaborate with senior developers to understand project requirements and contribute to technical solutions.
write clean, maintainable, and efficient code.
participate in code reviews and contribute to team discussions.
troubleshoot and debug issues as they arise.
learn and apply new technologies and development methodologies.
requirements:
currently pursuing a final-year or pre-final-year degree in computer science, software engineering, or a related field.
strong problem-solving skills and a passion for software development.
familiarity with at least one programming language (e.g., python, react js., node js., php).
basic understanding of software development principles and data structures.
ability to work independently and as part of a team.
excellent communication and interpersonal skills.
no prior professional experience required, but personal projects or academic experience is a plus.",No PPO Mentioned,Internshala
python,python development,queens of change foundation,Work from home,Unpaid,1 Month,python,"are you a python development enthusiast looking to make a difference in the world? queens of change foundation is seeking a dynamic and talented python development intern to join our team. as an intern, you will have the opportunity to work on meaningful projects that contribute to empowering women and creating positive change in our communities. 



1. develop and maintain python applications to support our foundation's initiatives
2. collaborate with team members to design and implement new features and functionalities
3. assist in troubleshooting and resolving technical issues 
4. optimize application performance and enhance user experience
5. write clean, efficient, and maintainable code 
6. stay up-to-date on the latest technologies and best practices in python development
7. contribute ideas and insights to help us innovate and grow as an organization

if you are passionate about using your python and html skills to drive social impact, join us at queens of change foundation and be a part of our mission to create a more inclusive and equitable world. apply now and be a catalyst for positive change!",Job offer post internship,Internshala
python,full stack development,prashant saxena,Work from home,"₹ 15,000 - 20,000 /month",6 Months,"html, css, python, node.js, react, generative ai development, generative ai tools","build the decision layer for the world's supply chains.

every fortune 500 supply chain generates hundreds of alerts each day, including shipment delays, supplier disruptions, and sudden demand spikes. today, resolving these issues often requires hours of manual coordination across multiple systems. destila is building an ai-powered decision intelligence platform that closes this gap by analyzing disruptions, reasoning across enterprise data, and writing actionable decisions directly back into erp systems.

as one of the early engineering interns, you will work closely with the founding team to build a product that is already being deployed with enterprise clients.



1. design and develop scalable cloud infrastructure and full-stack applications for the intelligence platform.
2. build agentic orchestration workflows that enable llms to coordinate deterministic supply chain operations with appropriate safety guardrails.
3. develop real-time data pipelines to ingest, normalize, and process data from multiple enterprise systems.
4. build reliable cross-system workflows that ensure coordinated execution and clean rollback of transactions when required.
5. design solutions to discover, map, and interpret complex enterprise data efficiently.
6. implement guardrails for ai systems, including tool calling, agent memory, planning workflows, and reliable decision-making.
7. collaborate directly with the founding team to build, test, and deploy features for a live enterprise product.",No PPO Mentioned,Internshala
python,electronics & stem mentor,makeon technologies private limited,Chennai,"₹ 5,000 - 7,500 /month","₹ 5,000 - 7,500 /month","python, robotics, raspberry pi, embedded systems, arduino, c programming, c++ programming","1. conduct hands-on stem, electronics, and robotics sessions in partner schools across chennai.
2. guide students while building, testing, and debugging real engineering projects.
3. prepare and manage builder kits before every session.
4. capture student progress, photos, and project portfolios using builderos.
5. participate in weekly mentor training, curriculum reviews, and innovation workshops.
6. support school exhibitions, stem events, and builder challenges.",No PPO Mentioned,Internshala
python,embedded systems,ubiqedge technology pvt ltd,Mumbai,"₹ 12,000 - 15,000 /month",6 Months,"python, arm microcontroller, raspberry pi, embedded systems, arduino, circuit design, c programming","develop and test embedded firmware 
interface sensors and peripherals with microcontrollers 
debug hardware and firmware issues 
assist in pcb testing and prototype validation 
write clean and maintainable c or python code 
create simple python scripts for testing or automation 
document experiments, code, and test results.",No PPO Mentioned,Internshala
python,computer science (foundations),primetrade.ai,Work from home,"₹ 10,000 - 15,000 /month",3 Months,"python, software testing, algorithms, data structures, git, client interaction, problem solving","1. build small, performant scripts/modules used in internal tools.
2. write clean python code with tests and docs.
3. optimize correctness/performance for edge cases.
4. add logging/metrics for debugging.
5. collaborate via github prs.",No PPO Mentioned,Internshala
python,full stack development,ramyoz,Noida,"₹ 6,000 - 10,000 /month",6 Months,"mysql, html, css, javascript, python, mongodb, angularjs","as a full stack development intern at ramyoz, you will have the exciting opportunity to work with cutting-edge technologies such as mongodb, html, mysql, css, python, angularjs, node.js, react, javascript, and bubble.io. you will be a key member of our dynamic team, contributing to the development of innovative projects and solutions.

key responsibilities:
1. collaborate with the development team to design and implement new features for our web applications.
2. write clean, efficient, and maintainable code using a variety of programming languages and technologies.
3. troubleshoot and debug issues to ensure optimal performance and user experience.
4. participate in code reviews and provide constructive feedback to peers.
5. stay up-to-date with the latest trends and developments in web development to enhance your skills.
6. assist in testing and deploying applications to production environments.
7. contribute to the overall success of the team by actively participating in meetings and sharing ideas for continuous improvement. 

if you are a passionate and motivated individual looking to gain hands-on experience in full stack development, we want to hear from you! join ramyoz and take your career to the next level. apply now!",No PPO Mentioned,Internshala
python,cyber security,cloud back,Work from home,"₹ 10,000 - 20,000 /month",3 Months,"python, computer networking, linux, ethical hacking, vapt, web application security","we are looking for a dynamic cyber security intern to join our team at cloud back company. as an intern, you will have the opportunity to work alongside experienced professionals in a fast-paced and innovative environment. your knowledge of python, computer networking, linux, ethical hacking, vapt, and web application security will be essential in helping us protect our systems and data from potential threats. 

key responsibilities:
1. conduct regular security assessments and penetration testing to identify vulnerabilities in our systems
2. implement and maintain security measures to protect against cyber attacks and data breaches
3. monitor network traffic for suspicious activity and respond to incidents in a timely manner
4. collaborate with it teams to ensure compliance with security policies and best practices
5. develop scripts and tools to automate security tasks and streamline processes
6. assist in educating staff on cybersecurity best practices and awareness
7. stay up-to-date on the latest trends and developments in cyber threats and security technologies

if you are passionate about cybersecurity and eager to gain hands-on experience in a cutting-edge tech company, we want to hear from you. join us in safeguarding our sensitive data and systems from potential risks. apply now to start your exciting journey in the world of cybersecurity.",No PPO Mentioned,Internshala
python,software development engineering (web),hunt digital media,Work from home,"₹ 20,000 /month",6 Months,"php, python, laravel","1. designing and implementing user interfaces (ui) for websites and web applications using html, css, javascript, and laravel blade templates.
2. updating, customizing, and maintaining landing pages, including text, images, and form integrations.
3. managing landing page data flow (e.g., passing lead form data to backend / apis) and ensuring smooth functionality.
4. testing and troubleshooting landing pages across browsers and devices to ensure responsive design and error-free performance.
5. collaborating with the development team to make quick ui/ux improvements and keep project documentation updated.",No PPO Mentioned,Internshala
python,web development,worldotech,Mohali,"₹ 5,000 - 8,000 /month",3 Months,"mysql, javascript, python, mongodb, node.js, express.js, llm evaluation","assist in developing, testing, and maintaining responsive websites and web applications.

write clean, efficient, and well-documented code using html, css, javascript, and other web technologies.

collaborate with the development team to implement new features and improve existing functionality.

identify, troubleshoot, and resolve website bugs and performance issues.

ensure websites are optimized for speed, responsiveness, and cross-browser compatibility.

work with apis and assist in integrating third-party services when required.
support the maintenance and updating of company websites and web portals.
participate in code reviews and incorporate feedback to improve coding practices.
follow project timelines and complete assigned tasks within deadlines.
stay updated with the latest web development trends, tools, and best practices.
coordinate with designers and other team members to deliver user-friendly web solutions.
maintain proper documentation of development tasks and project progress.",Job offer upto ₹ 3.5LPA post internship,Internshala
python,full stack development,fitbae healthcare private limited,Work from home,"₹ 6,500 - 7,500 /month",4 Months,"html, python, problem solving","this internship offers real exposure to full stack development tasks.

interns will assist in working on frontend and backend tasks under guidance. the focus is on learning through practical project work.

suitable for students who have basic coding knowledge.

responsibilities:

1. assist in frontend and backend tasks
2. work on project features
3. fix bugs and improve code",No PPO Mentioned,Internshala
python,backend development,abhyaasiit educational institute,Work from home,"₹ 9,000 - 10,000 /month",6 Months,"python, sql, algorithms, django, postgresql, http, github","we are seeking a passionate backend developer intern to join our engineering team and contribute to building scalable, secure, and high-performance backend systems for our ai-powered edtech platform. as an intern, you'll work on real-world projects involving rest apis, databases, cloud infrastructure, and distributed applications while collaborating closely with frontend developers, ai engineers, and product teams.
this internship is ideal for students who enjoy problem-solving, system architecture, and building robust server-side applications. you'll gain hands-on experience with modern backend technologies and industry best practices.

 

1. develop and maintain backend services using django and django rest framework
2. design, build, and optimize rest apis for mobile and web applications.
3. work with postgresql databases, write optimized sql queries, and manage database schemas.
4. understand and implement client-server architecture, authentication, and authorization.
5. integrate third-party apis and cloud services when required.
6. deploy, monitor, and maintain applications on aws and google cloud platform (gcp).
7. use git & github for version control and collaborative development.
8. write clean, maintainable, and well-documented backend code.
9. debug, troubleshoot, and optimize application performance.
10. participate in code reviews, technical discussions, and agile development practices.
11. learn and apply system design principles, scalable architecture, and backend best practices.",No PPO Mentioned,Internshala
python,software development,basti ki pathshala foundation,Work from home,Unpaid,1 Month,"java, mysql, html, css, javascript, python, .net","are you a passionate software development intern looking to make a difference in the education sector? basti ki pathshala foundation is seeking a talented individual to join our team and help us in our mission to provide quality education to underprivileged children. as an intern, you will have the opportunity to work on various projects and gain hands-on experience in software development.



1. assist in the design and development of software applications for educational purposes.
2. collaborate with the development team to implement new features and functionalities.
3. conduct software testing to ensure the quality and reliability of the applications.
4. participate in the software development life cycle (sdlc) from planning to deployment.
5. troubleshoot and debug issues to improve the performance of the software.
6. document technical specifications and provide support to end-users.
7. stay updated on the latest trends and technologies in software development. 

if you are a proactive and dedicated individual with a strong understanding of sdlc and software testing, we want to hear from you! join us in making a positive impact on the lives of children through technology. apply now and be a part of something meaningful!",Job offer post internship,Internshala
python,full stack development,sankalptaru foundation,Dehradun,"₹ 15,000 - 20,000 /month",2 Months,"php, html, python, node.js, react","join us at sankalptaru foundation as a full stack development intern and unleash your potential in creating innovative solutions that make a difference in the world! we are seeking a talented individual who is proficient in react, node.js, php, python, and html to join our dynamic team. 



1. develop and maintain web applications using react, node.js, php, python, and html.
2. collaborate with cross-functional teams to design and implement new features.
3. optimize applications for maximum speed and scalability.
4. troubleshoot and debug applications to ensure seamless functionality.
5. stay updated on emerging technologies and trends in the industry.
6. assist in testing and deploying applications to production environments.
7. contribute to the overall success of the team by actively participating in team meetings and sharing ideas. 

if you are passionate about using your skills to drive positive change and are eager to learn and grow in a supportive environment, then we want to hear from you! apply now and be part of our mission to create a better world through technology.",No PPO Mentioned,Internshala
python,information technology,unessa foundation,Work from home,Unpaid,1 Month,"java, python, computer networking","are you a tech-savvy individual looking to kickstart your career in information technology? look no further than unessa foundation! we are seeking a dynamic and motivated intern who is proficient in java, python, and computer networking to join our team. as an it intern at unessa foundation, you will have the opportunity to work on exciting projects, gain valuable hands-on experience, and contribute to the success of our organization. 

key responsibilities:
1. develop and maintain software applications using java and python.
2. assist with troubleshooting and resolving technical issues related to computer networking.
3. collaborate with team members to design and implement it solutions.
4. conduct research on emerging technologies and recommend innovative solutions.
5. provide technical support to internal staff and external stakeholders.
6. assist with system upgrades, installations, and configurations.
7. participate in training sessions and workshops to enhance your skills and knowledge in it. 

if you are passionate about technology and eager to learn, then this internship opportunity is perfect for you. join us at unessa foundation and take the first step towards a rewarding career in information technology!",No PPO Mentioned,Internshala
python,full stack development,adex media hub,Pune,"₹ 5,000 - 10,000 /month",3 Months,"php, mysql, html, css, javascript, python","develop and maintain web applications.
build responsive and user-friendly front-end interfaces.
develop secure and efficient back-end systems.
design and manage databases.
integrate apis and third-party services.
test, debug, and fix application issues.
optimize application performance and security.
collaborate with designers and other developers.
maintain code quality using version control (git).
deploy and update applications on servers or cloud platforms.",No PPO Mentioned,Internshala
python,growth marketing (tech/ed-tech),cohortlab,Work from home,"₹ 1,000 - 5,000 /month",3 Months,"social media marketing, python, algorithms, data structures, c programming, effective communication","1. translate complex technical concepts (python, dsa, algorithms) into highly engaging linkedin carousels, text posts, and insights.
2. design and schedule weekly content to scale the reach of the cohortlab linkedin page.
3. identify and engage with high-intent learners and competitive coding groups online.",No PPO Mentioned,Internshala
python,robotics,fx31 labs,Ahmedabad,"₹ 5,000 /month",6 Months,"python, robotics, c++ programming","a. design and build

1. assemble and integrate motors, escs, sensors, flight controllers, microcontrollers, and communication modules.
2. design and prototype electronic systems for rapid testing and development.
3. assist with mechanical assembly, wiring, and hardware integration of robotic platforms.

b. embedded systems and control

1. develop python and c/c++ software for sensor integration, control systems, and autonomous behaviours.
2. interface with hardware components and wireless communication protocols.
3. implement safety mechanisms, telemetry systems, and fault-detection routines.

c. autonomous navigation and perception

1. integrate sensors such as imus, gps, lidar, cameras, depth sensors, and range finders.
2. develop and test localization, navigation, and obstacle-avoidance capabilities.
3. work on computer vision and perception pipelines for environmental awareness.

d. ros 2 and slam

1. implement and optimize slam and localization frameworks using ros 2.
2. work with tools such as cartographer, rtab-map, nav2, and related autonomy stacks.

e. system integration and testing

1. integrate hardware, firmware, and software into fully functional robotic systems.
2. perform debugging, troubleshooting, and validation across electronics, software, and mechanical subsystems.
3. conduct field testing and analyse system performance.

f. rapid prototyping and iteration

1. build, test, evaluate, and refine prototypes through iterative development cycles.
2. contribute innovative ideas to improve system reliability and performance.",No PPO Mentioned,Internshala
python,product qa & operations,dmrocket,Work from home,"₹ 4,000 - 5,000 /month",3 Months,"python, software testing, manual testing, postgresql, react, rest api, quality assurance/quality control (qa/qc)","1. rigorously test python/fast api backend updates, database migrations (postgresql/supabase), and ui components (react/next.js) in the staging environment before production deployments.
2. perform daily manual testing of critical user funnels, specifically ensuring the direct login flow and enterprise checkout process are completely frictionless.
3. test and troubleshoot rest api endpoints using tools like postman to ensure seamless data flow between the fastapi backend and the next.js frontend. triage user-reported issues, document reproducible bugs for the founder, and review automated dm chat logs to identify gaps in ai responses.",No PPO Mentioned,Internshala
python,full stack development,omnidya tech llp,Ahmedabad,"₹ 10,000 - 15,000 /month",6 Months,"php, mysql, css, javascript, python, mongodb, git","1. build responsive web applications using react/next.js and develop scalable backend apis using node.js or python (fastapi).
2. work with postgresql databases, rest apis, aws services, docker, and git while implementing secure and efficient backend solutions.
3. collaborate with ai, backend, and product teams to develop real-time dashboards, device management portals, and production-ready features.",No PPO Mentioned,Internshala
python,full stack development,rugas technologies private limited,Bangalore,"₹ 16,000 - 20,000 /month",3 Months,"html, css, javascript, python, linux, mongodb, node.js","1. work on supporting the team in developing specific web and mobile applications.
2. work on the full stack of a web application from the front end to the database layer
3. support the integration of software in the target environment
4. assist in solving some critical and exciting problems in the domain",Job offer upto ₹ 5LPA post internship,Internshala
python,full stack development,idea usher,Work from home,"₹ 10,000 - 12,000 /month",6 Months,"php, mysql, html, css, javascript, python, mongodb","1. collaborate with the development team to design and develop user-friendly web applications using reactjs, node.js, and angular.js
2. create and implement efficient back-end solutions using python, mysql, mongodb, and php to ensure seamless integration with front-end applications
3. write clean and maintainable code while adhering to best coding practices and industry standards
4. conduct thorough testing and debugging to identify and resolve any issues or bugs in the application
5. assist in the deployment and maintenance of web applications on various hosting platforms
6. stay updated with the latest trends and advancements in web development technologies to suggest innovative solutions
7. collaborate with cross-functional teams to effectively contribute to the overall development process and deliver exceptional results",No PPO Mentioned,Internshala
python,developer of automation tools,jaishil sulphur and chemical industries,Mumbai,"₹ 3,000 - 5,000 /month",2 Months,"python, json","1. collaborating with our team to develop and implement automation tools using python and json.
2. analyzing and troubleshooting existing automation processes to enhance efficiency and effectiveness.
3. writing clean, maintainable code to support automation initiatives across various departments.
4. testing and debugging automation scripts to ensure optimal performance and reliability.
5. assisting in the design and implementation of new automation solutions to streamline workflows.
6. providing support and training to end-users on utilizing automation tools effectively.
7. staying current on industry trends and best practices in automation development to contribute innovative ideas to the team.",No PPO Mentioned,Internshala
python,full stack development,"hitanshu sethi (sydney, australia)",Work from home,"₹ 35,000 /month",3 Months,"python, mongodb, react, bubble.io","are you a skilled full stack development intern with expertise in python, react, and mongodb? hitanshu sethi's company is looking for a talented individual like you to join our team! as an intern, you will have the opportunity to work on exciting projects and gain valuable hands-on experience in a fast-paced environment. 



1. develop and maintain web applications using python and react
2. design and implement database solutions using mongodb
3. collaborate with team members to troubleshoot and resolve technical issues
4. write clean, efficient, and scalable code
5. stay updated on the latest technologies and trends in web development
6. assist in testing and debugging applications
7. contribute to the overall success of the development team 

if you are passionate about full stack development and eager to learn and grow, apply now to be a part of our dynamic team!",No PPO Mentioned,Internshala
python,full stack development,tensorblue,Work from home,"₹ 10,000 - 15,000 /month",6 Months,"javascript, python, mongodb, node.js, react, swift, react native","1. develop backend and webapps. end to end responsibilties. perfect for students looking to learn fast. 
2. mobile app development using react native and fulling native libraries.
3. desktop app development using electron.",No PPO Mentioned,Internshala
python,electronics engineering,nexaora,Work from home,"₹ 26,000 - 28,000 /month",6 Months,"python, arm microcontroller, raspberry pi, embedded systems, arduino, circuit design, c programming","as an electronics engineering intern at after passout private limited, you will have the opportunity to work on cutting-edge projects in the field of iot and embedded systems. with your expertise in python, arm microcontroller, raspberry pi, arduino, circuit design, c programming, pcb design, c++ programming, and iot, you will play a crucial role in developing innovative solutions for our clients. 



1. collaborate with the team to design and implement electronics systems using various hardware and software tools.
2. develop and test code for embedded systems, ensuring reliability and efficiency.
3. contribute to pcb design and manufacturing processes for prototype development.
4. assist in troubleshooting and debugging issues in hardware and software components.
5. research emerging technologies and trends in the electronics industry to propose new ideas for projects.
6. participate in team meetings and communicate progress on assigned tasks.
7. take ownership of assigned projects and deliver high-quality results within specified deadlines. 

if you are passionate about electronics engineering and eager to gain hands-on experience in a dynamic work environment, this internship is the perfect opportunity for you to grow and thrive. join us at after passout and make a meaningful impact with your skills and knowledge.",Job offer upto ₹ 8LPA post internship,Internshala
python,quantum computing research,raivata bionex private limited,Work from home,"₹ 2,001 - 3,000 /month",6 Months,"python, statistics, research and analytics, linear algebra, probability","are you passionate about quantum computing and eager to gain hands-on experience in a cutting-edge research environment? look no further! join raivata bionex private limited as a quantum computing research intern and take your skills to the next level. prefer students from great college and cgpa



1. work alongside our team of experts to develop and implement quantum algorithms using python.
2. utilize your knowledge of linear algebra to analyze and optimize quantum circuits.
3. apply principles of probability and statistics to evaluate the performance of quantum computing systems.
4. collaborate with peers to conduct experiments and collect data for analysis.
5. assist in the design and execution of research projects aimed at advancing quantum computing technology.
6. present findings to the team and contribute to the development of research publications.
7. stay updated on the latest advancements in the field of quantum computing and contribute innovative ideas to our projects. 

if you are a motivated individual with a strong foundation in python, linear algebra, probability, and statistics, we want to hear from you. don't miss this exciting opportunity to make an impact in the world of quantum computing with raivata bionex private limited. apply now!",No PPO Mentioned,Internshala
python,electronic & communication engineering associate,megaminds it services,Work from home,"₹ 2,000 - 8,000 /month",6 Months,"matlab, python, raspberry pi, arduino, simulink, c++ programming, internet of things (iot)","1. work with microcontrollers like arduino, stm32, esp32, raspberry pi
2. develop embedded software using c/c++ or python
3. design and implement iot-based systems
4. interface sensors, actuators, and communication modules
5. debug hardware and software issues in real-time systems
6. assist in pcb design and circuit development (optional but preferred)
7. work on rf communication and wireless systems (hfss, ads, qucs)
8. collaborate on simulation tools like matlab/simulink",No PPO Mentioned,Internshala
python,python development (night shift | wfh),saasbanana technologies,Work from home,"₹ 8,000 - 10,000 /month",6 Months,"python, sql, flask","we are looking for a highly motivated 'python development intern' who will work on live production projects, provide night-time technical support, and actively contribute to feature development and bug fixes. 

 

1. developing, debugging, and enhancing python-based microservices
2. working with frameworks such as django and flask
3. providing night shift support for live/production projects (issue monitoring, bug fixes, log analysis)
4. working with postgresql databases for data storage and optimization
5. building, testing, and maintaining rest apis
6. supporting existing applications and fixing real-time production issues
7. collaborating with the core development team remotely",Job offer upto ₹ 4LPA post internship,Internshala
python,full stack development,"magiquegift (vancouver, canada)",Work from home,"₹ 10,000 - 15,000 /month",1 Month,"php, mysql, html, css, javascript, python, mongodb","1. assisted in developing and maintaining responsive web applications using frontend and backend technologies.
2. built and integrated restful apis to enable seamless communication between the frontend and backend.
3. worked with databases to create, update, and retrieve data while ensuring data integrity and efficiency
4. participated in code reviews, version control using git, and agile team meetings to support software development projects.",No PPO Mentioned,Internshala
python,software development,oblytech india private limited,Work from home,"₹ 10,000 /month",6 Months,"mysql, html, python, artificial intelligence markup language (aiml)","are you a tech-savvy individual with a passion for software development? look no further!  is seeking a talented software development intern to join our dynamic team. if you have a strong knowledge of python, html, mysql, and artificial intelligence markup language (aiml), we want to hear from you!

key responsibilities:
1. collaborate with our experienced developers to design and implement new software features
2. write clean, efficient, and well-documented code to enhance our existing applications
3. assist in troubleshooting and debugging software issues to ensure smooth functionality
4. conduct research on emerging technologies and trends in the software development industry
5. participate in code reviews and offer constructive feedback to improve code quality
6. develop and maintain databases to support our software applications
7. contribute to the development of ai-driven solutions to enhance user experience

if you are a proactive problem-solver with a strong work ethic and a desire to learn and grow in a fast-paced environment, apply now to kickstart your career in software development with oblytech!",No PPO Mentioned,Internshala
python,software development,apex i soft technologies private limited,Bangalore,"₹ 15,000 - 25,000 /month",3 Months,"java, mysql, html, css, javascript, python, .net","are you a dynamic software development intern with a passion for java, mysql, node.js, html, css, javascript, python, .net, c++ programming, and react? join our team at apex i soft technologies private limited and gain hands-on experience in cutting-edge technologies. 

key responsibilities:

1. collaborate with senior developers to design, develop, and test software solutions.
2. write clean, efficient, and maintainable code in various programming languages.
3. assist in troubleshooting and debugging software applications.
4. participate in code reviews and provide constructive feedback.
5. research and implement new technologies to enhance product functionality.
6. work on projects from concept to completion, contributing innovative ideas along the way.
7. support the team in meeting project deadlines and delivering high-quality software products.

if you are eager to learn, collaborate with talented professionals, and make a real impact in the tech industry, apply now for this exciting opportunity!",Job offer upto ₹ 6LPA post internship,Internshala
python,quality analyst,signzy,Bangalore,"₹ 20,000 - 25,000 /month",3 Months,"python, node.js, postman, apis","1. read all the documents and understand what needs to be tested.
2. decide how it is to be tested based on the information procured in the above step.
3. develop test cases and test scenarios.
4. execute all the test cases and report defects.
5. carry out regression testing whenever changes are made to the code to fix defects.
6. analyze the test results and then submit their observations.",No PPO Mentioned,Internshala
python,full stack development,seed studio llp,"Lucknow, Bangalore","₹ 8,000 - 10,000 /month","₹ 8,000 - 10,000 /month","php, mysql, html, css, javascript, python, angularjs","as a web development intern, you will build modern, high-performing websites and web applications that deliver exceptional user experiences. you will collaborate with designers and developers to transform creative concepts into responsive, scalable digital platforms while gaining hands-on experience working on real client projects across various industries.



1. develop, design, and maintain modern websites and web applications.
2. build responsive, scalable, and user-friendly digital platforms.
3. monitor, maintain, and update client websites to ensure optimal performance.
4. optimize website speed, performance, responsiveness, and scalability.
5. convert ui/ux wireframes into clean, efficient, and maintainable code.
6. collaborate with the creative director and design team to bring creative concepts to life.
7. integrate front-end interfaces with back-end systems and apis.
8. implement seo best practices, manage website updates, and perform regular maintenance.
9. test websites across devices and browsers to ensure seamless functionality and user experience.",No PPO Mentioned,Internshala
python,e-commerce operations,mhlondon,Noida,"₹ 15,000 - 18,000 /month",4 Months,"ms-office, python, advanced excel, english proficiency (spoken), english proficiency (written), power bi","mh london is hiring for the role of e-commerce operations analyst intern.



1. assist in order processing & fulfillment to ensure timely delivery to customers.
2. work on tracking and reporting sales to monitor order volumes and revenue.
3. maintain inventory, order, in-production, and in-transit reports to keep track of order status.
4. work on catalog management and listing to ensure products are properly displayed on the website.
5. execute short and long-term fulfillment of operational strategies to optimize order processing efficiency.
6. fulfill daily operational priorities to maximize the customer experience during the order fulfillment process.
7. manage communication with the operations team for various portals to ensure smooth order processing.
8. assist in the complete life cycle of the product from product design to final customer delivery, including processing returns.

note: the role consists about 70% operational work and 30% of data analysis.",Job offer upto ₹ 4.2LPA post internship,Internshala
python,python/django & react engineering,the agency source,"Delhi, South","₹ 10,000 /month",6 Months,"mysql, python, django, react, flask, elasticsearch","1. re-architect our python codebase
2. optimize queries and code
3. work on becoming as skilled as a senior software architect
4. work directly under senior developers and get trained on production level code
5. interact with production servers",Job offer upto ₹ 4LPA post internship,Internshala
python,web and app developer,rrr,Work from home,"₹ 4,000 - 6,500 /month",2 Months,"java, javascript, python, node.js, json, frontend development, flutter","are you a tech-savvy individual with a passion for web and app development? look no further! join our team at rrr as a web and app developer intern.



1. collaborate with the development team to create user-friendly interfaces
2. utilize your knowledge of frontend and backend development to design and implement innovative solutions
3. work with technologies such as node.js, python, java, flutter, react native, rest api, json, and javascript to enhance user experience.
4. assist in the optimization of websites and applications for speed and efficiency
5. stay up-to-date on the latest trends and advancements in web and app development
6. take on additional tasks and projects as assigned by the team lead

if you are eager to learn, collaborate with a dynamic team, and gain hands-on experience in a fast-paced environment, apply now to become our next web and app developer intern!",No PPO Mentioned,Internshala
python,full stack development,hinisys software,"Chennai, Tamil Nadu","₹ 6,000 - 8,000 /month",1 Month,"mysql, css, python, mongodb","are you a tech-savvy individual with a passion for full stack development? hinisys software is seeking a talented intern to join our dynamic team. as a full stack development intern, you will have the opportunity to work with cutting-edge technologies such as mysql, css, python, and mongodb. 

key responsibilities:
1. participate in the design and development of web applications using mysql, css, python, and mongodb.
2. collaborate with team members to brainstorm and implement innovative solutions.
3. debug and troubleshoot issues to ensure optimal performance of applications.
4. assist in the implementation of new features and functionality.
5. conduct research to stay up-to-date with the latest trends and technologies in full stack development.
6. take ownership of assigned projects and deliver high-quality results within established timelines.
7. communicate effectively with team members and contribute to a positive work environment.

join us at hinisys software and gain valuable hands-on experience in full stack development. don't miss out on this exciting opportunity to kickstart your career in the tech industry!",No PPO Mentioned,Internshala
python,automation testing,instaweb labs private limited,Mumbai,"₹ 10,000 - 15,000 /month",6 Months,"javascript, python, selenium, software testing, appium","1. write and execute manual test cases based on product requirements
2. perform functional, ui, regression, and cross-browser testing
3. create and run basic automation scripts using selenium
4. identify and report bugs clearly using tools like jira
5. collaborate with developers to reproduce and resolve issues
6. maintain test reports and documentation throughout the test cycle
7. ensure product quality with a sharp eye for detail and consistent testing",No PPO Mentioned,Internshala
python,qa testing,meetstream ai,Work from home,"₹ 10,000 - 40,000 /month",6 Months,"python, selenium, node.js, github","design, develop, and execute automated test scripts using selenium and related frameworks
perform manual testing including functional, regression, smoke, and exploratory testing
analyze requirements and translate them into comprehensive test plans, test cases, and test scenarios
collaborate closely with developers, product managers, and devops teams to ensure high-quality releases
identify, document, track, and verify defects using defect tracking tools
participate in ci/cd pipelines, ensuring automated tests are integrated and executed effectively
write, review, and validate unit tests in collaboration with developers
ensure adherence to qa best practices, standards, and processes
conduct api, database, and cross-browser testing as needed
continuously improve test automation frameworks and testing strategies",No PPO Mentioned,Internshala
python,backend development,institute of digital risk,Work from home,"₹ 15,000 - 20,000 /month",2 Months,"cloud computing, python, node.js, postgresql, docker, rest api, flask","as a backend development intern at institute of digital risk, you will work on design, build, secure, and support a production-ready web application. the role combines backend development, cloud deployment, database management, and application security. the ideal candidate should be comfortable working on apis, infrastructure, secrets management, monitoring, and scalability.

key responsibilities
1. design and maintain backend apis, database connections, and production-ready application workflows.
2. deploy and manage frontend, backend, and database services on cloud platforms.
3. implement secure configuration handling, secret management, authentication, and access control.
4. improve performance, reliability, caching, error handling, and scaling readiness.
5. set up monitoring, logging, backups, and recovery practices.
6. work with docker, environment variables, ci/cd, and deployment automation.
7. review and strengthen application and infrastructure security where needed.
8. design and improve the backend for scalability, performance, and high availability and optimize apis, database queries, and caching for higher traffic.
9. plan and support scaling strategies as user load grows.",No PPO Mentioned,Internshala
python,full stack development,plexmato,Work from home,"₹ 25,000 - 30,000 /month",4 Months,"php, mysql, html, css, javascript, python, mongodb","are you a talented full stack development intern with a passion for creating innovative web solutions? join our team at plexmato and gain hands-on experience working with cutting-edge technologies such as php, mysql, html, css, javascript, python, mongodb, angularjs, node.js, react, and bubble.io. 

key responsibilities:
1. collaborate with our development team to design and implement new features for our web applications
2. write clean, efficient, and maintainable code to enhance the user experience
3. troubleshoot and debug issues to ensure seamless functionality of our platforms
4. conduct thorough testing to identify and fix any bugs or performance issues
5. stay up-to-date with the latest industry trends and technologies to continuously improve our products
6. assist in optimizing website performance and security to provide a secure and efficient user experience
7. contribute to the overall success of our projects by actively participating in team meetings and sharing ideas for improvement. 

if you are a motivated and enthusiastic individual seeking to expand your skills in a dynamic work environment, apply now and take your career to the next level with plexmato!",Job offer upto ₹ 9LPA post internship,Internshala
python,backend development,rivyou,Bangalore,"₹ 15,000 - 20,000 /month",6 Months,"python, mongodb, django, rest api","are you a passionate backend development intern with skills in django, rest api, python, and mongodb? join our team at rivyou and work on cutting-edge projects that will challenge and enhance your skills! as a member of our team, you will have the opportunity to work on exciting projects, collaborate with experienced developers, and contribute to the success of our platform.



1. develop and maintain backend services using django and python
2. design and implement rest apis for seamless communication between frontend and backend systems
3. collaborate with the frontend team to ensure smooth integration of features
4. optimize database queries and performance using mongodb
5. troubleshoot and debug issues to ensure smooth operation of the platform
6. stay up-to-date with the latest technologies and best practices in backend development
7. design and manage a hybrid data layer across postgresql/mysql and mongodb, balancing structured and unstructured review data.
8. work on user authentication, review storage, and personalized feed generation.
9. build async processing pipelines with celery for tasks like notifications, scraping, and content checks.
10. integrate ai/llm-powered features: review sentiment analysis, ai-generated review summaries, fake/spam review detection, and smart feed ranking.
11. contribute to the overall architecture and design of the platform to ensure scalability and efficiency.

if you are a motivated and eager learner looking to kickstart your career in backend development, apply now and join our dynamic team at rivyou!",Job offer upto ₹ 8LPA post internship,Internshala
python,software development,kamal talwar,Kurukshetra,Unpaid,6 Months,"mysql, html, css, javascript, python, node.js, react","location: on-site / office-based training
free assessment: yes — no charges to apply or get assessed
program type: skill-based dual track development program
freshers, beginners, and career switchers — strongly encouraged to apply

are you a fresher or beginner who wants to break into the tech industry but does not know where to start? cyber solvings is not just another online course. we are a complete developer growth system where you learn real skills, build a real portfolio, and get connected to real job opportunities. we do not just give you a certificate. we give you a career path.



1. actively participate in assigned projects and development tasks
2. completing technical evaluations and weekly milestones
3. collaborating with mentors and team members regularly
4. building and submitting real projects for your portfolio
5. attending mentorship sessions and implement feedback
6. communicating progress and challenges clearly with your mentor

selection process:

1. apply on this platform
2. profile screening by our team
3. free skill assessment — no charges
4. discussion round with your assigned mentor
5. track allocation and program onboarding

by the end of this program you will have:

1. a complete github portfolio with real projects
2. hands-on experience in web development, software development, or ai
3. industry-relevant technical skills that companies actually look for
4. a certificate of completion from cybersolvings
5. a mentor who knows your work and can vouch for you",No PPO Mentioned,Internshala
python,full stack development,livnsense,Bangalore,"₹ 10,000 - 15,000 /month",6 Months,"mysql, html, css, javascript, python, bootstrap, mongodb","as a full stack development intern at livnsense, you will have the opportunity to work with a dynamic team of professionals in a fast-paced and innovative environment. you will utilize your expertise in mysql, html, css, javascript, python, react, figma, adobe xd, google sketchup, angularjs, color theory, typography, responsive design, ui & ux design, postgresql, postman, wireframing, and bootstrap to contribute to the development of cutting-edge solutions. 



1. collaborate with team members to design and develop user-friendly interfaces using your knowledge of ui & ux design principles.
2. implement efficient and secure database solutions utilizing mysql and postgresql.
3. conduct usability testing and gather feedback to enhance the overall user experience.
4. create wireframes and prototypes using figma, adobe xd, and google sketchup to visualize project concepts.
5. develop responsive websites and applications using html, css, javascript, and angularjs.
6. communicate effectively with team members and stakeholders to ensure project goals are met.
7. stay up-to-date on industry trends and technologies to continuously improve your skills and contribute to the success of livnsense.",No PPO Mentioned,Internshala
python,mobile app development,humanity founders,Work from home,"₹ 3,000 - 5,000 /month",6 Months,"python, mongodb, node.js, postgresql, problem solving, ui & ux design, express.js","as a react native engineer (ios) intern at humanity founders, you will have the exciting opportunity to work on cutting-edge projects that make a positive impact on society. we are looking for a talented individual who is proficient in ios development, as well as knowledgeable in android, firebase, express.js, flutter, mongodb, nestjs, node.js, postgresql, problem solving, python, react native, redis, redux, rest api, socket.io, ui & ux design, ux research, and figma. 



1. collaborate with the development team to design and implement innovative mobile applications using react native.
2. assist in debugging and troubleshooting issues to ensure seamless user experience on ios devices.
3. conduct research and analysis to improve ui/ux design and enhance user engagement.
4. utilize firebase and other backend technologies to optimize app performance.
5. work on rest api integration and real-time communication using socket.io.
6. participate in code reviews and contribute to the overall improvement of the development process.
7. identify and solve technical challenges to deliver high-quality solutions that align with company goals. 

join us in making a difference by revolutionizing the way technology serves humanity!",Job offer upto ₹ 4LPA post internship,Internshala
python,software development,planys technologies private limited,Chennai,"₹ 12,500 - 15,000 /month",6 Months,"python, linux, data structures, c programming, c++ programming","1. design, modify and maintain various components of our system software framework
2. support in research and development initiatives
3. conceptualize and implement features using robust software engineering principles
4. write software to use/control/tweak embedded hardware platforms e.g. cameras, embedded microcontrollers, input devices, wireless devices, analog/digital signal generating devices
5. develop module specific system test-suite to ensure quality of deliverables
6. conduct extensive testing of the rov in controlled and real-world situations
7. fix the issues observed during field trials and document those for future reference
8. communicate and coordinate with various stakeholders while ensuring adoption of latest frameworks and tools within our software ecosystem",No PPO Mentioned,Internshala
python,product development,anam dhila,Work from home,"₹ 15,001 - 35,000 /month",2 Months,"javascript, python, sql, github, react, apis, claude","1. migrate the current single-file html/javascript app into a clean, structured codebase (react preferred).
2. set up and manage supabase for user authentication, profile storage, and progress sync across devices.
3. integrate the anthropic claude api end-to-end so ai coaching, talkback analysis, and feedback features work reliably for all users.
4. build a lightweight content management layer so lessons, quizzes, and videos can be updated without touching code.
5. fix bugs identified during user testing and implement new features based on founder direction.
6. implement basic analytics to track user engagement, drop-off points, and feature usage.
7. help scope and lay groundwork for a mobile app version.
8. write clean, documented code so the project can be handed over or scaled later.",No PPO Mentioned,Internshala
python,full stack development,techvolt software private limited,"Coimbatore, Erode, Tirunelveli, Nagercoil, Dindigul, Pollachi, Tiruchengode, Kanyakumari, Thanjavur, Namakkal, Theni, Tiruppur, Salem, Tiruchipalli","₹ 5,000 - 7,000 /month",2 Months,"java, php, javascript, python, jsp, mongodb, node.js","1. who is capable in working on both front-end and back-end development
2. developing crm based applications",No PPO Mentioned,Internshala
python,python developer (serverless),across the globe (atg),Work from home,"₹ 2,500 - 8,000 /month",6 Months,"python, django, ms sql server","1. collaborate with the development team to design and implement serverless applications using python
2. optimize code for performance and scalability in serverless environments
3. integrate third-party services and apis to enhance functionality
4. conduct code reviews and provide constructive feedback to team members
5. troubleshoot and debug applications to ensure they meet quality standards
6. stay up-to-date on the latest trends and best practices in serverless architecture
7. assist in deploying and maintaining serverless applications in cloud environments

don't miss this opportunity to kickstart your career in serverless development with atg. apply now and be a part of our dynamic team!",No PPO Mentioned,Internshala
python,full stack development,growthgear,Gurgaon,"₹ 10,000 - 15,000 /month","₹ 10,000 - 15,000 /month","python, node.js, react","role overview

we are looking for a full stack developer intern who can work across both frontend and backend to help us build product features end-to-end.
our frontend is built in react js and our backend stack is primarily python, including langgraph-based ai workflows. this role is ideal for someone who enjoys building polished interfaces as well as working on apis, backend logic, and ai-powered application flows.
you will get hands-on exposure to real product development in a fast-moving startup environment.


what you'll work on

build and improve frontend features using react js
develop backend apis and application logic using python
assist in building and improving langgraph / agent-based workflows
integrate frontend with backend services and ai systems
work on dashboards, chat interfaces, workflow builders, reporting interfaces, and data-driven product experiences
debug issues across the stack and improve performance, stability, and usability
collaborate on product ideas, implementation details, and architecture decisions
write clean, maintainable, production-friendly code
required skills
good hands-on experience with react js
good understanding of javascript, html, and css
good working knowledge of python
understanding of apis, json, client-server architecture, and async workflows
basic understanding of databases and data handling
strong problem-solving ability and willingness to learn fast
ability to work in a startup-style environment with ownership",No PPO Mentioned,Internshala
python,electrical & electronics engineering research associate,megaminds it services,Work from home,"₹ 6,000 - 12,000 /month",6 Months,"matlab, python, simulink","we are looking for a highly motivated eee research intern with a strong interest in academic research, technical writing, and algorithm development in electrical and electronics engineering domains. the intern will work closely with senior researchers on high-impact publications targeted at scopus-indexed journals, sci journals, and ieee conferences.



a. research & technical paper writing:
1. conduct in-depth literature surveys in core eee domains such as power systems, renewable energy, smart grids, iot, control systems, embedded systems, vlsi, and signal processing.
2. assist in writing high-quality research papers suitable for scopus-indexed journals, sci journals, and ieee conferences.
3. structure manuscripts according to standard academic formats (abstract, introduction, methodology, results, conclusion, references).

b. proofreading & technical editing:
1. critically proofread research manuscripts for technical accuracy, clarity, coherence, and logical flow.
2. ensure compliance with ieee/elsevier/springer formatting and referencing standards.
3. improve language quality to meet international journal publication requirements.

c. algorithm & model development:
1. design and develop mathematical models, algorithms, and system architectures for eee research problems.
2. work on simulation and modelling using matlab/simulink, python, pscad, or similar tools.
3. support implementation of optimization techniques, control algorithms, and signal processing models for research validation.

d. research evaluation & analysis:
1. evaluate existing research papers to identify research gaps and methodological limitations.
2. compare algorithms, models, and techniques used in recent eee publications.
3. assist in result analysis, performance comparison, and interpretation of experimental findings.

domains of work:

1. power systems & smart grids.
2. renewable energy systems (solar, wind, hybrid systems).
3. electric vehicles & battery management systems.
4. control systems & robotics.
5. signal processing & communication systems.
6. embedded systems & iot applications.",No PPO Mentioned,Internshala
python,software development,digital heroes,Work from home,"₹ 15,000 - 20,000 /month",3 Months,"java, python, sql, git","\n\n1. design, develop, and maintain software applications using python, java, and sql\n2. write clean, efficient, and well-tested code following software engineering best practices\n3. collaborate with cross-functional teams to define and implement new features\n4. participate in code reviews and contribute to improving development processes\n5. debug, troubleshoot, and resolve software defects and performance issues\n6. work with databases to design schemas, write queries, and optimize performance\n7. use version control (git) to manage codebase and collaborate with team members",No PPO Mentioned,Internshala
python,full stack developer,digital heroes,Work from home,"₹ 15,000 - 20,000 /month",3 Months,"mysql, html, css, javascript, python, mongodb, node.js","1. own the end-to-end development and lifecycle of full-stack web applications, delivering high-performance, production-ready solutions using react, node.js, and python.
2. architect and build secure, scalable restful apis with seamless mongodb integration, enabling fast, reliable, and data-driven user experiences.
3. design and develop pixel-perfect, responsive user interfaces using modern javascript frameworks, ensuring a smooth and consistent experience across all devices.
4. engineer efficient server-side logic and optimized database queries to maintain speed, stability, and performance at scale.
5. work collaboratively with product, design, and engineering teams to transform ideas into refined, high-quality features delivered on time.
6. drive engineering excellence through rigorous code reviews, structured testing practices, and a strong focus on maintaining high development standards.
7. manage cloud deployments, monitor system performance, and proactively troubleshoot production issues to ensure high availability and seamless user experiences.",No PPO Mentioned,Internshala
python,full stack development,finflock systems private limited,Work from home,"₹ 12,000 - 16,000 /month",6 Months,"mysql, html, css, javascript, python, sql, git","a. backend development (python):
1. assist in building, testing, and maintaining backend services using python (flask, django, or fastapi).
2. develop and integrate apis to support the frontend and ensure the efficient handling of data.
3. work with senior engineers to implement business logic and ensure the scalability of backend systems.

b. frontend development (vue.js/react):
1. help build and enhance dynamic user interfaces using vue.js or react.
2. work on implementing responsive, user-friendly designs that provide smooth user experiences.
3. collaborate with the ux/ui team to integrate frontend components with backend services.

c. database management (sql):
1. support the design and management of relational databases, including writing optimized sql queries.
2. work on data integration and processing tasks to support backend services and ensure data consistency.

d. docker & containerization:
1. learn how to work with docker to containerize applications and ensure consistent development and deployment environments.
2. contribute to the configuration and management of docker containers for testing and production environments.

e. web technologies & best practices:
1. assist in building scalable, secure, and high-performance web applications using modern web technologies (html5, css3, javascript, and restful apis).
2. follow best practices in web development, including performance optimization and responsive design.

f. collaboration & agile development:
1. participate in daily stand-ups, sprint planning, and code reviews within an agile development environment.
2. work closely with other team members to share knowledge, improve code quality, and deliver features efficiently.

g. testing & debugging:
1. support the testing of web applications by writing unit tests and performing integration testing.
2. help identify and resolve bugs, improve application performance, and ensure a smooth user experience.",No PPO Mentioned,Internshala
python,electronics & communication engineering,megaminds it services,Work from home,"₹ 5,000 - 10,000 /month",6 Months,"matlab, cloud computing, python, robotics, raspberry pi, arduino, signal processing","1. work with microcontrollers (e.g., arduino, stm32, esp32, raspberry pi, etc.)
2. design and develop embedded software using c/c++ or python
3. integrate sensors and actuators for iot and automation projects
4. debug and test hardware prototypes
5. assist in pcb design and schematic layout (optional)
6. collaborate with cross-functional teams, including hardware and software developers",Job offer upto ₹ 2.1LPA post internship,Internshala
python,electronics engineering,aks tech,Work from home,"₹ 26,000 - 28,000 /month",3 Months,"python, arm microcontroller, raspberry pi, embedded systems, arduino, circuit design, c programming","as an electronics engineering intern, you will work on cutting-edge projects that push the boundaries of technology. with your expertise in python, arm microcontroller, raspberry pi, embedded systems, arduino, circuit design, c programming, pcb design, c++ programming, and internet of things (iot), you will contribute to the development of innovative solutions. your responsibilities include:

1. collaborating with the engineering team to design and implement advanced electronic systems.
2. utilizing your programming skills to create efficient and reliable code for hardware interfaces.
3. assisting in the design and testing of pcbs for new products.
4. developing firmware for embedded systems using c and c++ programming languages.
5. integrating iot technologies to enable remote monitoring and control of our products.
6. troubleshooting and debugging hardware and software issues to ensure optimal performance.
7. staying up to date on industry trends and advancements in electronics engineering to contribute fresh ideas to the team.",Job offer upto ₹ 8LPA post internship,Internshala
python,software testing,iesoft technologies private limited,Work from home,"₹ 10,000 - 15,000 /month",6 Months,"java, python, software testing, data structures, manual testing, database testing, postman","1. work on manual & automation testing
2. work on database testing, gui testing, api testing
3. good to have knowledge on automation tools like selenium, web driver, etc.

candidate should have  minimum experience of 1 year in both manual and automation testing.",Job offer upto ₹ 3LPA post internship,Internshala
python,robotics trainer & content developer,indian institute of robotics,"Chennai, Delhi, Gurgaon, Pune, Hyderabad, Mumbai, Noida, Bangalore","₹ 5,000 /month","₹ 5,000 /month","autocad, content writing, python, solidworks, robotics, cms (content management system), teaching","1. student training on robotics, iot, and embedded systems
2. training in design software (autocad 2d, 3d), solidworks, autodesk fusion 360
3. content research & development for blogs, social media, online/offline training, and website pages
4. develop content extensively and train students with high motivation to deliver the best teaching quality
5. develop multiple projects in robotics and participate in robotics competitions and hackathons
6. guide students, school and college professors, directors, and teachers on curriculum and support technical queries
7. close leads by interacting with students, parents, professors, and schoolteachers using subject knowledge
8. visit schools and colleges for presentations, collaborations, lab setups, training, and project building",No PPO Mentioned,Internshala
python,backend development,plutonic services private limited,Noida,"₹ 8,000 - 12,000 /month",6 Months,"mysql, python, algorithms, data structures, git, django, postgresql","as a backend development intern at plutonic services private limited, you will have the opportunity to work on cutting-edge projects and gain hands-on experience with rest api, django, and python. 

1. collaborate with the development team to design, develop, and implement backend services for our web applications.
2. write clean, efficient, and maintainable code following best practices and coding standards.
3. assist in troubleshooting and resolving issues related to backend functionality and performance.
4. participate in code reviews and provide constructive feedback to improve code quality.
5. work closely with front-end developers to integrate backend services with user interfaces.
6. research and implement new technologies to enhance the features and functionality of our applications.
7. contribute to the planning and execution of software development projects, ensuring timely delivery and high-quality results.

join us at plutonic services private limited and take your backend development skills to the next level!",No PPO Mentioned,Internshala
python,python development,conscript hr advisors private limited,Work from home,"₹ 1,000 /month",3 Months,python,"job description: python intern
roles & responsibilities:
work on company projects and product development tasks.
write and maintain python scripts for automation and functionality.
support web-scraping projects to collect and process data.
work with databases for storage, queries, and data handling",No PPO Mentioned,Internshala
python,web development,tms foundation (bharatyuva.org),Work from home,Unpaid,6 Months,"html, css, cloud computing, python, joomla, computer networking, linux","1. develop and maintain responsive user interfaces using react.js.
2. build and integrate server-side logic using django.
3. collaborate on api design and database management.
4. debug and troubleshoot technical issues across the full stack.",No PPO Mentioned,Internshala
python,software development,skidev edutech private limited,Work from home,"₹ 10,000 - 15,000 /month",6 Months,"java, mysql, html, css, javascript, python, .net","we are looking for a talented software development intern to join our team at skidev edutech private limited. if you are skilled in java, mysql, html, css, javascript, python, .net, node.js, c++ programming, and react, we want to hear from you! 

key responsibilities:
1. assist in developing and maintaining software applications using various programming languages and tools.
2. collaborate with the team to design, develop, and implement new features and enhancements.
3. conduct thorough testing and debugging of software to ensure high quality and performance.
4. participate in code reviews and provide constructive feedback to improve overall codebase.
5. stay up-to-date with the latest technologies and trends in software development.
6. assist in documenting technical specifications and user guides for developed software.
7. contribute to a positive and collaborative work environment by effectively communicating and sharing ideas with team members. 

if you are a passionate and driven individual seeking hands-on experience in software development, apply now to join our dynamic team!",No PPO Mentioned,Internshala
python,information technology,she can foundation,Work from home,Unpaid,1 Month,"java, html, python, computer networking, web development, english proficiency (spoken)","are you a tech-savvy individual looking to make a difference in the world? she can foundation is seeking a passionate information technology intern with expertise in java and python to join our team! 

1. develop and maintain web applications using java and python.
2. assist in troubleshooting and resolving technical issues for our it systems.
3. collaborate with team members to design and implement innovative solutions.
4. conduct research on emerging technologies to improve our it infrastructure.
5. support the implementation of data security measures to protect sensitive information.
6. assist in the maintenance and optimization of our databases and servers.
7. participate in team meetings and provide input on it projects and initiatives.

if you are a self-motivated individual with a strong passion for technology and a desire to empower women through education, we want to hear from you! join us in making a difference with she can foundation. apply now!",Job offer post internship,Internshala
python,full stack development,career solutions,Chennai,"₹ 12,000 - 16,000 /month",1 Month,"mysql, html, css, javascript, python, mongodb, angularjs","1.front-end development: create interactive, responsive user interfaces using html, css, and modern frameworks (react, angular, vue).
back-end development: build server-side logic and applications using languages such as java, python, node.js, or php.
database management: design, develop, and manage relational (mysql, postgresql) or nosql (mongodb) databases.
api development: create and integrate secure, scalable restful apis and web services.
testing and debugging: test software for usability and performance, ensuring responsiveness and fixing bugs.
collaboration: work with ui/ux designers, product managers, and developers to implement features.
devops & deployment: deploy applications to cloud platforms (aws, azure) and manage ci/cd pipelines
2.
3.",No PPO Mentioned,Internshala
python,software development,myraid,Bangalore,"₹ 2,500 /month",3 Months,"cloud computing, python, linux, attention to detail, problem solving, teamwork, bash","assist in the deployment, monitoring, and maintenance of our software applications.
learn and apply best practices for continuous integration and continuous delivery (ci/cd).
support in automating routine tasks and developing scripts for infrastructure management.
participate in troubleshooting and resolving infrastructure and application issues.
collaborate with development and operations teams to improve system reliability and performance.
contribute to documenting dev-ops processes, configurations, and best practices.
explore and evaluate new technologies and tools to enhance our dev-ops capabilities",No PPO Mentioned,Internshala
python,backend development,nayepankh foundation,Work from home,Unpaid,1 Month,"java, php, mysql, html, python, mongodb, django","are you a backend development enthusiast looking to gain hands-on experience in the industry? join us at nayepankh foundation as a backend development intern and take your skills to the next level! as a part of our dynamic team, you will have the opportunity to work on exciting projects and collaborate with experienced developers. 

key responsibilities:

1. assist in developing backend systems using html
2. collaborate with the team to design and implement new features
3. debug and troubleshoot issues in existing code
4. optimize applications for maximum speed and scalability
5. conduct code reviews and provide constructive feedback
6. stay updated on industry trends and best practices
7. participate in team meetings and contribute ideas for improving processes

if you are passionate about backend development and eager to learn, this internship is perfect for you! apply now and kickstart your career with nayepankh foundation.",Job offer post internship,Internshala
python,backend development,she can foundation,Work from home,Unpaid,1 Month,"java, php, mysql, html, python, mongodb, django","we are looking for a talented backend development intern to join our team at she can foundation. if you have a passion for using your technical skills to make a positive impact in the world, then this is the perfect opportunity for you. in this role, you will have the chance to work with cutting-edge technologies such as java, django, php, mysql, html, python, mongodb, node.js, express.js, rest api, and bubble.io. 

key responsibilities:

1. develop and maintain backend systems to support our foundation's mission and programs.
2. collaborate with the frontend development team to ensure seamless integration of features and functionality.
3. implement security best practices to protect sensitive data and ensure compliance with regulations.
4. optimize performance and scalability of backend systems to handle increased traffic and user interactions.
5. conduct thorough testing and debugging of code to identify and fix issues in a timely manner.
6. stay up-to-date on industry trends and advancements in backend development to continuously improve our systems.
7. participate in team meetings and contribute innovative ideas to enhance our technology solutions. 

if you are ready to take on this exciting opportunity and contribute to a meaningful cause, then we want to hear from you. apply now and let's work together to empower women and girls around the world.",Job offer post internship,Internshala
python,manual testing/ios testing,across the globe (atg),Work from home,"₹ 2,500 - 8,000 /month",6 Months,"python, selenium, manual testing, test automation, usability testing","are you a tech-savvy individual with a passion for ui/ux and ios testing? join our dynamic team at across the globe (atg) as a ui/ux/ios testing intern! 



1. conduct manual testing of ui/ux designs and ios applications to identify bugs and issues
2. develop and implement test automation scripts using python and selenium to streamline testing processes
3. collaborate with the design and development teams to ensure usability testing meets user requirements
4. analyze test results and provide detailed reports to assist in the improvement of products
5. stay up-to-date on industry trends and best practices in ui/ux and ios testing
6. participate in team meetings and contribute innovative ideas to enhance testing strategies
7. assist in the creation of test plans and test cases to ensure comprehensive test coverage

if you are a detail-oriented individual with a strong technical background in testing and a desire to learn and grow in a global company, apply now for this exciting opportunity with atg!",No PPO Mentioned,Internshala
python,python development,tradexa technologies private limited,Pune,"₹ 15,000 - 17,100 /month",6 Months,"python, git, django, analytical thinking, web development, rest api, aws lambda","1.  write effective & scalable code.
2. develop back-end components to improve responsiveness and overall performance integrate user-facing elements into applications.
3. test and debug programs.
4. improve functionality of existing systems.
5. implement security and data protection solutions.
6. assess and prioritize feature requests.
7. coordinate with internal teams to understand user requirements and provide technical solutions.",No PPO Mentioned,Internshala
python,blockchain development,egyanam technologies private limited,Pune,"₹ 5,000 - 15,000 /month",6 Months,"java, python, react, blockchain, hyperledger","1.participate in design reviews as blockchain project team member
2. testing of developed code 
3.coding
4. front end application development using react.js",No PPO Mentioned,Internshala
python,campus ambassador,empathy ai,Work from home,Performance Based,2 Months,"social media marketing, python, digital marketing, english proficiency (spoken), english proficiency (written)","1. help organize session for mentorship and hackathons in ai
2. making people aware of ai risk and utility - group projects for ai
3. ai for social good and ethics in ai",No PPO Mentioned,Internshala
python,full stack developer,elicius energy private limited,Chennai,"₹ 12,500 /month",6 Months,"mysql, javascript, python, mongodb, react, rest api, fastapi","1. designing and developing scalable backend services using python and fastapi, including asynchronous apis, middleware, and dependency injection.
2. building and managing secure rest apis, websockets, and mqtt integrations with relational databases (mysql), implementing authentication mechanisms such as jwt and oauth2.
3. containerizing backend services using docker for consistent deployment and scalability.
4. developing a react.js frontend application to consume backend apis and display real-time sensor data and system alerts.
5. creating interactive dashboards featuring live data tables, alert history, and threshold breach indicators.
6. implementing responsive ui components, state management, authentication, and protected routes.
7. integrating real-time updates using websockets or polling mechanisms to ensure live data synchronization.",No PPO Mentioned,Internshala
python,systems engineering,wobot intelligence private limited,"Faridabad, Gurgaon, Greater Noida, Delhi, Noida","₹ 9,999 - 10,000 /month",6 Months,"python, linux, networking, shell scripting, docker","1. assist in deploying, configuring, and maintaining edge devices in different environments.
2. support the execution of benchmark tests for edge devices, including cpu, gpu, npu, memory, storage, and workload performance evaluations.
3. collect, analyze, and document benchmark results, helping to identify performance trends and device limitations.
4. assist in comparing different device configurations and contribute to benchmark reports and recommendations.
5. follow established test procedures and help create repeatable test checklists to ensure consistent results.
6. support routine system maintenance activities, including software updates, firmware upgrades, and security patching.
7. assist in troubleshooting hardware, software, and network-related issues affecting edge devices.
8. document configurations, test results, troubleshooting steps, and operational procedures.",Job offer upto ₹ 4LPA post internship,Internshala
python,e-commerce catalog management,"danse equipment company incorporation (beltsville, united states)",Work from home,"₹ 8,000 - 15,000 /month",6 Months,"javascript, python, search engine optimization (seo), image editing","1. identify and remove duplicate product listings across the shopify catalog using llm tools to flag redundant entries
2. rewrite product titles, descriptions, and meta fields using ai tools to improve seo performance and search rankings
3. submit and optimize product listings on google shopping — ensuring correct categories, attributes, and pricing
4. audit and set up url redirects for discontinued or renamed product pages to preserve seo equity
5. compress, rename, and add alt text to product images to improve page load speed and image search visibility
6. research target keywords for priority product categories and incorporate them into listing copy
7. monitor google search console weekly — flag pages with declining impressions or click-through rates
8. track catalog changes in a shared spreadsheet and document all optimizations with before/after comparisons
9. coordinate with the content team on new product page builds to ensure seo best practices are applied from the start
10. support the transition of manual catalog tasks toward agent-assisted workflows as automation is rolled out",No PPO Mentioned,Internshala
python,full stack development,compendious med works,Work from home,"₹ 15,000 - 35,000 /month",6 Months,"php, python, mongodb, mobile application development, react","build and maintain web applications and mobile apps
work on frontend + backend development (full-stack exposure)
use ai tools for coding, debugging, and rapid development
develop and integrate:
apis
databases
automation workflows
create and maintain basic ui/ux designs and layouts
assist in building:
qr-based systems
web dashboards
user-facing applications
participate in live working sessions (screen sharing) to demonstrate work and collaborate in real-time
debug, test, and optimize applications for performance
maintain clear documentation of work and progress",No PPO Mentioned,Internshala
python,qa automation,satvisolutions,Work from home,"₹ 15,000 - 20,000 /month",6 Months,"python, rest api, fastapi, apis, pytest, test automation","1. write automated test scripts using pytest and playwright for clapscore and dia applications
2. design and execute api test suites against fastapi endpoints - validating request/response schemas, status codes, and edge cases
3. automate regression pipelines and report bugs with clear reproduction steps, logs, and expected vs. actual results",No PPO Mentioned,Internshala
python,quantum safe migration & pqc solutions,avinyasq technologies,"Mumbai, Bangalore","₹ 10,000 - 12,000 /month","₹ 10,000 - 12,000 /month","java, python, computer networking, linux, c programming, network security, docker","we are focused on building solutions for quantum-safe migration. it includes a suite of products, tools, platforms, and frameworks across the migration life cycle. we are looking for a project intern with strong technical and programming skills to contribute to the product research and solution development activities of quantum safe migration solutions. 

this is an internship role for quantum safe migration solutions with post quantum cryptography. the intern will be responsible for assisting in the development and implementation of quantum-safe migration solutions. this internship is remote.

note: 

1. we are mainly looking for full-time internship candidates only, and the specified stipend is for full-time interns. 
2. we may consider exceptional candidates for a part-time internship with a different stipend. 
3. the internship may be extendable up to 6 months based on mutual discussions.
4. mostly remote work, but occasional in-person visits/meetings are needed.

 

1. develop proofs-of-concept (pocs)/prototypes, features, capabilities, or modules, and perform research for the solutions targeted for an effective quantum safe migration platform.
2. show definition, design, development, testing, and validation of the software.
3. support in client delivery of quantum safe migration solutions.",No PPO Mentioned,Internshala
python,java development,harshad enterprises,Bangalore,"₹ 15,000 - 25,000 /month",3 Months,"java, mysql, html, css, javascript, python, .net","are you a talented software development intern with expertise in java, mysql, html, css, javascript, python, .net, node.js, c++ programming, and react? harshad enterprises is looking for a dynamic individual to join our innovative team. as a software development intern, you will have the opportunity to work on cutting-edge projects and gain valuable hands-on experience in the tech industry.



1. assisting in the design and development of software applications using various programming languages.
2. collaborating with team members to troubleshoot and debug code.
3. conducting thorough testing to ensure the functionality and efficiency of software products.
4. participating in code reviews and providing constructive feedback.
5. researching and implementing new technologies to enhance software development processes.
6. documenting technical specifications and user guides for developed applications.
7. contributing to the overall success of projects by meeting deadlines and delivering high-quality work. 

if you are passionate about software development and eager to expand your skill set, apply now to join the harshad enterprises team!",Job offer upto ₹ 6LPA post internship,Internshala
python,coding content creator,hudi enterprise,Work from home,"₹ 7,000 /month",6 Months,"html, css, javascript, python, sql","are you a coding whiz with a passion for creating engaging content? join our team at hudi enterprise as a coding content creator intern! as an intern with us, you will have the opportunity to showcase your skills in python, javascript, html, css, and sql while creating exciting and informative content for our audience. 



1. develop and publish engaging coding tutorials and articles on our website and social media platforms.
2. create interactive coding challenges and quizzes to foster a learning community.
3. collaborate with our development team to create technical documentation and guides.
4. assist in managing and updating our code repositories and documentation.
5. stay up-to-date on industry trends and technologies to ensure our content remains relevant and informative.
6. engage with our audience through comments, forums, and virtual events to build a strong community.
7. work closely with our marketing team to promote our coding resources and drive engagement. 

if you're passionate about coding and love sharing your knowledge with others, we want to hear from you! apply now to join our dynamic team at hudi enterprise.",No PPO Mentioned,Internshala
python,automation testing,buoyant labs private limited,Bangalore,"₹ 5,000 - 10,000 /month",2 Months,"python, selenium, automation, test automation, test case design","1. design, develop, and maintain automated test scripts.
 2. automate regression, sanity, and api test cases.
 3. report defects with proper logs.
 4. monitor and improve automation execution performance.",No PPO Mentioned,Internshala
python,full stack development,yardstick,Bangalore,"₹ 5,000 - 45,000 /month",6 Months,"html, css, javascript, python, mongodb, node.js, react","1. integrate ai frameworks into full-stack projects in collaboration with ai experts
2. develop robust and scalable server-side logic, ensuring high performance and responsiveness
3. manage full-lifecycle software development, preparing applications for production environments
4. deploy and manage applications using cloud services like aws, including ec2, lambda, and dynamodb
5. engage in research to stay abreast of the latest ai techniques and models
6. write clean, maintainable code for ai applications
7. participate actively in team meetings and discussions
8. maintain documentation for research findings and code changes",No PPO Mentioned,Internshala
python,full stack development,prop pie - fractional ownership for real estate,Pune,"₹ 6,000 - 30,000 /month","₹ 6,000 - 30,000 /month","python, react, next.js","as a full stack development intern at proppie, you will have the opportunity to work on exciting projects using your expertise in ai, python, react, and next.js. you will be an integral part of our team, helping us revolutionize the real estate industry through fractional ownership and ai. 



1. collaborate with the development team to design and implement new features for our platform.
2. develop and maintain backend functionalities using python to ensure a seamless user experience.
3. utilize react and next.js to create responsive and intuitive front-end interfaces for our users.
4. conduct thorough testing and debugging to ensure the quality and reliability of our platform.
5. assist in optimizing code and improving performance to enhance the overall user experience.
6. stay up-to-date on the latest technologies and industry trends to contribute fresh ideas and perspectives.
7. participate in team meetings and contribute to brainstorming sessions to drive innovation within the company.

if you are passionate about ai and technology, eager to learn and grow in a dynamic startup environment, and possess strong skills in python, react, and next.js, we want you on our team at proppie. join us in reshaping the future of real estate through fractional ownership and ai!",Job offer upto ₹ 8LPA post internship,Internshala
python,full stack development,on demand experts,Bangalore,"₹ 20,000 - 35,000 /month",3 Months,"mysql, html, css, javascript, python, mongodb, node.js","1. work on client-facing frontend products like web chatbot sdk, whatsapp chatbot using html, css. javascript
2. own the dev ops on aws and leverage services like ec2, cloudfront, s3, etc
3. develop and maintain backend client admin portal in python, mysql
4. use llms and other ai models for company's product development",No PPO Mentioned,Internshala
python,video editing/making,mayur agarwal,Work from home,"₹ 12,000 /month",2 Months,"python, adobe photoshop, adobe illustrator, video making, json","build, debug, and optimize custom comfyui node workflows for image and video generation (animatediff, svd, wan, ltx, or similar).
integrate and fine-tune controlnet, ip-adapter, and lora models to maintain character/style consistency across shots.
automate batch generation using the comfyui api and json workflows so we can produce dozens of clips per day.
research and test new models, nodes, and techniques (flux, hunyuan, sora-style pipelines) and document what works.
light post-production: upscaling, frame interpolation (rife/film), and basic color/style cleanup in photoshop.",No PPO Mentioned,Internshala
analytics,market research,humanhire corp,Jaipur,"₹ 5,000 - 7,500 /month",6 Months,"market analysis, research and analytics, market research","as a market research intern, you will have the opportunity to explore the world of market intelligence, business research, and data-driven insights that support strategic decision-making.

conduct in-depth research on potential clients, competitors, and industry landscapes.
identify key decision-makers, stakeholders, and hiring leads using linkedin and other professional platforms.
analyze and interpret data to create meaningful business, client, and market insights.
maintain and update accurate company and prospect information in crm tools and internal databases.
support the business development and recruitment teams with research inputs for new partnerships and hiring mandates.
track market trends, upcoming projects, and business opportunities across targeted industries.",Job offer upto ₹ 3LPA post internship,Internshala
analytics,search engine optimization (seo),rightways packers and movers,Jaipur,"₹ 12,000 - 18,000 /month","₹ 12,000 - 18,000 /month","google analytics, google adwords, search engine optimization (seo)","1. optimize meta titles, descriptions, headers, and content structure for target keywords
2. design and implement an internal linking strategy that boosts topical authority
3. apply ai to optimize google ads campaigns — ad copy generation, bid strategy insights, audience analysis, and performance reporting
 4.improve page speed, core web vitals, and mobile usability
5. conduct keyword research and map content to search intent",No PPO Mentioned,Internshala
analytics,market research,qssglobal,Delhi,"₹ 13,000 - 18,000 /month",6 Months,"english proficiency (spoken), research and analytics, effective communication","are you a talented, motivated individual looking to gain hands-on experience in market research? qssglobal is seeking a market research intern to join our dynamic team. as a key member of our organization, you will have the opportunity to work on exciting projects and contribute to the growth of our company.

key responsibilities:
1. conduct market research to identify trends, opportunities, and potential threats in the industry.
2. analyze data and prepare reports to present findings to the team.
3. assist in developing research strategies and methodologies.
4. collaborate with various departments to gather information and insights.
5. utilize effective communication skills to convey complex information clearly.
6. demonstrate proficiency in spoken english to interact with team members and stakeholders.
7. utilize research and analytics tools to enhance decision-making processes.

if you are a proactive and detail-oriented individual with a passion for market research, we want to hear from you! join us at qssglobal and take the first step towards a successful career in the industry. apply now and be part of our innovative team.",Job offer upto ₹ 5LPA post internship,Internshala
analytics,market research,shailasia management  private limited,Greater Noida,"₹ 25,000 - 75,000 /month","₹ 25,000 - 75,000 /month","social media marketing, research and analytics","are you a savvy market research enthusiast with a knack for data analysis and social media marketing? munmun singh company is seeking a dynamic market research intern to join our team! 

as a key member of our marketing department, you will have the opportunity to hone your research and analytical skills while also contributing to our social media marketing efforts. this role offers a hands-on experience in understanding consumer behavior, identifying market trends, and shaping our marketing strategies.

key responsibilities include:
1. conducting market research to identify industry trends and consumer preferences
2. analyzing data to provide actionable insights for decision-making
3. assisting in developing and implementing social media marketing campaigns
4. monitoring and measuring the performance of social media campaigns
5. collaborating with cross-functional teams to support marketing initiatives
6. contributing to the development of market research reports and presentations
7. staying current on industry developments and best practices in research and analytics

if you are a proactive self-starter with a passion for market research and social media marketing, we want to hear from you! join us at munmun singh company and take your career to the next level. apply now!",Job offer upto ₹ 4.8LPA post internship,Internshala
analytics,business research,fin maverick,Gurgaon,"₹ 18,000 - 20,000 /month","₹ 18,000 - 20,000 /month","ms-excel, financial analysis, equity research, english proficiency (written), research and analytics, market research, data analysis","selected intern’s day-to-day responsibilities include:
1. conduct market and industry research to identify investment and business trends.
2. analyze financial data, prepare reports, and support research documentation.
3. assist senior analysts in data collection, valuation, and competitor analysis.
4. monitor market news, regulatory updates, and relevant sector developments.
5. work with internal teams to generate research-driven insights and recommendations.",Job offer upto ₹ 3LPA post internship,Internshala
analytics,market research,incio fintech private limited (bimakart),Mumbai,"₹ 10,000 - 12,000 /month",3 Months,"ms-powerpoint, data analytics, ms-excel, research and analytics, market research, effective communication","1. conduct market research on insurance products and trends.


2. analyse competitor products, pricing, and features.


3. assist with customer surveys and collect feedback.


4. prepare reports, excel sheets, and powerpoint presentations.


5. support the team in identifying new insurance product opportunities.",No PPO Mentioned,Internshala
analytics,market research,sar agrochemicals & fertilizers pvt.ltd,Pune,"₹ 5,000 - 10,000 /month",3 Months,"ms-office, ms-word, ms-powerpoint, english proficiency (written), research and analytics","collect data on consumers, competitors and market place and consolidate information into actionable items, reports and presentations
·        understand business objectives and design surveys to discover prospective customers’ preferences
·        compile and analyse statistical data using modern and traditional methods to collect it
·        perform valid and reliable market research swot analysis
·        interpret data, formulate reports and make recommendations
·        use online market research and catalogue findings to databases
·        provide competitive analysis on various companies’ market offerings, identify market trends, pricing/business models, sales and methods of operation
·        evaluate program methodology and key data to ensure that data on the releases are accurate and the angle of the release is correct
·        remain fully informed on market trends, other parties researches and implement best practices
requirements and skills
·        proven market research analysis experience
·        ability to interpret large amounts of data and to multi-task
·        strong communication and presentation skills
·        excellent knowledge of statistical packages (spss, sas or similar), databases and ms office
·        search engines, web analytics and business research tools acumen
·        familiarity with crm programs
·        adequate knowledge of data collection methods (polls, focus groups, surveys etc)
·        working knowledge of data warehousing, modelling and mining
·        strong analytical and critical thinking
·        bs degree in statistics, marketing or related field",No PPO Mentioned,Internshala
analytics,market research,superprocure,Work from home,"₹ 8,000 /month",6 Months,"ms-office, ms-excel, english proficiency (spoken), research and analytics","what you’ll be doing:
search companies using google and publicly available sources

collect and verify basic company information, including:
company name and website
industry / business category
revenue
profit / loss
the latest available financial year

use simple, publicly available sources such as:
company websites
public filings
credit rating agency
basic financial information portals
enter data into predefined google sheets formats

update existing company records when new information is available
ensure data is:
accurate
structured
consistently formatted

what you bring to the table:
comfortable using google search effectively
working knowledge of google sheets or excel
ability to follow detailed instructions repeatedly
basic understanding of:
revenue
profit / loss
high attention to detail and accuracy",No PPO Mentioned,Internshala
analytics,digital marketing,garuda3d,Hyderabad,"₹ 12,000 /month",6 Months,"digital marketing, google adwords, search engine optimization (seo), linkedin ads","key responsibilities
1. seo (search engine optimization)

perform keyword research (focus: 3d printing, food printing, chocolate printing, pellet printing)
optimize website pages (titles, meta tags, content, internal linking)
work on blog/content ideas to improve organic traffic
track rankings and suggest improvements

2. google ads (performance marketing)

assist in setting up and managing google ads campaigns
keyword selection, ad copy creation, and basic a/b testing
monitor performance (cpc, ctr, conversions)
optimize campaigns for better roi

3. social media marketing (smm)

create and schedule posts for:
linkedin (primary for b2b)
instagram (for food/chocolate printers)
assist in creating reels, posts, and basic creatives
track engagement and suggest improvements

4. content & lead support

help in creating:
case studies
simple marketing content
support lead capture (forms, landing pages, etc.)
coordinate with sales team for campaign feedback

5. analytics & reporting

track website traffic (google analytics)
monitor campaign performance
prepare simple weekly reports

6. image and video creation
generate attractive images for instagram
generate videos from photos and videos of the product",No PPO Mentioned,Internshala
analytics,market research,equity reach,Work from home,"₹ 1,500 - 2,000 /month",1 Month,"ms-office, ms-word, ms-powerpoint, ms-excel, english proficiency (spoken), english proficiency (written), research and analytics","1. design and review survey questionnaires to ensure clarity, relevance, and unbiased responses.
2. collect, organize, and validate questionnaire data from respondents through online and offline research methods.
3. conduct personality trait assessments using standardized questionnaires and analyze response patterns.
4. monitor survey completion rates and follow up with participants to improve response quality and accuracy.
5. perform preliminary data analysis to identify trends, consumer preferences, and behavioral insights.
6. prepare reports and presentations summarizing research findings, personality assessment results, and key recommendations.
7. collaborate with research teams to refine questionnaires, improve data collection processes, and support market research projects.",No PPO Mentioned,Internshala
analytics,performance marketing (meta ads),the hustle house,Indore,"₹ 9,000 - 14,500 /month",3 Months,"google adwords, facebook marketing, client interaction, copywriting, lead generation, client relationship, facebook ads","1. campaign architecture & execution: build, structure, and launch full-funnel meta ad campaigns from scratch (objective selection, ad set structuring, audience logic, and budget splits) across diverse industries like real estate, b2b saas, and high-ticket coaching.
2. performance diagnosis & optimisation: monitor key performance metrics daily (cpl, cpm, ctr, cvr), isolate anomalies, and proactively troubleshoot issues like creative fatigue, over-stacked targeting, or broken pixels.
3. conversion infrastructure & tech stack: implement and manage advanced tracking setups including meta pixel, conversion api (capi), offline conversion uploads, and lead-scoring feedback loops using automation tools like zapier or make.
4. direct-response copywriting: write high-converting ad copy, hooks, price anchors, and ctas designed to pre-qualify leads and filter out low-intent traffic before they click.
5. data analytics & reporting: maintain clean, client-ready weekly performance dashboards in google sheets that communicate clear, actionable insights without relying on vanity metrics.",No PPO Mentioned,Internshala
analytics,marketing & growth executive,the institute of certified public accountants,"Pune, Mumbai, Pimpri-Chinchwad","₹ 19,000 - 30,000 /month",6 Months,"google adwords, wix, canva, google workspace, facebook ads, marketing campaigns, instagram ads","role overview
this is a creative and strategic role that will drive student acquisition, brand visibility, and digital engagement for ictpi and icpa india. you will be responsible for running marketing campaigns, managing social media, creating compelling content, updating the websites, and building a pipeline of prospective students. you will also support the creation and uploading of learning and examination materials. the ideal candidate is a self-starter who can write, design, analyse, and execute — often on the same day.
 
quick facts
reporting to- ceo / director, ictpi
work mode- on site/office
working hours- monday to saturday | 10:00 am – 6:00 pm (flexiblity required in peaks)
preferred background- bba / mba (marketing) | mass comm | any graduate with strong digital marketing portfolio, knowledge of working in finance marketing is +

key responsibilities
1. digital marketing & student acquisition
•     plan and execute paid campaigns on google ads, meta (facebook/instagram), and linkedin targeting prospective students
•     monitor campaign performance daily — ctr, cpl, conversions — and optimise spend
•     manage organic social media presence: linkedin, instagram, facebook, youtube, whatsapp channels
•     build and manage email marketing campaigns for lead nurturing, batch announcements, and promotions
•     track student inquiry sources and maintain a lead pipeline in a crm or google sheet
•     run whatsapp broadcast campaigns for new course launches, exam results, and member events
2. website management (wix cms)
•     create and update product pages for new courses, programmes, and membership plans on www.ictpi.in and www.icpaindia.org
•     update homepage banners, announcements, event pages, and blog posts
•     ensure all course pages have accurate fee structures, eligibility criteria, and enrollment ctas
•     monitor website traffic via wix analytics / google analytics and report monthly
•     ensure seo best practices on all new pages — meta titles, descriptions, keyword placement
•     manage wix contact forms, live chat integrations, and inquiry routing
3. content creation — marketing
•     write engaging copy for social media posts, email campaigns, whatsapp messages, and course landing pages
•     design visually appealing creatives using canva — social posts, course brochures, banners, certificates
•     create short-form video reels / youtube shorts for course promotions and student testimonials
•     write press releases and outreach content for partnerships, government recognition, and media
•     create summary graphics, infographics, and visual aids for complex topics (gst slabs, tds rates, etc.) using canva
•     maintain a content asset library — all course materials, graphics, and videos organised by course and version
5. student engagement & community building
•     manage and grow the institute's whatsapp and telegram student community groups
•     post regular study tips, exam alerts, regulatory updates, and motivational content in student communities
•     collect and publish student testimonials, success stories, and placement outcomes
•     coordinate and promote webinars, guest sessions, and live doubt-clearing classes
•     run referral campaigns and alumni engagement initiatives
6. analytics & reporting
•     prepare a weekly marketing performance report covering leads generated, campaign spend, website visits, and conversions
•     track and report cost-per-enrolment for each campaign and channel
•     benchmark against prior months and identify trends in student acquisition
•     provide actionable insights and recommendations to the director on marketing strategy

skills and competencies required
essential
•     proficiency in canva for graphic design (social posts, banners, brochures, certificates)
•     hands-on experience running meta ads (facebook/instagram) and/or google ads campaigns
•     comfortable with wix cms for website content updates (no coding required)
•     strong written english — ability to write clear, persuasive, professional copy
•     proficiency in google workspace (docs, sheets, slides, forms)
•     ability to manage multiple campaigns and deadlines simultaneously without dropping quality
•     basic video editing for reels and short clips (capcut, inshot, or similar)
preferred / bonus
•     knowledge of accounting, gst, or taxation — enables authentic content creation for the target audience
•     experience with email marketing platforms (mailchimp, brevo/ sendinblue etc)
•     seo basics — keyword research, on-page optimisation, meta tag management
•     familiarity with whatsapp business api or bulk messaging platforms
•     prior experience marketing an ed-tech product, coaching institute, or professional certification programme
•     understanding of wix automations and crm-style lead tracking",No PPO Mentioned,Internshala
analytics,market research,certiwisehub,Work from home,"₹ 1,200 - 1,500 /month",1 Month,"ms-office, ms-word, ms-excel","1. enter survey responses accurately in the nielsen platform
2. verify completeness and correctness of respondent data
3. follow predefined questionnaires without deviation
4. maintain confidentiality of individual personality data
5. report errors or system issues to the supervisor",No PPO Mentioned,Internshala
analytics,digital marketing,myraid,Bangalore,"₹ 10,000 - 15,000 /month",6 Months,"social media marketing, digital marketing, google adwords, search engine optimization (seo), ms-excel, facebook ads, effective communication","key responsibilities performance marketing 
• assist in planning, launching, and optimizing campaigns on meta ads (facebook & instagram) and google ads. 
• support audience research, campaign setup, and ad performance monitoring. • help conduct a/b testing for ad creatives, landing pages, and campaign messaging. • track campaign performance metrics such as ctr, cpc, cpl, roas, and conversion rate. 
growth & marketing analytics 
• monitor daily marketing performance and lead generation metrics. 
• prepare weekly and monthly marketing reports and dashboards.
• analyze customer journeys and identify drop-off points in the marketing funnel. 
• support growth experiments and provide recommendations based on data insights. 
content creation & social media 
• create and schedule social media content for instagram, facebook, linkedin, and other platforms. 
• assist in developing ad copies, captions, blogs, reels, and short-form video content. 
• coordinate with design teams to create engaging marketing creatives. 
• maintain content calendars and ensure timely campaign execution. 
marketing automation & systems 
• support implementation of tracking tools such as google analytics, meta pixel, and google tag manager. 
• help maintain marketing databases and crm records. 
• document successful campaigns, learnings, and marketing processes.",No PPO Mentioned,Internshala
analytics,business research,tms foundation (bharatyuva.org),Hyderabad,Unpaid,6 Months,"ms-office, ms-word, analytical thinking, ms-excel, problem solving, human resources, english proficiency (spoken)","1. conduct research on industries, markets, competitors, and business trends.
2. collect and analyze data to generate actionable insights.
3. prepare research reports, presentations, and documentation.
4. support market analysis and business intelligence projects.
5. collaborate with teams to validate findings and support initiatives.",No PPO Mentioned,Internshala
analytics,market research,unessa foundation,Work from home,Unpaid,1 Month,research and analytics,"are you passionate about research and analytics? join us at unessa foundation as a market research intern and help make a difference in the world! as part of our team, you will have the opportunity to gain hands-on experience in conducting market research, analyzing data, and providing valuable insights to drive strategic decision-making. 

1. conduct market research to identify trends, opportunities, and challenges in the nonprofit sector.
2. analyze data to create comprehensive reports and presentations for internal and external stakeholders.
3. assist in developing surveys, questionnaires, and other research tools to gather relevant information.
4. collaborate with cross-functional teams to integrate research findings into strategic planning and implementation.
5. stay up-to-date on industry best practices and emerging trends in market research and analytics.
6. participate in meetings, brainstorming sessions, and workshops to contribute innovative ideas and solutions.
7. support the marketing team in developing targeted campaigns and strategies based on research insights.

if you are a detail-oriented, analytical thinker with a passion for making a positive impact, we want to hear from you! apply now and be part of our mission to create meaningful change through data-driven decision-making.",No PPO Mentioned,Internshala
analytics,business analyst,across the globe (atg),Work from home,"₹ 2,600 - 12,500 /month",6 Months,"negotiation, client relationship management (crm), english proficiency (spoken), interpersonal skills, customer acquisition","we are hiring business analyst interns to support business growth, operational research, market understanding, and client coordination activities across our business verticals. interns will work alongside leadership and cross-functional teams to evaluate business requirements, identify improvement opportunities, and contribute to strategic initiatives.

this internship offers real-world exposure to fast-growing sectors including saas, ai, hrtech, edtech, and technology consulting. candidates demonstrating strong performance may receive opportunities to contribute to strategic business projects, enterprise discussions, and expansion initiatives in domestic and international markets.



1. understand client expectations and gather business-related insights
2. perform market mapping and competitor benchmarking activities
3. analyze business challenges and assist in identifying practical solutions
4. support outreach, lead nurturing, and growth-related initiatives
5. create structured reports, summaries, and business presentations
6. coordinate with internal teams for execution tracking and workflow alignment
7. participate in strategy discussions and stakeholder interactions
8. research industry developments, customer behavior, and emerging opportunities
9. assist in improving operational processes and business efficiency
10. maintain organized documentation for ongoing business activities",Job offer upto ₹ 7LPA post internship,Internshala
analytics,market research,upmentor-x,Work from home,"₹ 11,500 - 12,500 /month",3 Months,"ms-word, ms-powerpoint, ms-excel, english proficiency (spoken), english proficiency (written), research and analytics, google forms","are you passionate about market research and eager to gain hands-on experience in a fast-paced startup environment? upmentor-x is seeking a dynamic and analytical market research intern to join our team! 

1. conduct in-depth market research to identify trends, opportunities, and threats in the industry.
2. analyze data and present findings to key stakeholders to drive strategic decision-making.
3. assist in developing surveys, questionnaires, and focus group discussions to gather valuable insights from customers.
4. collaborate with the marketing team to create targeted campaigns based on research findings.
5. monitor competitor activities and provide competitive analysis to stay ahead in the market.
6. support in creating reports, presentations, and visualizations to communicate research findings effectively.
7. stay current on industry news and trends to provide valuable recommendations for business growth. 

if you are a self-starter with excellent communication skills and a passion for uncovering consumer insights, apply now to be part of our innovative team at upmentor-x!",No PPO Mentioned,Internshala
analytics,product management,optima learn,Work from home,"₹ 5,000 /month",3 Months,"market analysis, product management, english proficiency (spoken), market research, sales, marketing campaigns, effective communication","at optima learn, a pm intern will work directly with the founder across product, growth, user research, ai workflows, and business operations.
this is a high-ownership role for someone who wants to understand how an early-stage startup is built from 0 → 1.
responsibilities
talk to users and understand their problems deeply
analyze user journeys, drop-offs, and conversion funnels
work on growth experiments across acquisition, activation, and retention
help improve onboarding, planner experience, mentor workflows, and ai interactions
coordinate with design and engineering teams for feature execution
research competitors, market trends, and user behavior
create prds, user flows, wireframes, and product documentation
work on ai-first product experiences and prompt flows
assist in building systems for sales, mentor operations, and student engagement
track product metrics and derive actionable insights
support founder’s office initiatives across business and growth",No PPO Mentioned,Internshala
sql,.net development,software boffins india,"Delhi, Sonipat","₹ 5,000 - 6,000 /month","₹ 5,000 - 6,000 /month","c#, .net, asp.net, sql, model view controller(mvc)","1. work on front-end development using asp.net mvc
2. work on web api development using asp.net
3. work on windows form development using c#
4. work on testing of the application",No PPO Mentioned,Internshala
sql,.net development,softel technologies incorporation,Mumbai,"₹ 12,000 - 13,000 /month",6 Months,"html, css, c#, .net, sql","this internship is for fresher who completed graduation and can work 9 to 6pm everyday from goregaon office location.

1. understand technical requirements.
2. update c# code or write new code as per the requirement.
3. perform testing to make sure the code works.
4. demonstrate work to seniors.
5. push code to git.
6. send a daily report to the manager.
7. knowledge of flutter is a plus",No PPO Mentioned,Internshala
sql,software testing,beeyond tech,Mumbai,"₹ 8,000 - 12,000 /month",3 Months,"sql, software testing, manual testing, performance testing, database testing, stlc, usability testing","we are looking for a motivated and detail-oriented qa tester intern to join our team. you'll play a key role in ensuring every feature works seamlessly before it reaches our users.

responsibilities
test new features across android, ios, and web applications.
identify, reproduce, and report bugs with clear steps, screenshots, and screen recordings.
perform regression testing before every product release.
validate bug fixes submitted by the development team.
test different user journeys, edge cases, and error scenarios.
work closely with developers and designers to improve product quality.
maintain and update test cases and testing checklists.
ensure a smooth and intuitive user experience across the platform.

what you'll learn
real-world product development lifecycle.
professional software testing practices.
bug reporting and release management.
collaboration with designers, developers, and product managers.
exposure to fast-paced startup environments and agile workflows.",No PPO Mentioned,Internshala
sql,software testing,twenty4x private limited,Gurgaon,"₹ 8,000 - 15,000 /month",3 Months,"selenium, sql, manual testing, ms sql server, jira, postman, apis","1. understand business requirements and functional specifications.
2. create, review, and execute test cases and test scenarios.
3. perform manual testing on web and mobile applications.
4. conduct functional, regression, smoke, and sanity testing.
5. identify, document, and track defects using jira or similar tools.
6. collaborate with developers and product teams to resolve issues.
7. validate bug fixes and perform re-testing.
8. perform api testing using postman and basic database validation using sql.
9. participate in daily stand-ups, sprint planning, and qa discussions.
10. prepare test reports and ensure product quality before release.",Job offer upto ₹ 9LPA post internship,Internshala
sql,.net development,blg technologies,Noida,"₹ 13,000 - 15,000 /month",6 Months,"html, css, .net, c#.net, sql","1. assist in developing and maintaining web applications using .net core
2. work with senior developers on backend apis and database integration (sql server)
3. participate in debugging, testing, and code reviews
4. support ongoing client projects, including work for our government/psu engagements
5. learn and contribute to real-world enterprise application development in a structured, onsite team environment",No PPO Mentioned,Internshala
sql,startup program,yurme,Bangalore,"₹ 5,000 - 10,000 /month",6 Months,"social media marketing, javascript, video editing, sql, digital marketing, search engine optimization (seo), problem solving","1. work directly with the founding team to build and scale one of india’s fastest-growing media & entertainment technology platforms.
2. be assigned to a department based on your skills, interests, and interview performance.
3. contribute to real business projects across technology, marketing, operations, design, content, sales, finance, hr, and customer success.
4. research industry trends, competitors, creators, production houses, and business opportunities.
5. collaborate with cross-functional teams to execute projects and improve internal processes.
6. use ai-powered tools and modern technologies to improve productivity and automate workflows.
7. participate in brainstorming sessions, product discussions, and startup strategy meetings.
8. prepare reports, documentation, presentations, and project updates.
9. support live platform operations and help deliver an exceptional experience for our users.
10. take ownership of assigned projects and present outcomes to the leadership team.

selected candidates may be assigned to one of the following teams based on their skills and interests:

1. software development (frontend, backend, and full stack)
2. ai and automation
3. product management
4. ui/ux design
5. graphic design
6. video editing and content creation
7. digital marketing and growth
8. social media management
9. content writing and seo
10. business development and sales
11. talent success and operations
12. hr and talent acquisition
13. finance and business operations
14. production and shoot coordination
15. research and production intelligence",No PPO Mentioned,Internshala
sql,flutter development,ghar pe shiksha,Work from home,"₹ 7,000 - 12,000 /month",6 Months,"java, sql, xml, github, flutter, rest api, dart","1. translate designs and wireframes into high-quality code
2. design, build, and maintain high-performance, reusable, and reliable dart and java code
3. ensure the best possible performance, quality, and responsiveness of the application
4. identify and correct bottlenecks and fix bugs
5. help maintain code quality, organization, and automation",Job offer upto ₹ 2.4LPA post internship,Internshala
sql,backend development,reducate.ai,Work from home,"₹ 10,000 - 15,000 /month",6 Months,"mysql, css, sql, mongodb, git, node.js, docker","1. build and test rest/graphql endpoints in fiber
2. write database migrations and models
3. implement auth, caching, and message queues
4. monitor performance and write benchmarks",No PPO Mentioned,Internshala
sql,tech operations,bxp support and solutions private limited,Bangalore,"₹ 15,000 - 17,500 /month",5 Months,"sql, manual testing, ms sql server, technical support, jira, apis, debugging","1. provide basic technical support to operations teams by identifying, diagnosing, and documenting application or system-related issues.
2. assist in validating bug fixes, system enhancements, and application changes to ensure they meet functional and business requirements.
3. log, track, prioritize, and follow up on reported issues using standard ticketing and issue-management tools.
4. write and execute sql queries to retrieve data, verify records, and support troubleshooting activities.
5. perform data validation and quality checks to ensure accuracy, consistency, and integrity across systems.
6. support root cause analysis by collecting logs, system data, screenshots, and reproduction steps for reported incidents.
7. collaborate with development, quality assurance, and operations teams to facilitate timely issue resolution.
8. monitor day-to-day system performance and operational activities, proactively identifying and reporting anomalies, risks, or potential issues.
9. maintain accurate documentation of incidents, resolutions, troubleshooting procedures, and system updates.
10. assist in testing system changes and verifying production deployments to ensure smooth operations.
11. support process improvement initiatives by identifying recurring issues and recommending preventive measures.
12. continuously learn and understand system workflows, business processes, tools, and technologies to improve support effectiveness and operational efficiency.",No PPO Mentioned,Internshala
sql,software testing,livnsense,Bangalore,"₹ 10,000 - 15,000 /month",6 Months,"sql, software testing, manual testing, database testing, apis, usability testing","1. perform functional, regression, smoke, and user acceptance testing (uat) for web applications and software platforms.
2. create, maintain, and execute test cases, test scenarios, test plans, and test reports.
3. validate application functionality, data accuracy, dashboards, apis, and database outputs.
4. identify, document, prioritize, and track software defects using appropriate bug-tracking tools.
5. verify bug fixes and conduct regression testing to ensure issues are resolved without impacting existing functionality.
6. collaborate closely with developers, ai/ml engineers, product managers, and other stakeholders to ensure product quality.
7. support testing activities for industrial ai, digital twin, analytics, and data-driven platforms.
8. review requirements and specifications to ensure comprehensive test coverage.
9. monitor application performance and report quality-related issues and risks.
10. assist in preparing quality assurance documentation and maintaining testing records.
11. participate in product reviews, feedback discussions, and quality improvement initiatives.
12. ensure deliverables meet quality standards, business requirements, and user expectations before release.",No PPO Mentioned,Internshala
sql,program management,khatabook,Bangalore,"₹ 46,000 - 50,000 /month",6 Months,"sql, business analysis, business management, effective communication, google sheets","are you passionate about solving roadblocks & challenges faced by msmes in india?

msmes contribute significantly to india’s total gdp. 90% of india’s ~$1 trillion retail market is controlled by micro, small & medium enterprises (msmes). which means ~$900b worth of commerce flows through these ~60m msmes in the form of shops/kiosks/homes, scattered all over the country. we at khatabook, have a vision to empower msmes and help them increase their incomes. we have built a product that brings efficiency in msme operations by providing them easy to use tools to manage their receivables, inventory and billing which creates transparency in their cash flow. within the khatabook platform, we have also enabled the facility to take loans for their short-term working capital needs for select khatabook users who are displaying good credit behavior. our app has been downloaded over 100 million times with a monthly active user base of 8 million+, which is adding 220 million+ transactions with a transaction value of $18 billion.

your role: we are looking for a driven and curious program management intern to join our lending vertical. this is a high-impact role where you will work at the intersection of product, technology, and business — gaining first-hand exposure to how digital lending programs are built and scaled at a high-growth startup. if you enjoy solving real problems, working across teams, and want to understand how fintech systems come together, this role is for you.



1. track and manage key program milestones, ensuring projects stay on schedule and stakeholders are aligned.
2. coordinate across product, engineering, and business teams to drive execution and resolve blockers.
3. own data tracking, reporting, and basic analysis to surface insights and drive decisions.
4. create and maintain clear project documentation, meeting notes, and delivery timelines.

what will you gain?

1. end-to-end exposure to how large-scale programs are planned and executed across product, tech, and business.
2. understanding of digital lending operations.
3. hands-on experience with tools, systems, and workflows used at a high-growth, category-defining startup.
3. a strong foundation for a full-time role — high performers will be considered for a pre-placement offer (ppo).",No PPO Mentioned,Internshala
sql,full stack development,area realty,Navi Mumbai,"₹ 10,000 - 18,000 /month",6 Months,"html, sql, node.js, c programming, react, rest api, orm","1. build and ship features across the stack - frontend, backend, and database. actively, not just fixing bugs someone else flagged.

2. before prompting any ai tool, plan what the function needs to do, what it takes in, what it returns, and where it can break. the prompt is the output of your thinking - not a substitute for it.

3. use cursor, claude, or codex to execute that plan. then review every line before it goes anywhere. accepting and committing is not shipping.

4. catch what ai gets wrong - and it will get something wrong. if the logic looks right but feels off, dig in. that instinct only exists if you've written and broken enough code yourself.

5. handle api integration and data flow between services. boring until it breaks in production, then it's everyone's problem.

6. pull error logs and debug independently. form a point of view on what's wrong before escalating.

7. sit in on architecture and technical decisions with the senior engineer. absorb. ask one good question - not five shallow ones.

8. keep a log of what you built, what broke, and what you learned. your read, not a status update.

9. help set up and run test cases - unit, integration, edge cases. use ai to generate coverage quickly, so you're not bottlenecked.

10. write documentation specific enough that someone else can pick it up without asking you. if you're not sure it's clear, run it through claude and ask where it's vague - before it goes to the team.",No PPO Mentioned,Internshala
sql,online-session mentor (volunteer),proximity foundation,Work from home,Unpaid,5 Months,"html, css, javascript, sql, teaching, english proficiency (spoken), hindi proficiency (spoken)","1. deliver mentor-led online coding sessions to underprivileged students aged 14-18
2. use the computer-based lms curriculum to guide each session
3. support student engagement, understanding, and confidence
4. flag student concerns or attendance issues to program coordinator
5. participate in mentor check-ins and briefings
6. coordinate with program coordinator lead on scheduling
7. collaborate with backup pool for session continuity
8. provide session notes and attendance reports after each session",No PPO Mentioned,Internshala
sql,"pern stack (postgresql/sql, express.js, react.js, node.js)",betatest solutions private limited,Work from home,"₹ 9,000 - 10,000 /month",6 Months,"javascript, sql, node.js, postgresql, express.js, react","1. assist in developing responsive web applications using the pern stack (postgresql, express.js, react.js, node.js) 
2. collaborate with ui/ux designers and backend teams for seamless functionality 
3. write clean, reusable, and maintainable code 
4. develop and integrate restful apis for smooth communication between frontend and backend 
5. design and manage relational databases using postgresql 
6. participate in code reviews and contribute to improvements 
7. troubleshoot, debug, and optimize code for performance 
8. stay updated with new technologies, tools, and best practices",No PPO Mentioned,Internshala
database,logistics and operations,nearby cart,Alwal,"₹ 6,000 - 12,000 /month",6 Months,"ms-excel, interpersonal skills, effective communication, internet","are you passionate about logistics and operations? do you have strong skills in ms-excel, effective communication, interpersonal skills, and internet navigation? if so, we have an exciting opportunity for you as a logistics and operations intern at nearby cart! 



1. assist in optimizing supply chain operations to ensure timely delivery of products to customers.
2. analyze data using ms-excel to identify trends and make recommendations for process improvements.
3. collaborate with cross-functional teams to streamline operations and enhance efficiency.
4. communicate with vendors and logistics partners to coordinate shipments and resolve any issues that may arise.
5. monitor inventory levels and assist in inventory management to minimize stockouts and overstock situations.
6. use internet resources to research industry best practices and stay up-to-date on logistics trends.
7. support the logistics and operations team in day-to-day tasks and special projects as needed.

if you are a detail-oriented, proactive, and team player with a passion for logistics, we want to hear from you! join us at nearby cart and gain valuable hands-on experience in the fast-paced world of e-commerce logistics. apply now and take the first step towards a rewarding career in operations management!",No PPO Mentioned,Internshala
database,field outreach executive,shipster technologies pvt ltd,"Bagalkot, Bagalkote","₹ 8,000 - 11,000 /month",3 Months,"typing, sales","1. call service providers and onboard them 
2. reach out to service providers and onboard them
3. update the lead status on the sheet",No PPO Mentioned,Internshala
database,operations,glater eco products private limited,Patancheruvu,"₹ 10,000 - 12,000 /month",3 Months,"ms-office, ms-word, ms-powerpoint, ms-excel, english proficiency (spoken), english proficiency (written), management","1. plan and coordinate daily production schedules, filling, capping, and dispatch operations — ensuring zero shortage or discrepancy with workers and labour
2. manage all incoming orders, plan delivery schedules, and coordinate drivers for on-time dispatch
3. track inventory of raw materials and finished goods; independently place material orders before stock runs low
4. handle client servicing — calls, order confirmations, complaints, and relationship management
5. follow up consistently with vendors, suppliers, and clients on pending items
6. document existing processes and continuously improve operational workflows
7. collect payments from clients and maintain accurate payment records",No PPO Mentioned,Internshala
database,customer service/customer support,jeevantika consultancy services private limited,Jaipur,"₹ 8,000 - 12,000 /month",6 Months,"ms-office, client interaction, ms-excel, english proficiency (spoken), hindi proficiency (spoken), effective communication, document management","1. manage customer queries via phone, email & chat
2. make outbound calls to potential clients to introduce company services
3. provide exceptional customer service at all times
4. documents preparation services",No PPO Mentioned,Internshala
database,operations,quess corp limited,Jaipur,"₹ 9,000 /month",6 Months,"ms-excel, effective communication","1. outbound communication 
2. empathetic listening 
3. problem resolution 
4. performance metrics",No PPO Mentioned,Internshala
database,operations,shreshtha consultants,Jaipur,"₹ 5,000 - 8,000 /month",2 Months,"ms-word, operations, ms-excel, business management, english proficiency (written), data preparation","1. maintain and update company databases and trackers.
2. create and manage excel and google sheets reports.
3. prepare presentations, proposals, templates and business documents.
4. organize digital files and maintain document records.
5. conduct basic internet research and data collection.
6. assist in preparing reports and dashboards.
7. support the management team with administrative tasks.",No PPO Mentioned,Internshala
database,operations,fydo,Work from home,"₹ 5,000 - 10,000 /month",3 Months,"operations, english proficiency (spoken), management","1. manage documentation and maintain organized records.

2. assist with day-to-day operational tasks assigned by the founder.

3. prepare presentations, spreadsheets, and reports.

4. coordinate with internal teams and external partners for required information.

5. conduct online research on business opportunities, grants, events, and competitors.

6. handle data entry and maintain accurate databases.

7. track deadlines and ensure timely completion of operational activities.

8. assist in email communication and follow-ups with stakeholders.

9. support business development and administrative activities as needed.

10. help maintain company documents, contracts, and compliance records.

11. perform any ad-hoc tasks required to support the smooth functioning of the business.",Job offer upto ₹ 5.5LPA post internship,Internshala
database,client servicing,ankit bathla,Work from home,"₹ 10,000 - 20,000 /month",6 Months,"ms-office, english proficiency (spoken), english proficiency (written)","1. pitching to new clients.
2. landing existing clients. 
3. creating a database.
4. fixing meetings.
5. dealing with event management.",No PPO Mentioned,Internshala
database,ceos office,hirednex,Work from home,"₹ 8,000 /month",6 Months,"ms-excel, interpersonal skills, effective communication","1. calendar & inbox management: manage the ceo’s calendar, schedule meetings, prioritize appointments, and handle rescheduling and conflicts. screen and prioritize meeting requests and emails; draft responses and meeting briefs when required.
2. meeting preparation & follow-up: prepare concise agendas, presentation decks, and brief notes for meetings. capture action items, assign owners, and monitor completion with timely follow-ups.
3. project support: work on special projects spanning operations, strategy, partnerships, and product initiatives. track project milestones, maintain status reports, and escalate risks or roadblocks proactively.
4. team coordination & task assignment: assign daily tasks to team members, set clear deadlines, and track progress to ensure timely delivery. facilitate daily/weekly stand-ups and coordinate inter-departmental collaboration.
5. execution & process improvement: implement and refine processes to boost team productivity and reduce execution gaps. drive continuous improvement through checklists, sops, and efficiency measures.
6. performance tracking & reporting: maintain trackers for kpis, task completion, and project timelines; share regular updates with the ceo.
7. ad-hoc responsibilities: handle confidential tasks, research, vendor coordination, and any other duties assigned by the ceo.",No PPO Mentioned,Internshala
database,operations,primescore fintech private limited,Jodhpur,"₹ 3,000 - 5,000 /month",3 Months,"ms-office, ms-word, ms-excel, english proficiency (spoken), english proficiency (written), written communication","1. manage and update client records, documents, and operational databases.
2. coordinate with customers, banks, nbfcs, and credit bureaus for case processing.
3. track the progress of credit rectification cases and monitor ongoing requests.
4. maintain crm records and ensure data accuracy.
5. prepare reports, mis, and operational documentation.
6. assist in customer onboarding, verification, and compliance processes.
7. follow up on pending requests and ensure timely resolution.
8. support the operations team in daily administrative and process-related activities.
9. identify process gaps and suggest operational improvements.
10. ensure smooth execution of day-to-day business operations.",No PPO Mentioned,Internshala
database,management information system (mis),mahendra gargieya,Jaipur,"₹ 5,000 - 10,000 /month",1 Month,"sql, data analytics, advanced excel, data analysis, google sheets","as a management information system intern, you will have the opportunity to apply your skills in advanced excel, google sheets, sql, data analysis, and data analytics to real-world business challenges. this internship will provide you with hands-on experience in managing and analyzing data to drive strategic decision-making within the company. 



1. assist in developing and maintaining databases to store and organize company data.
2. generate reports and dashboards using excel and google sheets to provide insights to management.
3. perform data cleaning, manipulation, and analysis to identify trends and patterns.
4. collaborate with cross-functional teams to gather data requirements and deliver solutions.
5. support in the implementation of new software systems to improve data management processes.
6. conduct research on best practices in mis and make recommendations for improvement.
7. present findings and recommendations to senior management to support business decisions. 

if you are a motivated and analytical individual looking to gain valuable experience in mis, this internship is the perfect opportunity for you to enhance your skills and make a meaningful impact on our business operations.",No PPO Mentioned,Internshala
database,operations and student engagement,sr's adypan edutech private limited,Work from home,"₹ 5,000 - 8,000 /month",6 Months,"lead generation, interpersonal skills, marketing, effective communication, management","1. assist in planning and coordinating virtual workshops, webinars, and educational events
2. support the team in conducting student surveys and collecting feedback on learning and career development needs
3. conduct research on industry trends, educational technologies, and student skill development requirements
4. create and organize digital content for educational programs, workshops, and career development initiatives
5. collaborate with internal teams to improve student engagement activities and learning experiences
6. maintain records of event participation, feedback, and project activities
7. participate in virtual meetings, training sessions, and team discussions
8. assist in preparing reports, presentations, and documentation related to ongoing projects
9. contribute ideas for improving student engagement and educational outreach initiatives
10. support execution of online learning and community-building activities",No PPO Mentioned,Internshala
database,business - sales and operations,sachi homes,Bangalore,"₹ 35,000 - 45,000 /month",3 Months,sales,"1. make outbound customer calls
2. coordinate with builders and supply teams
3. manage site visit operations
4. handle customer follow-ups
5. update and maintain the crm system
6. ensure smooth execution across the customer journey",No PPO Mentioned,Internshala
database,general management,poonia & associates,Jaipur,"₹ 3,000 - 5,000 /month",3 Months,"ms-office, ms-excel, english proficiency (spoken), english proficiency (written)","1. assist in daily office operations and maintain both physical and digital files and records.
2. coordinate effectively with different departments to ensure smooth workflow and communication.
3. handle emails and phone calls professionally while maintaining proper documentation and records.",No PPO Mentioned,Internshala
database,e-commerce operations,elite twist creations,Work from home,"₹ 1,010 - 12,000 /month",3 Months,"ms-excel, effective communication, variance analysis","1. order processing (15 mins): check dashboards (meesho) daily, process orders, and generate shipping labels.
2. update stock numbers across all platforms on a master google sheet to avoid stockouts.
3. cataloging & returns (30 mins): create 1-2 new product listings daily. 

skills required: ms-excel/google sheets, e-commerce, marketplace management, data analytics.

duration: 2-3 months
hours: 1-2 hours/day",No PPO Mentioned,Internshala
database,founder’s office,my healio,Jaipur,"₹ 2,000 - 5,000 /month","₹ 2,000 - 5,000 /month",management,"we are looking for a high-ownership, jack-of-all-trades intern to act as a right-hand to the founder. if you are tech-savvy, a fast learner, and ready to take the heavy lifting off the founder’s plate, this is for you.



1. multidisciplinary support: handling tasks across different fields (marketing, operations, research, and tech).
2. system management: managing workflows on notion and google workspace.
3. automation & ops: setting up/managing whatsapp apis and other productivity tools.
4. workload management: directly reducing the founder's administrative and operational burden.",Job offer upto ₹ 6LPA post internship,Internshala
database,ndr executive,ad2ship,Jaipur,"₹ 8,000 - 10,000 /month",3 Months,"effective communication, customer support","1. handle customer calls regarding delivery and shipment issues
2. resolve ndr cases by coordinating with customers and courier partners
3. update delivery remarks and maintain records in the system
4. follow up with customers for address, availability, or delivery confirmation
5. maintain proper communication and customer support",No PPO Mentioned,Internshala
database,customer service/customer support,beamcrew,"Adilabad, Karimnagar, Khammam, Peddapalli, Siddipet, Nirmal, Nizamabad, Jagtial, Nalgonda, Kamareddy, Rajanna Sircilla","₹ 5,000 - 8,000 /month",6 Months,"ms-office, ms-excel, english proficiency (spoken), hindi proficiency (spoken), telugu proficiency (spoken)","are you a highly motivated individual with a passion for customer service? join us at beamcrew as a customer service/customer support intern! as part of our dynamic team, you will have the opportunity to enhance your skills in ms-office, ms-excel, and both spoken and written proficiency in hindi and english. your responsibilities will include:

selected intern’s day-to-day responsibilities include:

1. assisting customers via phone, email, and chat to provide exceptional service and resolve inquiries.
2. maintaining accurate records of customer interactions and transactions.
3. collaborating with team members to ensure seamless communication and support.
4. utilizing ms-office and ms-excel to track and analyze customer data.
5. conducting follow-up calls to ensure customer satisfaction and retention.
6. contributing to the development of customer service strategies and initiatives.
7. continuously seeking opportunities for professional growth and learning in a fast-paced environment.

if you are a proactive problem-solver with excellent communication skills and a strong work ethic, we want to hear from you! join us at beamcrew and kickstart your career in customer service today.",Job offer starting ₹ 2LPA post internship,Internshala
database,operations,wattfin ventures private limited,Nagpur,"₹ 5,000 - 7,000 /month",6 Months,"ms-office, ms-word, ms-powerpoint, presentation skills, ms-excel, english proficiency (spoken), english proficiency (written)","1. drafting letters
2. setting files
3. making presentations
4. designing flyers in ai",No PPO Mentioned,Internshala
database,inside sales,studivantage,Bangalore,"₹ 10,000 - 12,000 /month",3 Months,sales,"1. contact and counsel prospective students regarding courses and programs.
2. understand student requirements and recommend suitable learning solutions.
3. follow up with leads via calls, emails, and whatsapp.
4. maintain accurate records of student interactions.
5. assist students with the admission and enrollment process.
6. achieve daily and weekly counseling and follow-up targets.",Job offer upto ₹ 3.5LPA post internship,Internshala
database,administration,holaint international llp,Jaipur,"₹ 15,000 - 15,001 /month","₹ 15,000 - 15,001 /month","ms-office, ms-word, ms-excel, effective communication","1. coordinate courier and shipment logistics.
2. collect and process invoices.
3. update and maintain excel records.
4. book hotels and manage travel arrangements.
5. visit suppliers and coordinate follow-ups.
6. provide administrative support.
7. support day-to-day business operations.",No PPO Mentioned,Internshala
database,customer success,jodo,Gwalior,"₹ 20,000 - 24,000 /month",2 Months,"sales management, sales support","1. increase jodo's market share
2. consultative selling by pitching jodo’s financial products to customers both in offline events and via telesales
3. building a long-term relationship with customers
4. understand customer concerns and relay them back to the product team to improve the product & application process",No PPO Mentioned,Internshala
database,general management,abhiram aabhushan,"Kumbhraj, Binaganj","₹ 3,000 - 5,000 /month",3 Months,hospitality,"1. looking after patients
2.yoga and naturopathy
3.file preperations",No PPO Mentioned,Internshala
database,telecalling,techcrux solutions private limited,Work from home,"₹ 7,500 - 15,000 /month",3 Months,"ms-excel, english proficiency (spoken), english proficiency (written), telugu proficiency (spoken)","1. make outbound calls to business prospects
2. follow up on website and marketing leads
3. introduce techcrux services and solutions
4. identify customer requirements and pain points
5. schedule online or in-person meetings for our consultants
6. send follow-up messages via whatsapp and email
7. maintain call records and update crm
8. coordinate with the sales team regarding scheduled meetings",No PPO Mentioned,Internshala
database,operations,yaara explorers,Work from home,"₹ 2,000 - 2,002 /month",3 Months,"time management, vendor management, ms-excel, problem solving, client relationship management (crm), effective communication, google sheets","1. manage day-to-day operational activities for trips and travel experiences.
2. identify and onboard new vendors and business partners for the company.
3. build and maintain strong relationships with suppliers and clients.
4. assist in creating and expanding the client base of the organization.
5. ensure timely execution and smooth management of travel operations.
6. resolve operational issues and client queries effectively.",No PPO Mentioned,Internshala
database,customer service/customer support,moojic,Work from home,"₹ 8,000 /month",5 Months,"ms-excel, english proficiency (spoken), english proficiency (written), hindi proficiency (spoken)","1. troubleshoot software issues using remote support
2. answer customer calls/queries regarding our service through tickets
3. ensure customers don't face any issues using our service and ensure customer satisfaction metrics are met",Job offer upto ₹ 3LPA post internship,Internshala
database,telecalling,indiiserve.ai,Work from home,"₹ 5,100 - 8,000 /month",3 Months,hindi proficiency (spoken),"1. telecalling
2.survey to be taken 
3. form to be filled basis the survey",No PPO Mentioned,Internshala
database,project management,vruksh ecosystems,Work from home,"₹ 3,000 - 5,000 /month",6 Months,"event management, project management","as a project management intern at vruksh ecosystems, you will have the opportunity to apply your skills in event management and project management to help drive our sustainable initiatives forward. join our dynamic team and gain hands-on experience in coordinating and executing various projects aimed at environmental conservation and community engagement. 

key responsibilities:
1. assist in planning and organizing events and workshops
2. collaborate with cross-functional teams to ensure project goals are met
3. support project managers in tracking timelines and budgets
4. conduct research on best practices in sustainability and event planning
5. assist in developing project plans and proposals
6. coordinate logistics for events and ensure smooth execution
7. help in monitoring and evaluating project outcomes to measure impact and success

if you are passionate about making a positive impact on the communities, and eager to learn and grow in the field of project management, then this internship opportunity is perfect for you. apply now and be a part of our mission to create a more sustainable future for all.",No PPO Mentioned,Internshala
database,account executive- influencer marketing,vyrl media,Work from home,"₹ 12,000 - 15,000 /month",3 Months,"client interaction, ms-excel, client relationship management (crm), client relationship, interpersonal skills, effective communication","as an account executive intern, you will work closely with the account management team to manage influencer marketing campaigns from planning to execution. this role is ideal for someone who enjoys communication, relationship management, project coordination, and working in a fast-paced agency environment.



1. assist in managing end-to-end influencer marketing campaigns.
2. coordinate with influencers, creator managers, and brand stakeholders.
3. support influencer sourcing, outreach, negotiations, and onboarding.
4. track campaign deliverables, timelines, approvals, and content submissions.
5. ensure smooth communication between clients, creators, and internal teams.
6. maintain campaign trackers, databases, and reporting documents.
7. monitor campaign performance and assist in preparing post-campaign reports.
8. follow up with creators for content, invoices, and campaign compliance.
9. support account managers in client meetings, campaign planning, and execution.
10. identify and resolve operational bottlenecks proactively.
11. maintain high standards of accuracy, professionalism, and responsiveness.

what you'll gain:
1. exposure to real influencer marketing campaigns.
2. opportunity to work with leading brands and creators.
3. mentorship from experienced marketing professionals.
4. fast-track learning in account management and client servicing.
5. potential full-time employment opportunity based on performance.",No PPO Mentioned,Internshala
database,chess data entry,chessworld ai,Work from home,"₹ 5,000 - 15,000 /month",3 Months,data entry,"1. create pgns from scoresheets.
2. validate chess games for accuracy and completeness.
3. ensure proper notation and data formatting of chess records.
4. review and verify moves against provided match scoresheets.
5. maintain consistency and quality in chess game data entry and validation.
6. candidates with a strong understanding of chess are preferred.",No PPO Mentioned,Internshala
database,operations,bookmystudio,Work from home,"₹ 4,000 /month",4 Months,"ms-office, english proficiency (spoken), hindi proficiency (spoken)","1. client verification: connect with clients immediately to verify project details and requirements.
2. vendor assignment: match and allocate the right vendor for the site visit.
3. schedule coordination: fix and align meeting times convenient for both client and vendor.
4. bridge communication: act as the primary touchpoint between clients and vendors to prevent gaps.
5. doorstep tracking: ensure the vendor reaches the client’s doorstep within the promised 10-minute window.
6. feedback collection: gather post-visit feedback from both parties to optimize service quality.",No PPO Mentioned,Internshala
database,project management,cv ghar,Work from home,"₹ 7,000 - 15,001 /month",3 Months,"leadership, ms-office, presentation skills, business research, english proficiency (written)","at cv ghar, we're building a modern recruitment platform that helps companies streamline hiring and connect with top talent. we're looking for a project management intern who is highly organized, proactive, and eager to gain hands-on experience managing real projects in a fast-paced startup environment. as a project management intern, you'll work closely with founders and cross-functional teams to ensure projects are executed efficiently and deadlines are met.



1. assist in planning, tracking, and managing ongoing projects and tasks.
2. coordinate with team members to collect updates and ensure timely completion of deliverables.
3. prepare project reports, documentation, and meeting summaries.
4. monitor project timelines and identify potential risks or delays.
5. conduct research and gather data to support project decisions.
6. help organize meetings, follow up on action items, and maintain project records.
7. support the implementation of new initiatives and operational improvements.",No PPO Mentioned,Internshala
database,operations,yellow slate,Work from home,"₹ 7,000 - 9,000 /month",3 Months,"ms-excel, canva, artificial intelligence, generative ai tools","as an operations intern at yellow slate, you will have the opportunity to work with cutting-edge technologies such as artificial intelligence and generative ai tools to streamline our operations. your expertise in ms excel and canva will be crucial in optimizing our processes and creating visually appealing content. 



1. utilizing ms excel to analyze data and create reports for decision-making.
2. implementing artificial intelligence tools to automate tasks and improve efficiency.
3. collaborating with team members to generate creative content using canva.
4. assisting in project management and coordination of various operational tasks.
5. researching industry trends and best practices to enhance operations.
6. contributing innovative ideas for process improvements and optimization.
7. supporting the team in day-to-day operations and contributing to the overall success of yellow slate. 

if you are a tech-savvy individual with a passion for operations and a desire to learn and grow in a dynamic environment, then this internship is perfect for you. join us at yellow slate and make a real impact on our operations!",No PPO Mentioned,Internshala
database,human resources (hr),lucent digital,Work from home,"₹ 8,000 - 8,500 /month",2 Months,"ms-office, team management, ms-word, time management, ms-excel, problem solving, coordination","key responsibilities:

recruitment & hr:

source and screen candidates for open positions.
coordinate interviews and candidate follow-ups.
assist with onboarding and employee documentation.
maintain hiring trackers and recruitment records.

operations & administration:

assist in organizing internal processes and documentation.
coordinate with team members to ensure tasks are completed on time.
manage reports, spreadsheets, and business records.
help streamline workflows and improve operational efficiency.
support founders with research, coordination, and administrative tasks.
assist in maintaining project and team management systems.

requirements:
strong communication skills (written and verbal).
good organizational and multitasking abilities.
comfortable using google sheets, docs, and other productivity tools.
ability to work independently and take ownership of tasks.
eagerness to learn and contribute across multiple business functions.

what you'll gain:
real-world experience in hr, recruitment, and business operations.
direct exposure to startup and agency workflows.
opportunity to work closely with leadership and learn business management.
a diverse role with significant learning and growth opportunities.

if you're someone who enjoys taking initiative, solving problems, and learning how businesses operate behind the scenes, we'd love to hear from you.
apply with your resume and a brief introduction.",No PPO Mentioned,Internshala
database,data entry,webrich software,Work from home,"₹ 7,000 - 10,000 /month",6 Months,"english proficiency (spoken), english proficiency (written)","1. review curriculum content to ensure clarity, accuracy, and completeness.
2. test quizzes, practice questions, explanations, and answer keys for correctness.
3. identify errors, unclear wording, missing steps, and incorrect solutions in educational content.
4. suggest improvements to make lessons and learning materials easier for students to understand.
5. document issues, feedback, and recommendations using spreadsheets or tracking systems.
6. verify that reported issues have been resolved accurately after revisions.",No PPO Mentioned,Internshala
power-bi,web development,dekhega india,Work from home,"₹ 5,000 - 10,000 /month",1 Month,"ms-office, wordpress, bootstrap, search engine optimization (seo), node.js, analytical thinking, ms-excel","1. design, develop, test, and maintain websites and web applications.
2. build responsive, mobile-friendly, and cross-browser compatible interfaces.
3. develop reusable, scalable, and maintainable code.
4. integrate front-end interfaces with back-end apis and databases.
5. optimize website performance, speed, and seo.
6. debug, troubleshoot, and resolve technical issues.
7. collaborate with ui/ux designers to implement intuitive user experiences.
8. ensure website security and data protection best practices.
9. participate in code reviews and maintain coding standards.
10. stay updated with emerging web technologies and industry trends.

if you are a motivated self-starter with a passion for web development and brand strategy, we want to hear from you! join us at dekhega india and take the first step towards a rewarding career in marketing. apply now!",Job offer upto ₹ 7LPA post internship,Internshala
power-bi,project management,think talent services private limited,Mumbai,"₹ 15,000 - 20,000 /month",4 Months,"ms-office, power bi, generative ai tools","about the role 
we are looking for a highly organized, proactive and detail-oriented program management intern who enjoys solving problems, coordinating with people, and making things happen. 
this role goes beyond administrative support. you will work closely with the program managers to manage various programs, coordinate multiple stakeholders, streamline operations, and build systems that improve execution. 
if you enjoy planning, communicating, learning new technology, and taking ownership, this role offers an excellent opportunity to build a career in program management. 
what you'll do:
program coordination: 
-support end-to-end execution of assessment and learning programs. 
-create and manage detailed project plans and trackers. 
-coordinate with participants, facilitators, clients and internal stakeholders. 
-track milestones, dependencies and timelines. 
-ensure smooth execution before, during and after each program. 
operations management:
-schedule meetings and coordinate calendars. 
-manage participant registrations and communications. 
-track attendance, assessments and program completion. 
-maintain documentation and project repositories. 
-prepare program reports and dashboards. 
stakeholder communication:
-draft professional emails and participant communications. 
-respond to participant queries via email, teams and whatsapp. 
-follow up with stakeholders to ensure timely completion of activities. 
-maintain a high-quality participant experience throughout the program. 
process improvement & automation (good to have):
-identify repetitive activities and recommend improvements. 
-assist in building automated workflows using microsoft forms, power automate and ai tools. 
-create templates, sops and knowledge repositories. 
-support continuous improvement initiatives. 
data & reporting:
-work extensively with excel. 
-create trackers, dashboards and summary reports. 
-analyze program data and identify trends. 
-present insights in a structured manner.",Job offer upto ₹ 3LPA post internship,Internshala
power-bi,fleet business development,corrit electric private electric,Greater Noida,"₹ 15,000 /month",6 Months,"ms-office, client interaction, problem solving, power bi, management","we are looking for a high-octane business development intern to drive our electric vehicle (ev) 2-wheeler fleet expansion. you will be at the forefront of the ev revolution, identifying b2b clients (logistics providers, e-commerce giants, and local hubs) that require large-scale fleets. this role requires a unique mix of corporate pitching and ground-level execution. you will also act as a vital bridge, translating client requirements into actionable feedback for our internal design and product teams. fluency in both hindi and english is essential for this role.



1. b2b fleet acquisition: pitch to and close deals with corporate and local b2b clients requiring high-volume ev 2w fleets.
2. client-to-design bridge: understand technical and operational client requirements (range, payload, attachments) and clearly convey them to the design team.
3. ground-level operations: use out-of-the-box thinking to expand business roots at the grassroots level, targeting local delivery networks and gig-worker clusters.
4. data management: utilize ms office (excel, word, powerpoint) to effectively manage, track, and convey lead data and client requirements.",No PPO Mentioned,Internshala
power-bi,supply chain & logistics operations,ishi & co.,Mumbai,"₹ 10,000 - 12,000 /month",3 Months,"operations, ms-excel, coordination, english proficiency (spoken), english proficiency (written), power bi, logistics management","responsible for managing end-to-end order execution, coordinating with factories/vendors, tracking production, and ensuring timely delivery with proper reporting.
1. factory follow-ups daily whatsapp/email follow-ups status checks on orders reminders
2. order tracking maintain excel trackers update status regularly flag delays
3. reporting weekly reports order summaries issue logs
4. coordination internal communication vendor coordination documentation",No PPO Mentioned,Internshala
power-bi,media & public relations (pr),puraskaar foundation,Work from home,Unpaid,4 Months,"social media marketing, blogging, ms-powerpoint, digital marketing, search engine optimization (seo), creative writing, adobe indesign","1. reaching out to large companies and organizations to explore opportunities for raising funds through their corporate social responsibility (csr) initiatives. 
2. drafting professional emails and proposals for corporate partnerships and following    up consistently with potential collaborators. 
3. using tools and strategies to effectively promote the puraskaar foundation’s    initiatives and expand its reach. 
4. writing engaging and insightful blogs on education, community outreach, and the foundation’s mission to create awareness and attract support. 
5. assisting in creating high-quality powerpoint presentations and documents to showcase the foundation's projects and initiatives to potential partners. 
6. collaborating with the team to brainstorm and implement innovative strategies for fundraising and awareness campaigns. 
7. conducting research to identify new opportunities and gather data for compelling pitches and content creation.",No PPO Mentioned,Internshala
data-visualization,customer success,hyreo,Thiruvananthapuram,"₹ 11,000 - 24,000 /month",6 Months,"ms-excel, data visualization, effective communication, data analysis","1. handle candidate queries through calls, emails, and chats in a professional manner.
2. work closely with recruiters and candidates to ensure a seamless hiring experience.
3. provide timely support and resolve candidate concerns effectively.
4. prepare and maintain dashboards, reports, and operational trackers.
5. analyze data and generate insights using ms excel.
6. coordinate with internal teams for product setup, configuration, and operational support.
7. collect candidate feedback and share actionable insights with the product and operations teams.
8. maintain accurate records of candidate interactions and support activities.
9. follow company communication standards and deliver a high-quality customer experience.",No PPO Mentioned,Internshala
data-visualization,architecture,studio nirlovya,Bhopal,"₹ 4,500 - 5,000 /month",3 Months,"autocad, google sketchup, data visualization, document management, architectural drafting","1. assist in the preparation of working drawings and design development drawings.
2. maintain drawing updates and documentation as projects progress.
3. participate in material selection and basic vendor coordination.
4. coordinate with site teams to understand on-ground execution.
5. support the team in detailing and documentation.
6. contribute to project discussions and internal reviews.",No PPO Mentioned,Internshala
data-visualization,recruitment consultant,high impact talent,Work from home,"₹ 4,000 - 11,000 lump sum",2 Months,"recruitment, ms-excel, data visualization, human resources, english proficiency (spoken), english proficiency (written), talent management","we’re looking for a motivated 'talent acquisition intern' to support our hiring efforts. you’ll gain hands-on experience in recruitment, sourcing, and employer branding while working closely with the hr and ta team.



1. assist in sourcing and screening candidates
2. schedule interviews and coordinate with hiring managers
3. maintain and update candidate databases
4. help with job postings on various platforms
5. support employer branding initiatives",Job offer upto ₹ 5LPA post internship,Internshala
data-visualization,graphic design,highway delite,Work from home,"₹ 15,000 /month",6 Months,"adobe creative suite, typography, ui & ux design, data visualization, figma","1. create engaging social media graphics, posters, and digital ads to strengthen brand identity across expanding business offerings.
2. assist the lead designer in developing icons, assets, and low-fidelity wireframes for the highway delite app and website.
3. design professional pitch decks, merchant onboarding brochures, and raksha qr marketing materials for b2b partners.
4. incorporate feedback from the design team and refine visuals to align with the traveler-first brand voice.
5. develop creative templates for internal hr initiatives and employee engagement projects.",No PPO Mentioned,Internshala
